excluir;unidade;ano;mes;grau;score;predicao_obito;saidas;obitos_esperados;obitos_ocorridos
01/2019;HAC;2019;1;I;0 a 4;4;0;0,0;0
01/2019;HAC;2019;1;II;5 a 9;8;2;0,16;0
01/2019;HAC;2019;1;III;10 a 14;15;9;1,35;2
01/2019;HAC;2019;1;IV;15 a 19;25;10;2,5;3
01/2019;HAC;2019;1;V;20 a 24;40;4;1,6;2
01/2019;HAC;2019;1;VI;25 a 29;55;1;0,55;1
01/2019;HAC;2019;1;VII;30 a 34;75;1;0,75;1
01/2019;HAC;2019;1;VIII;> 34;85;0;0,0;0
01/2019;HEM;2019;1;I;0 a 4;4;0;0,0;0
01/2019;HEM;2019;1;II;5 a 9;8;0;0,0;0
01/2019;HEM;2019;1;III;10 a 14;15;7;1,05;0
01/2019;HEM;2019;1;IV;15 a 19;25;5;1,25;2
01/2019;HEM;2019;1;V;20 a 24;40;5;2,0;0
01/2019;HEM;2019;1;VI;25 a 29;55;7;3,85;2
01/2019;HEM;2019;1;VII;30 a 34;75;1;0,75;1
01/2019;HEM;2019;1;VIII;> 34;85;4;3,4;4
01/2019;HJK;2019;1;I;0 a 4;4;89;3,5999999999999996;5
01/2019;HJK;2019;1;II;5 a 9;8;193;15,48;20
01/2019;HJK;2019;1;III;10 a 14;15;227;34,2;13
01/2019;HJK;2019;1;IV;15 a 19;25;217;54,35;30
01/2019;HJK;2019;1;V;20 a 24;40;138;55,2;28
01/2019;HJK;2019;1;VI;25 a 29;55;62;34,15;26
01/2019;HJK;2019;1;VII;30 a 34;75;33;24,85;14
01/2019;HJK;2019;1;VIII;> 34;85;20;17,05;16
01/2019;HJXXIII;2019;1;I;0 a 4;4;6;0,24;0
01/2019;HJXXIII;2019;1;II;5 a 9;8;11;0,88;1
01/2019;HJXXIII;2019;1;III;10 a 14;15;26;3,9;1
01/2019;HJXXIII;2019;1;IV;15 a 19;25;30;7,5;7
01/2019;HJXXIII;2019;1;V;20 a 24;40;28;11,2;7
01/2019;HJXXIII;2019;1;VI;25 a 29;55;26;14,3;1
01/2019;HJXXIII;2019;1;VII;30 a 34;75;1;0,75;0
01/2019;HJXXIII;2019;1;VIII;> 34;85;1;0,85;0
01/2019;HRAD;2019;1;I;0 a 4;4;3;0,12;0
01/2019;HRAD;2019;1;II;5 a 9;8;16;1,28;0
01/2019;HRAD;2019;1;III;10 a 14;15;16;2,4;1
01/2019;HRAD;2019;1;IV;15 a 19;25;14;3,5;3
01/2019;HRAD;2019;1;V;20 a 24;40;13;5,2;6
01/2019;HRAD;2019;1;VI;25 a 29;55;5;2,75;2
01/2019;HRAD;2019;1;VII;30 a 34;75;3;2,25;2
01/2019;HRAD;2019;1;VIII;> 34;85;1;0,85;0
01/2019;HRBJA;2019;1;I;0 a 4;4;0;0,0;0
01/2019;HRBJA;2019;1;II;5 a 9;8;0;0,0;0
01/2019;HRBJA;2019;1;III;10 a 14;15;0;0,0;0
01/2019;HRBJA;2019;1;IV;15 a 19;25;0;0,0;0
01/2019;HRBJA;2019;1;V;20 a 24;40;0;0,0;0
01/2019;HRBJA;2019;1;VI;25 a 29;55;0;0,0;0
01/2019;HRBJA;2019;1;VII;30 a 34;75;0;0,0;0
01/2019;HRBJA;2019;1;VIII;> 34;85;0;0,0;0
01/2019;HRJP;2019;1;I;0 a 4;4;0;0,0;0
01/2019;HRJP;2019;1;II;5 a 9;8;6;0,48;1
01/2019;HRJP;2019;1;III;10 a 14;15;15;2,25;3
01/2019;HRJP;2019;1;IV;15 a 19;25;13;3,25;2
01/2019;HRJP;2019;1;V;20 a 24;40;1;0,4;0
01/2019;HRJP;2019;1;VI;25 a 29;55;0;0,0;0
01/2019;HRJP;2019;1;VII;30 a 34;75;0;0,0;0
01/2019;HRJP;2019;1;VIII;> 34;85;0;0,0;0
01/2019;MOV;2019;1;I;0 a 4;4;0;0,0;0
01/2019;MOV;2019;1;II;5 a 9;8;0;0,0;0
01/2019;MOV;2019;1;III;10 a 14;15;0;0,0;0
01/2019;MOV;2019;1;IV;15 a 19;25;0;0,0;0
01/2019;MOV;2019;1;V;20 a 24;40;0;0,0;0
01/2019;MOV;2019;1;VI;25 a 29;55;0;0,0;0
01/2019;MOV;2019;1;VII;30 a 34;75;0;0,0;0
01/2019;MOV;2019;1;VIII;> 34;85;0;0,0;0
02/2019;HAC;2019;2;I;0 a 4;4;2;0,08;0
02/2019;HAC;2019;2;II;5 a 9;8;8;0,64;0
02/2019;HAC;2019;2;III;10 a 14;15;15;2,25;0
02/2019;HAC;2019;2;IV;15 a 19;25;10;2,5;0
02/2019;HAC;2019;2;V;20 a 24;40;3;1,2;0
02/2019;HAC;2019;2;VI;25 a 29;55;1;0,55;1
02/2019;HAC;2019;2;VII;30 a 34;75;0;0,0;0
02/2019;HAC;2019;2;VIII;> 34;85;0;0,0;0
02/2019;HEM;2019;2;I;0 a 4;4;0;0,0;0
02/2019;HEM;2019;2;II;5 a 9;8;3;0,24;0
02/2019;HEM;2019;2;III;10 a 14;15;3;0,45;1
02/2019;HEM;2019;2;IV;15 a 19;25;2;0,5;1
02/2019;HEM;2019;2;V;20 a 24;40;4;1,6;2
02/2019;HEM;2019;2;VI;25 a 29;55;4;2,2;1
02/2019;HEM;2019;2;VII;30 a 34;75;2;1,5;2
02/2019;HEM;2019;2;VIII;> 34;85;3;2,55;2
02/2019;HJK;2019;2;I;0 a 4;4;89;3,5999999999999996;5
02/2019;HJK;2019;2;II;5 a 9;8;195;15,64;20
02/2019;HJK;2019;2;III;10 a 14;15;237;35,7;14
02/2019;HJK;2019;2;IV;15 a 19;25;214;53,6;27
02/2019;HJK;2019;2;V;20 a 24;40;138;55,2;28
02/2019;HJK;2019;2;VI;25 a 29;55;64;35,25;25
02/2019;HJK;2019;2;VII;30 a 34;75;32;24,1;13
02/2019;HJK;2019;2;VIII;> 34;85;21;17,9;14
02/2019;HJXXIII;2019;2;I;0 a 4;4;5;0,2;0
02/2019;HJXXIII;2019;2;II;5 a 9;8;7;0,56;0
02/2019;HJXXIII;2019;2;III;10 a 14;15;16;2,4;2
02/2019;HJXXIII;2019;2;IV;15 a 19;25;38;9,5;3
02/2019;HJXXIII;2019;2;V;20 a 24;40;30;12,0;4
02/2019;HJXXIII;2019;2;VI;25 a 29;55;16;8,8;3
02/2019;HJXXIII;2019;2;VII;30 a 34;75;2;1,5;0
02/2019;HJXXIII;2019;2;VIII;> 34;85;5;4,25;2
02/2019;HRAD;2019;2;I;0 a 4;4;0;0,0;0
02/2019;HRAD;2019;2;II;5 a 9;8;15;1,2;0
02/2019;HRAD;2019;2;III;10 a 14;15;25;3,75;1
02/2019;HRAD;2019;2;IV;15 a 19;25;13;3,25;2
02/2019;HRAD;2019;2;V;20 a 24;40;6;2,4;2
02/2019;HRAD;2019;2;VI;25 a 29;55;2;1,1;2
02/2019;HRAD;2019;2;VII;30 a 34;75;2;1,5;2
02/2019;HRAD;2019;2;VIII;> 34;85;0;0,0;0
02/2019;HRBJA;2019;2;I;0 a 4;4;0;0,0;0
02/2019;HRBJA;2019;2;II;5 a 9;8;0;0,0;0
02/2019;HRBJA;2019;2;III;10 a 14;15;0;0,0;0
02/2019;HRBJA;2019;2;IV;15 a 19;25;0;0,0;0
02/2019;HRBJA;2019;2;V;20 a 24;40;0;0,0;0
02/2019;HRBJA;2019;2;VI;25 a 29;55;0;0,0;0
02/2019;HRBJA;2019;2;VII;30 a 34;75;0;0,0;0
02/2019;HRBJA;2019;2;VIII;> 34;85;0;0,0;0
02/2019;HRJP;2019;2;I;0 a 4;4;1;0,04;0
02/2019;HRJP;2019;2;II;5 a 9;8;3;0,24;0
02/2019;HRJP;2019;2;III;10 a 14;15;12;1,8;1
02/2019;HRJP;2019;2;IV;15 a 19;25;14;3,5;5
02/2019;HRJP;2019;2;V;20 a 24;40;0;0,0;0
02/2019;HRJP;2019;2;VI;25 a 29;55;0;0,0;0
02/2019;HRJP;2019;2;VII;30 a 34;75;0;0,0;0
02/2019;HRJP;2019;2;VIII;> 34;85;0;0,0;0
02/2019;MOV;2019;2;I;0 a 4;4;0;0,0;0
02/2019;MOV;2019;2;II;5 a 9;8;0;0,0;0
02/2019;MOV;2019;2;III;10 a 14;15;0;0,0;0
02/2019;MOV;2019;2;IV;15 a 19;25;0;0,0;0
02/2019;MOV;2019;2;V;20 a 24;40;0;0,0;0
02/2019;MOV;2019;2;VI;25 a 29;55;0;0,0;0
02/2019;MOV;2019;2;VII;30 a 34;75;0;0,0;0
02/2019;MOV;2019;2;VIII;> 34;85;0;0,0;0
03/2019;HAC;2019;3;I;0 a 4;4;3;0,12;0
03/2019;HAC;2019;3;II;5 a 9;8;9;0,72;0
03/2019;HAC;2019;3;III;10 a 14;15;10;1,5;0
03/2019;HAC;2019;3;IV;15 a 19;25;3;0,75;1
03/2019;HAC;2019;3;V;20 a 24;40;6;2,4;1
03/2019;HAC;2019;3;VI;25 a 29;55;3;1,65;0
03/2019;HAC;2019;3;VII;30 a 34;75;1;0,75;1
03/2019;HAC;2019;3;VIII;> 34;85;1;0,85;0
03/2019;HEM;2019;3;I;0 a 4;4;0;0,0;0
03/2019;HEM;2019;3;II;5 a 9;8;3;0,24;0
03/2019;HEM;2019;3;III;10 a 14;15;7;1,05;0
03/2019;HEM;2019;3;IV;15 a 19;25;18;4,5;5
03/2019;HEM;2019;3;V;20 a 24;40;2;0,8;1
03/2019;HEM;2019;3;VI;25 a 29;55;1;0,55;0
03/2019;HEM;2019;3;VII;30 a 34;75;5;3,75;3
03/2019;HEM;2019;3;VIII;> 34;85;1;0,85;1
03/2019;HJK;2019;3;I;0 a 4;4;89;3,5999999999999996;5
03/2019;HJK;2019;3;II;5 a 9;8;198;15,88;20
03/2019;HJK;2019;3;III;10 a 14;15;237;35,7;13
03/2019;HJK;2019;3;IV;15 a 19;25;212;53,1;28
03/2019;HJK;2019;3;V;20 a 24;40;139;55,6;28
03/2019;HJK;2019;3;VI;25 a 29;55;65;35,8;26
03/2019;HJK;2019;3;VII;30 a 34;75;30;22,6;13
03/2019;HJK;2019;3;VIII;> 34;85;17;14,5;14
03/2019;HJXXIII;2019;3;I;0 a 4;4;3;0,12;0
03/2019;HJXXIII;2019;3;II;5 a 9;8;12;0,96;0
03/2019;HJXXIII;2019;3;III;10 a 14;15;39;5,85;2
03/2019;HJXXIII;2019;3;IV;15 a 19;25;40;10,0;5
03/2019;HJXXIII;2019;3;V;20 a 24;40;18;7,2;7
03/2019;HJXXIII;2019;3;VI;25 a 29;55;5;2,75;0
03/2019;HJXXIII;2019;3;VII;30 a 34;75;3;2,25;1
03/2019;HJXXIII;2019;3;VIII;> 34;85;4;3,4;2
03/2019;HRAD;2019;3;I;0 a 4;4;8;0,32;0
03/2019;HRAD;2019;3;II;5 a 9;8;18;1,44;0
03/2019;HRAD;2019;3;III;10 a 14;15;8;1,2;0
03/2019;HRAD;2019;3;IV;15 a 19;25;16;4,0;4
03/2019;HRAD;2019;3;V;20 a 24;40;14;5,6;5
03/2019;HRAD;2019;3;VI;25 a 29;55;3;1,6500000000000001;0
03/2019;HRAD;2019;3;VII;30 a 34;75;2;1,5;2
03/2019;HRAD;2019;3;VIII;> 34;85;0;0,0;0
03/2019;HRBJA;2019;3;I;0 a 4;4;0;0,0;0
03/2019;HRBJA;2019;3;II;5 a 9;8;0;0,0;0
03/2019;HRBJA;2019;3;III;10 a 14;15;0;0,0;0
03/2019;HRBJA;2019;3;IV;15 a 19;25;0;0,0;0
03/2019;HRBJA;2019;3;V;20 a 24;40;0;0,0;0
03/2019;HRBJA;2019;3;VI;25 a 29;55;0;0,0;0
03/2019;HRBJA;2019;3;VII;30 a 34;75;0;0,0;0
03/2019;HRBJA;2019;3;VIII;> 34;85;0;0,0;0
03/2019;HRJP;2019;3;I;0 a 4;4;0;0,0;0
03/2019;HRJP;2019;3;II;5 a 9;8;2;0,16;0
03/2019;HRJP;2019;3;III;10 a 14;15;15;2,25;1
03/2019;HRJP;2019;3;IV;15 a 19;25;13;3,25;2
03/2019;HRJP;2019;3;V;20 a 24;40;1;0,4;1
03/2019;HRJP;2019;3;VI;25 a 29;55;0;0,0;0
03/2019;HRJP;2019;3;VII;30 a 34;75;0;0,0;0
03/2019;HRJP;2019;3;VIII;> 34;85;0;0,0;0
03/2019;MOV;2019;3;I;0 a 4;4;0;0,0;0
03/2019;MOV;2019;3;II;5 a 9;8;0;0,0;0
03/2019;MOV;2019;3;III;10 a 14;15;0;0,0;0
03/2019;MOV;2019;3;IV;15 a 19;25;0;0,0;0
03/2019;MOV;2019;3;V;20 a 24;40;0;0,0;0
03/2019;MOV;2019;3;VI;25 a 29;55;0;0,0;0
03/2019;MOV;2019;3;VII;30 a 34;75;0;0,0;0
03/2019;MOV;2019;3;VIII;> 34;85;0;0,0;0
04/2019;HAC;2019;4;I;0 a 4;4;0;0,0;0
04/2019;HAC;2019;4;II;5 a 9;8;6;0,48;1
04/2019;HAC;2019;4;III;10 a 14;15;17;2,55;0
04/2019;HAC;2019;4;IV;15 a 19;25;9;2,25;0
04/2019;HAC;2019;4;V;20 a 24;40;4;1,6;2
04/2019;HAC;2019;4;VI;25 a 29;55;1;0,55;0
04/2019;HAC;2019;4;VII;30 a 34;75;0;0,0;0
04/2019;HAC;2019;4;VIII;> 34;85;1;0,85;0
04/2019;HEM;2019;4;I;0 a 4;4;0;0,0;0
04/2019;HEM;2019;4;II;5 a 9;8;5;0,4;0
04/2019;HEM;2019;4;III;10 a 14;15;16;2,4;2
04/2019;HEM;2019;4;IV;15 a 19;25;12;3,0;2
04/2019;HEM;2019;4;V;20 a 24;40;2;0,8;0
04/2019;HEM;2019;4;VI;25 a 29;55;4;2,2;1
04/2019;HEM;2019;4;VII;30 a 34;75;1;0,75;1
04/2019;HEM;2019;4;VIII;> 34;85;2;1,7;2
04/2019;HJK;2019;4;I;0 a 4;4;89;3,5999999999999996;5
04/2019;HJK;2019;4;II;5 a 9;8;192;15,4;20
04/2019;HJK;2019;4;III;10 a 14;15;226;34,05;12
04/2019;HJK;2019;4;IV;15 a 19;25;226;56,6;28
04/2019;HJK;2019;4;V;20 a 24;40;144;57,6;27
04/2019;HJK;2019;4;VI;25 a 29;55;64;35,25;25
04/2019;HJK;2019;4;VII;30 a 34;75;33;24,85;15
04/2019;HJK;2019;4;VIII;> 34;85;19;16,2;15
04/2019;HJXXIII;2019;4;I;0 a 4;4;2;0,08;0
04/2019;HJXXIII;2019;4;II;5 a 9;8;9;0,72;1
04/2019;HJXXIII;2019;4;III;10 a 14;15;36;5,4;1
04/2019;HJXXIII;2019;4;IV;15 a 19;25;26;6,5;1
04/2019;HJXXIII;2019;4;V;20 a 24;40;19;7,6;6
04/2019;HJXXIII;2019;4;VI;25 a 29;55;11;6,05;5
04/2019;HJXXIII;2019;4;VII;30 a 34;75;5;3,75;1
04/2019;HJXXIII;2019;4;VIII;> 34;85;1;0,85;1
04/2019;HRAD;2019;4;I;0 a 4;4;3;0,12;0
04/2019;HRAD;2019;4;II;5 a 9;8;15;1,2;0
04/2019;HRAD;2019;4;III;10 a 14;15;14;2,1;0
04/2019;HRAD;2019;4;IV;15 a 19;25;11;2,75;1
04/2019;HRAD;2019;4;V;20 a 24;40;10;4,0;3
04/2019;HRAD;2019;4;VI;25 a 29;55;7;3,85;5
04/2019;HRAD;2019;4;VII;30 a 34;75;3;2,25;1
04/2019;HRAD;2019;4;VIII;> 34;85;2;1,7;2
04/2019;HRBJA;2019;4;I;0 a 4;4;0;0,0;0
04/2019;HRBJA;2019;4;II;5 a 9;8;0;0,0;0
04/2019;HRBJA;2019;4;III;10 a 14;15;0;0,0;0
04/2019;HRBJA;2019;4;IV;15 a 19;25;0;0,0;0
04/2019;HRBJA;2019;4;V;20 a 24;40;0;0,0;0
04/2019;HRBJA;2019;4;VI;25 a 29;55;0;0,0;0
04/2019;HRBJA;2019;4;VII;30 a 34;75;0;0,0;0
04/2019;HRBJA;2019;4;VIII;> 34;85;0;0,0;0
04/2019;HRJP;2019;4;I;0 a 4;4;1;0,04;0
04/2019;HRJP;2019;4;II;5 a 9;8;5;0,4;0
04/2019;HRJP;2019;4;III;10 a 14;15;18;2,7;2
04/2019;HRJP;2019;4;IV;15 a 19;25;11;2,75;4
04/2019;HRJP;2019;4;V;20 a 24;40;1;0,4;1
04/2019;HRJP;2019;4;VI;25 a 29;55;0;0,0;0
04/2019;HRJP;2019;4;VII;30 a 34;75;0;0,0;0
04/2019;HRJP;2019;4;VIII;> 34;85;0;0,0;0
04/2019;MOV;2019;4;I;0 a 4;4;0;0,0;0
04/2019;MOV;2019;4;II;5 a 9;8;0;0,0;0
04/2019;MOV;2019;4;III;10 a 14;15;0;0,0;0
04/2019;MOV;2019;4;IV;15 a 19;25;0;0,0;0
04/2019;MOV;2019;4;V;20 a 24;40;0;0,0;0
04/2019;MOV;2019;4;VI;25 a 29;55;0;0,0;0
04/2019;MOV;2019;4;VII;30 a 34;75;0;0,0;0
04/2019;MOV;2019;4;VIII;> 34;85;0;0,0;0
05/2019;HAC;2019;5;I;0 a 4;4;1;0,04;0
05/2019;HAC;2019;5;II;5 a 9;8;5;0,4;0
05/2019;HAC;2019;5;III;10 a 14;15;16;2,4;1
05/2019;HAC;2019;5;IV;15 a 19;25;4;1,0;2
05/2019;HAC;2019;5;V;20 a 24;40;4;1,6;4
05/2019;HAC;2019;5;VI;25 a 29;55;2;1,1;2
05/2019;HAC;2019;5;VII;30 a 34;75;0;0,0;0
05/2019;HAC;2019;5;VIII;> 34;85;1;0,85;0
05/2019;HEM;2019;5;I;0 a 4;4;0;0,0;0
05/2019;HEM;2019;5;II;5 a 9;8;3;0,24;0
05/2019;HEM;2019;5;III;10 a 14;15;11;1,65;1
05/2019;HEM;2019;5;IV;15 a 19;25;7;1,75;0
05/2019;HEM;2019;5;V;20 a 24;40;8;3,2;1
05/2019;HEM;2019;5;VI;25 a 29;55;5;2,75;2
05/2019;HEM;2019;5;VII;30 a 34;75;2;1,5;1
05/2019;HEM;2019;5;VIII;> 34;85;2;1,7;2
05/2019;HJK;2019;5;I;0 a 4;4;89;3,5999999999999996;5
05/2019;HJK;2019;5;II;5 a 9;8;194;15,56;20
05/2019;HJK;2019;5;III;10 a 14;15;233;35,1;13
05/2019;HJK;2019;5;IV;15 a 19;25;208;52,1;27
05/2019;HJK;2019;5;V;20 a 24;40;136;54,4;27
05/2019;HJK;2019;5;VI;25 a 29;55;71;39,099999999999994;27
05/2019;HJK;2019;5;VII;30 a 34;75;33;24,85;14
05/2019;HJK;2019;5;VIII;> 34;85;17;14,5;13
05/2019;HJXXIII;2019;5;I;0 a 4;4;9;0,36;2
05/2019;HJXXIII;2019;5;II;5 a 9;8;9;0,72;0
05/2019;HJXXIII;2019;5;III;10 a 14;15;36;5,4;3
05/2019;HJXXIII;2019;5;IV;15 a 19;25;31;7,75;8
05/2019;HJXXIII;2019;5;V;20 a 24;40;22;8,8;9
05/2019;HJXXIII;2019;5;VI;25 a 29;55;11;6,05;8
05/2019;HJXXIII;2019;5;VII;30 a 34;75;3;2,25;2
05/2019;HJXXIII;2019;5;VIII;> 34;85;1;0,85;1
05/2019;HRAD;2019;5;I;0 a 4;4;1;0,04;0
05/2019;HRAD;2019;5;II;5 a 9;8;11;0,8800000000000001;0
05/2019;HRAD;2019;5;III;10 a 14;15;20;3,0;1
05/2019;HRAD;2019;5;IV;15 a 19;25;11;2,75;2
05/2019;HRAD;2019;5;V;20 a 24;40;8;3,2;2
05/2019;HRAD;2019;5;VI;25 a 29;55;4;2,2;2
05/2019;HRAD;2019;5;VII;30 a 34;75;2;1,5;0
05/2019;HRAD;2019;5;VIII;> 34;85;1;0,85;0
05/2019;HRBJA;2019;5;I;0 a 4;4;0;0,0;0
05/2019;HRBJA;2019;5;II;5 a 9;8;0;0,0;0
05/2019;HRBJA;2019;5;III;10 a 14;15;0;0,0;0
05/2019;HRBJA;2019;5;IV;15 a 19;25;0;0,0;0
05/2019;HRBJA;2019;5;V;20 a 24;40;0;0,0;0
05/2019;HRBJA;2019;5;VI;25 a 29;55;0;0,0;0
05/2019;HRBJA;2019;5;VII;30 a 34;75;0;0,0;0
05/2019;HRBJA;2019;5;VIII;> 34;85;0;0,0;0
05/2019;HRJP;2019;5;I;0 a 4;4;0;0,0;0
05/2019;HRJP;2019;5;II;5 a 9;8;6;0,48;0
05/2019;HRJP;2019;5;III;10 a 14;15;10;1,5;0
05/2019;HRJP;2019;5;IV;15 a 19;25;11;2,75;1
05/2019;HRJP;2019;5;V;20 a 24;40;1;0,4;1
05/2019;HRJP;2019;5;VI;25 a 29;55;0;0,0;0
05/2019;HRJP;2019;5;VII;30 a 34;75;0;0,0;0
05/2019;HRJP;2019;5;VIII;> 34;85;0;0,0;0
05/2019;MOV;2019;5;I;0 a 4;4;0;0,0;0
05/2019;MOV;2019;5;II;5 a 9;8;0;0,0;0
05/2019;MOV;2019;5;III;10 a 14;15;0;0,0;0
05/2019;MOV;2019;5;IV;15 a 19;25;0;0,0;0
05/2019;MOV;2019;5;V;20 a 24;40;0;0,0;0
05/2019;MOV;2019;5;VI;25 a 29;55;0;0,0;0
05/2019;MOV;2019;5;VII;30 a 34;75;0;0,0;0
05/2019;MOV;2019;5;VIII;> 34;85;0;0,0;0
06/2019;HAC;2019;6;I;0 a 4;4;2;0,08;0
06/2019;HAC;2019;6;II;5 a 9;8;6;0,48;0
06/2019;HAC;2019;6;III;10 a 14;15;8;1,2;1
06/2019;HAC;2019;6;IV;15 a 19;25;5;1,25;1
06/2019;HAC;2019;6;V;20 a 24;40;1;0,4;1
06/2019;HAC;2019;6;VI;25 a 29;55;1;0,55;1
06/2019;HAC;2019;6;VII;30 a 34;75;0;0,0;0
06/2019;HAC;2019;6;VIII;> 34;85;0;0,0;0
06/2019;HEM;2019;6;I;0 a 4;4;1;0,04;0
06/2019;HEM;2019;6;II;5 a 9;8;7;0,56;0
06/2019;HEM;2019;6;III;10 a 14;15;11;1,65;1
06/2019;HEM;2019;6;IV;15 a 19;25;5;1,25;2
06/2019;HEM;2019;6;V;20 a 24;40;3;1,2;1
06/2019;HEM;2019;6;VI;25 a 29;55;3;1,65;1
06/2019;HEM;2019;6;VII;30 a 34;75;4;3,0;3
06/2019;HEM;2019;6;VIII;> 34;85;3;2,55;3
06/2019;HJK;2019;6;I;0 a 4;4;89;3,5999999999999996;5
06/2019;HJK;2019;6;II;5 a 9;8;196;15,72;20
06/2019;HJK;2019;6;III;10 a 14;15;231;34,8;12
06/2019;HJK;2019;6;IV;15 a 19;25;209;52,35;28
06/2019;HJK;2019;6;V;20 a 24;40;139;55,6;29
06/2019;HJK;2019;6;VI;25 a 29;55;65;35,8;24
06/2019;HJK;2019;6;VII;30 a 34;75;37;27,85;17
06/2019;HJK;2019;6;VIII;> 34;85;19;16,2;15
06/2019;HJXXIII;2019;6;I;0 a 4;4;7;0,28;0
06/2019;HJXXIII;2019;6;II;5 a 9;8;10;0,8;0
06/2019;HJXXIII;2019;6;III;10 a 14;15;23;3,45;0
06/2019;HJXXIII;2019;6;IV;15 a 19;25;34;8,5;1
06/2019;HJXXIII;2019;6;V;20 a 24;40;12;4,8;2
06/2019;HJXXIII;2019;6;VI;25 a 29;55;11;6,05;5
06/2019;HJXXIII;2019;6;VII;30 a 34;75;3;2,25;3
06/2019;HJXXIII;2019;6;VIII;> 34;85;0;0,0;0
06/2019;HRAD;2019;6;I;0 a 4;4;0;0,0;0
06/2019;HRAD;2019;6;II;5 a 9;8;7;0,5599999999999999;0
06/2019;HRAD;2019;6;III;10 a 14;15;16;2,4000000000000004;2
06/2019;HRAD;2019;6;IV;15 a 19;25;12;3,0;2
06/2019;HRAD;2019;6;V;20 a 24;40;5;2,0;2
06/2019;HRAD;2019;6;VI;25 a 29;55;8;4,4;3
06/2019;HRAD;2019;6;VII;30 a 34;75;5;3,75;2
06/2019;HRAD;2019;6;VIII;> 34;85;29;24,650000000000002;1
06/2019;HRBJA;2019;6;I;0 a 4;4;0;0,0;0
06/2019;HRBJA;2019;6;II;5 a 9;8;0;0,0;0
06/2019;HRBJA;2019;6;III;10 a 14;15;0;0,0;0
06/2019;HRBJA;2019;6;IV;15 a 19;25;0;0,0;0
06/2019;HRBJA;2019;6;V;20 a 24;40;0;0,0;0
06/2019;HRBJA;2019;6;VI;25 a 29;55;0;0,0;0
06/2019;HRBJA;2019;6;VII;30 a 34;75;0;0,0;0
06/2019;HRBJA;2019;6;VIII;> 34;85;0;0,0;0
06/2019;HRJP;2019;6;I;0 a 4;4;0;0,0;0
06/2019;HRJP;2019;6;II;5 a 9;8;6;0,48;0
06/2019;HRJP;2019;6;III;10 a 14;15;15;2,25;2
06/2019;HRJP;2019;6;IV;15 a 19;25;11;2,75;3
06/2019;HRJP;2019;6;V;20 a 24;40;0;0,0;0
06/2019;HRJP;2019;6;VI;25 a 29;55;0;0,0;0
06/2019;HRJP;2019;6;VII;30 a 34;75;0;0,0;0
06/2019;HRJP;2019;6;VIII;> 34;85;0;0,0;0
06/2019;MOV;2019;6;I;0 a 4;4;0;0,0;0
06/2019;MOV;2019;6;II;5 a 9;8;0;0,0;0
06/2019;MOV;2019;6;III;10 a 14;15;0;0,0;0
06/2019;MOV;2019;6;IV;15 a 19;25;0;0,0;0
06/2019;MOV;2019;6;V;20 a 24;40;0;0,0;0
06/2019;MOV;2019;6;VI;25 a 29;55;0;0,0;0
06/2019;MOV;2019;6;VII;30 a 34;75;0;0,0;0
06/2019;MOV;2019;6;VIII;> 34;85;0;0,0;0
07/2019;HAC;2019;7;I;0 a 4;4;3;0,12;0
07/2019;HAC;2019;7;II;5 a 9;8;7;0,56;0
07/2019;HAC;2019;7;III;10 a 14;15;8;1,2;2
07/2019;HAC;2019;7;IV;15 a 19;25;9;2,25;1
07/2019;HAC;2019;7;V;20 a 24;40;4;1,6;1
07/2019;HAC;2019;7;VI;25 a 29;55;1;0,55;0
07/2019;HAC;2019;7;VII;30 a 34;75;1;0,75;0
07/2019;HAC;2019;7;VIII;> 34;85;0;0,0;0
07/2019;HEM;2019;7;I;0 a 4;4;0;0,0;0
07/2019;HEM;2019;7;II;5 a 9;8;2;0,16;0
07/2019;HEM;2019;7;III;10 a 14;15;3;0,45;0
07/2019;HEM;2019;7;IV;15 a 19;25;5;1,25;0
07/2019;HEM;2019;7;V;20 a 24;40;6;2,4;3
07/2019;HEM;2019;7;VI;25 a 29;55;4;2,2;3
07/2019;HEM;2019;7;VII;30 a 34;75;3;2,25;0
07/2019;HEM;2019;7;VIII;> 34;85;3;2,55;1
07/2019;HJK;2019;7;I;0 a 4;4;89;3,5999999999999996;5
07/2019;HJK;2019;7;II;5 a 9;8;197;15,8;21
07/2019;HJK;2019;7;III;10 a 14;15;240;36,15;14
07/2019;HJK;2019;7;IV;15 a 19;25;215;53,85;27
07/2019;HJK;2019;7;V;20 a 24;40;139;55,6;27
07/2019;HJK;2019;7;VI;25 a 29;55;70;38,55;26
07/2019;HJK;2019;7;VII;30 a 34;75;33;24,85;13
07/2019;HJK;2019;7;VIII;> 34;85;20;17,05;15
07/2019;HJXXIII;2019;7;I;0 a 4;4;6;0,24;0
07/2019;HJXXIII;2019;7;II;5 a 9;8;20;1,6;3
07/2019;HJXXIII;2019;7;III;10 a 14;15;28;4,2;1
07/2019;HJXXIII;2019;7;IV;15 a 19;25;52;13,0;8
07/2019;HJXXIII;2019;7;V;20 a 24;40;18;7,2;4
07/2019;HJXXIII;2019;7;VI;25 a 29;55;15;8,25;5
07/2019;HJXXIII;2019;7;VII;30 a 34;75;4;3,0;4
07/2019;HJXXIII;2019;7;VIII;> 34;85;2;1,7;0
07/2019;HRAD;2019;7;I;0 a 4;4;3;0,12;0
07/2019;HRAD;2019;7;II;5 a 9;8;16;1,28;1
07/2019;HRAD;2019;7;III;10 a 14;15;16;2,4;0
07/2019;HRAD;2019;7;IV;15 a 19;25;15;3,75;1
07/2019;HRAD;2019;7;V;20 a 24;40;4;1,6;2
07/2019;HRAD;2019;7;VI;25 a 29;55;4;2,2;3
07/2019;HRAD;2019;7;VII;30 a 34;75;3;2,25;1
07/2019;HRAD;2019;7;VIII;> 34;85;2;1,7;2
07/2019;HRBJA;2019;7;I;0 a 4;4;0;0,0;0
07/2019;HRBJA;2019;7;II;5 a 9;8;0;0,0;0
07/2019;HRBJA;2019;7;III;10 a 14;15;0;0,0;0
07/2019;HRBJA;2019;7;IV;15 a 19;25;0;0,0;0
07/2019;HRBJA;2019;7;V;20 a 24;40;0;0,0;0
07/2019;HRBJA;2019;7;VI;25 a 29;55;0;0,0;0
07/2019;HRBJA;2019;7;VII;30 a 34;75;0;0,0;0
07/2019;HRBJA;2019;7;VIII;> 34;85;0;0,0;0
07/2019;HRJP;2019;7;I;0 a 4;4;1;0,04;0
07/2019;HRJP;2019;7;II;5 a 9;8;6;0,48;0
07/2019;HRJP;2019;7;III;10 a 14;15;10;1,5;2
07/2019;HRJP;2019;7;IV;15 a 19;25;17;4,25;2
07/2019;HRJP;2019;7;V;20 a 24;40;1;0,4;0
07/2019;HRJP;2019;7;VI;25 a 29;55;0;0,0;0
07/2019;HRJP;2019;7;VII;30 a 34;75;0;0,0;0
07/2019;HRJP;2019;7;VIII;> 34;85;0;0,0;0
07/2019;MOV;2019;7;I;0 a 4;4;0;0,0;0
07/2019;MOV;2019;7;II;5 a 9;8;0;0,0;0
07/2019;MOV;2019;7;III;10 a 14;15;0;0,0;0
07/2019;MOV;2019;7;IV;15 a 19;25;0;0,0;0
07/2019;MOV;2019;7;V;20 a 24;40;0;0,0;0
07/2019;MOV;2019;7;VI;25 a 29;55;0;0,0;0
07/2019;MOV;2019;7;VII;30 a 34;75;0;0,0;0
07/2019;MOV;2019;7;VIII;> 34;85;0;0,0;0
08/2019;HAC;2019;8;I;0 a 4;4;0;0,0;0
08/2019;HAC;2019;8;II;5 a 9;8;6;0,48;0
08/2019;HAC;2019;8;III;10 a 14;15;9;1,35;1
08/2019;HAC;2019;8;IV;15 a 19;25;3;0,75;0
08/2019;HAC;2019;8;V;20 a 24;40;2;0,8;1
08/2019;HAC;2019;8;VI;25 a 29;55;6;3,3;4
08/2019;HAC;2019;8;VII;30 a 34;75;2;1,5;1
08/2019;HAC;2019;8;VIII;> 34;85;1;0,85;0
08/2019;HEM;2019;8;I;0 a 4;4;0;0,0;0
08/2019;HEM;2019;8;II;5 a 9;8;0;0,0;0
08/2019;HEM;2019;8;III;10 a 14;15;2;0,3;0
08/2019;HEM;2019;8;IV;15 a 19;25;5;1,25;1
08/2019;HEM;2019;8;V;20 a 24;40;4;1,6;0
08/2019;HEM;2019;8;VI;25 a 29;55;7;3,85;0
08/2019;HEM;2019;8;VII;30 a 34;75;1;0,75;1
08/2019;HEM;2019;8;VIII;> 34;85;5;4,25;3
08/2019;HJK;2019;8;I;0 a 4;4;89;3,5999999999999996;5
08/2019;HJK;2019;8;II;5 a 9;8;196;15,72;20
08/2019;HJK;2019;8;III;10 a 14;15;227;34,2;13
08/2019;HJK;2019;8;IV;15 a 19;25;220;55,1;27
08/2019;HJK;2019;8;V;20 a 24;40;139;55,6;28
08/2019;HJK;2019;8;VI;25 a 29;55;67;36,9;23
08/2019;HJK;2019;8;VII;30 a 34;75;34;25,6;15
08/2019;HJK;2019;8;VIII;> 34;85;19;16,2;13
08/2019;HJXXIII;2019;8;I;0 a 4;4;4;0,16;0
08/2019;HJXXIII;2019;8;II;5 a 9;8;20;1,6;0
08/2019;HJXXIII;2019;8;III;10 a 14;15;31;4,65;2
08/2019;HJXXIII;2019;8;IV;15 a 19;25;36;9,0;4
08/2019;HJXXIII;2019;8;V;20 a 24;40;22;8,8;9
08/2019;HJXXIII;2019;8;VI;25 a 29;55;10;5,5;3
08/2019;HJXXIII;2019;8;VII;30 a 34;75;2;1,5;2
08/2019;HJXXIII;2019;8;VIII;> 34;85;2;1,7;2
08/2019;HRAD;2019;8;I;0 a 4;4;0;0,0;0
08/2019;HRAD;2019;8;II;5 a 9;8;10;0,7999999999999999;0
08/2019;HRAD;2019;8;III;10 a 14;15;14;2,1;0
08/2019;HRAD;2019;8;IV;15 a 19;25;22;5,5;0
08/2019;HRAD;2019;8;V;20 a 24;40;14;5,6;2
08/2019;HRAD;2019;8;VI;25 a 29;55;9;4,95;4
08/2019;HRAD;2019;8;VII;30 a 34;75;0;0,0;0
08/2019;HRAD;2019;8;VIII;> 34;85;0;0,0;0
08/2019;HRBJA;2019;8;I;0 a 4;4;0;0,0;0
08/2019;HRBJA;2019;8;II;5 a 9;8;0;0,0;0
08/2019;HRBJA;2019;8;III;10 a 14;15;0;0,0;0
08/2019;HRBJA;2019;8;IV;15 a 19;25;0;0,0;0
08/2019;HRBJA;2019;8;V;20 a 24;40;0;0,0;0
08/2019;HRBJA;2019;8;VI;25 a 29;55;0;0,0;0
08/2019;HRBJA;2019;8;VII;30 a 34;75;0;0,0;0
08/2019;HRBJA;2019;8;VIII;> 34;85;0;0,0;0
08/2019;HRJP;2019;8;I;0 a 4;4;1;0,04;0
08/2019;HRJP;2019;8;II;5 a 9;8;12;0,96;1
08/2019;HRJP;2019;8;III;10 a 14;15;9;1,35;2
08/2019;HRJP;2019;8;IV;15 a 19;25;14;3,5;2
08/2019;HRJP;2019;8;V;20 a 24;40;4;1,6;1
08/2019;HRJP;2019;8;VI;25 a 29;55;0;0,0;0
08/2019;HRJP;2019;8;VII;30 a 34;75;0;0,0;0
08/2019;HRJP;2019;8;VIII;> 34;85;0;0,0;0
08/2019;MOV;2019;8;I;0 a 4;4;0;0,0;0
08/2019;MOV;2019;8;II;5 a 9;8;0;0,0;0
08/2019;MOV;2019;8;III;10 a 14;15;0;0,0;0
08/2019;MOV;2019;8;IV;15 a 19;25;0;0,0;0
08/2019;MOV;2019;8;V;20 a 24;40;0;0,0;0
08/2019;MOV;2019;8;VI;25 a 29;55;0;0,0;0
08/2019;MOV;2019;8;VII;30 a 34;75;0;0,0;0
08/2019;MOV;2019;8;VIII;> 34;85;0;0,0;0
09/2019;HAC;2019;9;I;0 a 4;4;2;0,08;0
09/2019;HAC;2019;9;II;5 a 9;8;9;0,72;0
09/2019;HAC;2019;9;III;10 a 14;15;9;1,35;1
09/2019;HAC;2019;9;IV;15 a 19;25;7;1,75;1
09/2019;HAC;2019;9;V;20 a 24;40;4;1,6;0
09/2019;HAC;2019;9;VI;25 a 29;55;2;1,1;2
09/2019;HAC;2019;9;VII;30 a 34;75;0;0,0;0
09/2019;HAC;2019;9;VIII;> 34;85;3;2,55;2
09/2019;HEM;2019;9;I;0 a 4;4;0;0,0;0
09/2019;HEM;2019;9;II;5 a 9;8;2;0,16;0
09/2019;HEM;2019;9;III;10 a 14;15;6;0,9;1
09/2019;HEM;2019;9;IV;15 a 19;25;6;1,5;0
09/2019;HEM;2019;9;V;20 a 24;40;2;0,8;1
09/2019;HEM;2019;9;VI;25 a 29;55;10;5,5;5
09/2019;HEM;2019;9;VII;30 a 34;75;4;3,0;0
09/2019;HEM;2019;9;VIII;> 34;85;4;3,4;3
09/2019;HJK;2019;9;I;0 a 4;4;89;3,5999999999999996;5
09/2019;HJK;2019;9;II;5 a 9;8;196;15,72;20
09/2019;HJK;2019;9;III;10 a 14;15;231;34,8;12
09/2019;HJK;2019;9;IV;15 a 19;25;204;51,1;26
09/2019;HJK;2019;9;V;20 a 24;40;137;54,8;28
09/2019;HJK;2019;9;VI;25 a 29;55;71;39,099999999999994;25
09/2019;HJK;2019;9;VII;30 a 34;75;35;26,35;15
09/2019;HJK;2019;9;VIII;> 34;85;17;14,5;14
09/2019;HJXXIII;2019;9;I;0 a 4;4;13;0,52;0
09/2019;HJXXIII;2019;9;II;5 a 9;8;31;2,48;2
09/2019;HJXXIII;2019;9;III;10 a 14;15;35;5,25;4
09/2019;HJXXIII;2019;9;IV;15 a 19;25;24;6,0;5
09/2019;HJXXIII;2019;9;V;20 a 24;40;15;6,0;6
09/2019;HJXXIII;2019;9;VI;25 a 29;55;3;1,65;1
09/2019;HJXXIII;2019;9;VII;30 a 34;75;0;0,0;0
09/2019;HJXXIII;2019;9;VIII;> 34;85;0;0,0;0
09/2019;HRAD;2019;9;I;0 a 4;4;3;0,12;0
09/2019;HRAD;2019;9;II;5 a 9;8;11;0,88;0
09/2019;HRAD;2019;9;III;10 a 14;15;22;3,3;1
09/2019;HRAD;2019;9;IV;15 a 19;25;17;4,25;2
09/2019;HRAD;2019;9;V;20 a 24;40;8;3,2;3
09/2019;HRAD;2019;9;VI;25 a 29;55;9;4,95;4
09/2019;HRAD;2019;9;VII;30 a 34;75;2;1,5;0
09/2019;HRAD;2019;9;VIII;> 34;85;1;0,85;1
09/2019;HRBJA;2019;9;I;0 a 4;4;0;0,0;0
09/2019;HRBJA;2019;9;II;5 a 9;8;0;0,0;0
09/2019;HRBJA;2019;9;III;10 a 14;15;0;0,0;0
09/2019;HRBJA;2019;9;IV;15 a 19;25;0;0,0;0
09/2019;HRBJA;2019;9;V;20 a 24;40;0;0,0;0
09/2019;HRBJA;2019;9;VI;25 a 29;55;0;0,0;0
09/2019;HRBJA;2019;9;VII;30 a 34;75;0;0,0;0
09/2019;HRBJA;2019;9;VIII;> 34;85;0;0,0;0
09/2019;HRJP;2019;9;I;0 a 4;4;1;0,04;1
09/2019;HRJP;2019;9;II;5 a 9;8;4;0,32;0
09/2019;HRJP;2019;9;III;10 a 14;15;13;1,95;2
09/2019;HRJP;2019;9;IV;15 a 19;25;10;2,5;4
09/2019;HRJP;2019;9;V;20 a 24;40;3;1,2;1
09/2019;HRJP;2019;9;VI;25 a 29;55;3;1,65;0
09/2019;HRJP;2019;9;VII;30 a 34;75;1;0,75;1
09/2019;HRJP;2019;9;VIII;> 34;85;1;0,85;0
09/2019;MOV;2019;9;I;0 a 4;4;0;0,0;0
09/2019;MOV;2019;9;II;5 a 9;8;0;0,0;0
09/2019;MOV;2019;9;III;10 a 14;15;0;0,0;0
09/2019;MOV;2019;9;IV;15 a 19;25;0;0,0;0
09/2019;MOV;2019;9;V;20 a 24;40;0;0,0;0
09/2019;MOV;2019;9;VI;25 a 29;55;0;0,0;0
09/2019;MOV;2019;9;VII;30 a 34;75;0;0,0;0
09/2019;MOV;2019;9;VIII;> 34;85;0;0,0;0
10/2019;HAC;2019;10;I;0 a 4;4;1;0,04;0
10/2019;HAC;2019;10;II;5 a 9;8;14;1,12;0
10/2019;HAC;2019;10;III;10 a 14;15;15;2,25;1
10/2019;HAC;2019;10;IV;15 a 19;25;12;3,0;3
10/2019;HAC;2019;10;V;20 a 24;40;2;0,8;1
10/2019;HAC;2019;10;VI;25 a 29;55;0;0,0;0
10/2019;HAC;2019;10;VII;30 a 34;75;0;0,0;0
10/2019;HAC;2019;10;VIII;> 34;85;0;0,0;0
10/2019;HEM;2019;10;I;0 a 4;4;0;0,0;0
10/2019;HEM;2019;10;II;5 a 9;8;4;0,32;0
10/2019;HEM;2019;10;III;10 a 14;15;5;0,75;0
10/2019;HEM;2019;10;IV;15 a 19;25;7;1,75;2
10/2019;HEM;2019;10;V;20 a 24;40;10;4,0;0
10/2019;HEM;2019;10;VI;25 a 29;55;5;2,75;2
10/2019;HEM;2019;10;VII;30 a 34;75;1;0,75;0
10/2019;HEM;2019;10;VIII;> 34;85;2;1,7;1
10/2019;HJK;2019;10;I;0 a 4;4;89;3,5999999999999996;5
10/2019;HJK;2019;10;II;5 a 9;8;195;15,64;20
10/2019;HJK;2019;10;III;10 a 14;15;241;36,3;13
10/2019;HJK;2019;10;IV;15 a 19;25;218;54,6;27
10/2019;HJK;2019;10;V;20 a 24;40;140;56,0;27
10/2019;HJK;2019;10;VI;25 a 29;55;66;36,349999999999994;27
10/2019;HJK;2019;10;VII;30 a 34;75;34;25,6;15
10/2019;HJK;2019;10;VIII;> 34;85;23;19,6;18
10/2019;HJXXIII;2019;10;I;0 a 4;4;11;0,44;1
10/2019;HJXXIII;2019;10;II;5 a 9;8;19;1,52;2
10/2019;HJXXIII;2019;10;III;10 a 14;15;31;4,65;3
10/2019;HJXXIII;2019;10;IV;15 a 19;25;11;2,75;1
10/2019;HJXXIII;2019;10;V;20 a 24;40;19;7,6;10
10/2019;HJXXIII;2019;10;VI;25 a 29;55;8;4,4;4
10/2019;HJXXIII;2019;10;VII;30 a 34;75;2;1,5;0
10/2019;HJXXIII;2019;10;VIII;> 34;85;0;0,0;0
10/2019;HRAD;2019;10;I;0 a 4;4;0;0,0;0
10/2019;HRAD;2019;10;II;5 a 9;8;2;0,16;0
10/2019;HRAD;2019;10;III;10 a 14;15;28;4,2;0
10/2019;HRAD;2019;10;IV;15 a 19;25;11;2,75;0
10/2019;HRAD;2019;10;V;20 a 24;40;6;2,4;3
10/2019;HRAD;2019;10;VI;25 a 29;55;3;1,6500000000000001;1
10/2019;HRAD;2019;10;VII;30 a 34;75;0;0,0;0
10/2019;HRAD;2019;10;VIII;> 34;85;0;0,0;0
10/2019;HRBJA;2019;10;I;0 a 4;4;0;0,0;0
10/2019;HRBJA;2019;10;II;5 a 9;8;0;0,0;0
10/2019;HRBJA;2019;10;III;10 a 14;15;0;0,0;0
10/2019;HRBJA;2019;10;IV;15 a 19;25;0;0,0;0
10/2019;HRBJA;2019;10;V;20 a 24;40;0;0,0;0
10/2019;HRBJA;2019;10;VI;25 a 29;55;0;0,0;0
10/2019;HRBJA;2019;10;VII;30 a 34;75;0;0,0;0
10/2019;HRBJA;2019;10;VIII;> 34;85;0;0,0;0
10/2019;HRJP;2019;10;I;0 a 4;4;3;0,12;0
10/2019;HRJP;2019;10;II;5 a 9;8;0;0,0;0
10/2019;HRJP;2019;10;III;10 a 14;15;14;2,1;2
10/2019;HRJP;2019;10;IV;15 a 19;25;5;1,25;1
10/2019;HRJP;2019;10;V;20 a 24;40;0;0,0;0
10/2019;HRJP;2019;10;VI;25 a 29;55;3;1,65;1
10/2019;HRJP;2019;10;VII;30 a 34;75;0;0,0;0
10/2019;HRJP;2019;10;VIII;> 34;85;1;0,85;0
10/2019;MOV;2019;10;I;0 a 4;4;0;0,0;0
10/2019;MOV;2019;10;II;5 a 9;8;0;0,0;0
10/2019;MOV;2019;10;III;10 a 14;15;0;0,0;0
10/2019;MOV;2019;10;IV;15 a 19;25;0;0,0;0
10/2019;MOV;2019;10;V;20 a 24;40;0;0,0;0
10/2019;MOV;2019;10;VI;25 a 29;55;0;0,0;0
10/2019;MOV;2019;10;VII;30 a 34;75;0;0,0;0
10/2019;MOV;2019;10;VIII;> 34;85;0;0,0;0
11/2019;HAC;2019;11;I;0 a 4;4;0;0,0;0
11/2019;HAC;2019;11;II;5 a 9;8;9;0,72;0
11/2019;HAC;2019;11;III;10 a 14;15;22;3,3;0
11/2019;HAC;2019;11;IV;15 a 19;25;6;1,5;0
11/2019;HAC;2019;11;V;20 a 24;40;1;0,4;0
11/2019;HAC;2019;11;VI;25 a 29;55;0;0,0;0
11/2019;HAC;2019;11;VII;30 a 34;75;1;0,75;1
11/2019;HAC;2019;11;VIII;> 34;85;0;0,0;0
11/2019;HEM;2019;11;I;0 a 4;4;0;0,0;0
11/2019;HEM;2019;11;II;5 a 9;8;2;0,16;0
11/2019;HEM;2019;11;III;10 a 14;15;1;0,15;0
11/2019;HEM;2019;11;IV;15 a 19;25;11;2,75;2
11/2019;HEM;2019;11;V;20 a 24;40;8;3,2;1
11/2019;HEM;2019;11;VI;25 a 29;55;6;3,3;3
11/2019;HEM;2019;11;VII;30 a 34;75;3;2,25;2
11/2019;HEM;2019;11;VIII;> 34;85;2;1,7;2
11/2019;HJK;2019;11;I;0 a 4;4;89;3,5999999999999996;5
11/2019;HJK;2019;11;II;5 a 9;8;193;15,48;20
11/2019;HJK;2019;11;III;10 a 14;15;229;34,5;12
11/2019;HJK;2019;11;IV;15 a 19;25;213;53,35;28
11/2019;HJK;2019;11;V;20 a 24;40;134;53,599999999999994;26
11/2019;HJK;2019;11;VI;25 a 29;55;69;38,0;26
11/2019;HJK;2019;11;VII;30 a 34;75;37;27,85;17
11/2019;HJK;2019;11;VIII;> 34;85;18;15,350000000000001;15
11/2019;HJXXIII;2019;11;I;0 a 4;4;11;0,44;0
11/2019;HJXXIII;2019;11;II;5 a 9;8;21;1,68;1
11/2019;HJXXIII;2019;11;III;10 a 14;15;19;2,85;0
11/2019;HJXXIII;2019;11;IV;15 a 19;25;23;5,75;4
11/2019;HJXXIII;2019;11;V;20 a 24;40;4;1,6;0
11/2019;HJXXIII;2019;11;VI;25 a 29;55;4;2,2;1
11/2019;HJXXIII;2019;11;VII;30 a 34;75;0;0,0;0
11/2019;HJXXIII;2019;11;VIII;> 34;85;0;0,0;0
11/2019;HRAD;2019;11;I;0 a 4;4;1;0,04;0
11/2019;HRAD;2019;11;II;5 a 9;8;5;0,4;0
11/2019;HRAD;2019;11;III;10 a 14;15;24;3,6;1
11/2019;HRAD;2019;11;IV;15 a 19;25;21;5,25;2
11/2019;HRAD;2019;11;V;20 a 24;40;8;3,2;0
11/2019;HRAD;2019;11;VI;25 a 29;55;6;3,3000000000000003;2
11/2019;HRAD;2019;11;VII;30 a 34;75;4;3,0;1
11/2019;HRAD;2019;11;VIII;> 34;85;1;0,85;1
11/2019;HRBJA;2019;11;I;0 a 4;4;0;0,0;0
11/2019;HRBJA;2019;11;II;5 a 9;8;0;0,0;0
11/2019;HRBJA;2019;11;III;10 a 14;15;0;0,0;0
11/2019;HRBJA;2019;11;IV;15 a 19;25;0;0,0;0
11/2019;HRBJA;2019;11;V;20 a 24;40;0;0,0;0
11/2019;HRBJA;2019;11;VI;25 a 29;55;0;0,0;0
11/2019;HRBJA;2019;11;VII;30 a 34;75;0;0,0;0
11/2019;HRBJA;2019;11;VIII;> 34;85;0;0,0;0
11/2019;HRJP;2019;11;I;0 a 4;4;5;0,2;0
11/2019;HRJP;2019;11;II;5 a 9;8;4;0,32;0
11/2019;HRJP;2019;11;III;10 a 14;15;29;4,35;5
11/2019;HRJP;2019;11;IV;15 a 19;25;12;3,0;2
11/2019;HRJP;2019;11;V;20 a 24;40;1;0,4;0
11/2019;HRJP;2019;11;VI;25 a 29;55;4;2,2;1
11/2019;HRJP;2019;11;VII;30 a 34;75;0;0,0;0
11/2019;HRJP;2019;11;VIII;> 34;85;2;1,7;0
11/2019;MOV;2019;11;I;0 a 4;4;0;0,0;0
11/2019;MOV;2019;11;II;5 a 9;8;0;0,0;0
11/2019;MOV;2019;11;III;10 a 14;15;0;0,0;0
11/2019;MOV;2019;11;IV;15 a 19;25;0;0,0;0
11/2019;MOV;2019;11;V;20 a 24;40;0;0,0;0
11/2019;MOV;2019;11;VI;25 a 29;55;0;0,0;0
11/2019;MOV;2019;11;VII;30 a 34;75;0;0,0;0
11/2019;MOV;2019;11;VIII;> 34;85;0;0,0;0
12/2019;HAC;2019;12;I;0 a 4;4;5;0,2;0
12/2019;HAC;2019;12;II;5 a 9;8;12;0,96;1
12/2019;HAC;2019;12;III;10 a 14;15;6;0,9;0
12/2019;HAC;2019;12;IV;15 a 19;25;2;0,5;0
12/2019;HAC;2019;12;V;20 a 24;40;4;1,6;1
12/2019;HAC;2019;12;VI;25 a 29;55;3;1,65;3
12/2019;HAC;2019;12;VII;30 a 34;75;0;0,0;0
12/2019;HAC;2019;12;VIII;> 34;85;0;0,0;0
12/2019;HEM;2019;12;I;0 a 4;4;1;0,04;0
12/2019;HEM;2019;12;II;5 a 9;8;2;0,16;0
12/2019;HEM;2019;12;III;10 a 14;15;5;0,75;1
12/2019;HEM;2019;12;IV;15 a 19;25;11;2,75;2
12/2019;HEM;2019;12;V;20 a 24;40;11;4,4;4
12/2019;HEM;2019;12;VI;25 a 29;55;11;6,05;5
12/2019;HEM;2019;12;VII;30 a 34;75;0;0,0;0
12/2019;HEM;2019;12;VIII;> 34;85;0;0,0;0
12/2019;HJK;2019;12;I;0 a 4;4;89;3,5999999999999996;5
12/2019;HJK;2019;12;II;5 a 9;8;195;15,64;20
12/2019;HJK;2019;12;III;10 a 14;15;230;34,65;12
12/2019;HJK;2019;12;IV;15 a 19;25;211;52,85;26
12/2019;HJK;2019;12;V;20 a 24;40;141;56,4;26
12/2019;HJK;2019;12;VI;25 a 29;55;66;36,349999999999994;25
12/2019;HJK;2019;12;VII;30 a 34;75;32;24,1;14
12/2019;HJK;2019;12;VIII;> 34;85;20;17,05;16
12/2019;HJXXIII;2019;12;I;0 a 4;4;19;0,76;0
12/2019;HJXXIII;2019;12;II;5 a 9;8;22;1,76;0
12/2019;HJXXIII;2019;12;III;10 a 14;15;30;4,5;1
12/2019;HJXXIII;2019;12;IV;15 a 19;25;16;4,0;2
12/2019;HJXXIII;2019;12;V;20 a 24;40;15;6,0;5
12/2019;HJXXIII;2019;12;VI;25 a 29;55;8;4,4;2
12/2019;HJXXIII;2019;12;VII;30 a 34;75;2;1,5;2
12/2019;HJXXIII;2019;12;VIII;> 34;85;0;0,0;0
12/2019;HRAD;2019;12;I;0 a 4;4;3;0,12;0
12/2019;HRAD;2019;12;II;5 a 9;8;7;0,5599999999999999;0
12/2019;HRAD;2019;12;III;10 a 14;15;16;2,4;2
12/2019;HRAD;2019;12;IV;15 a 19;25;13;3,25;2
12/2019;HRAD;2019;12;V;20 a 24;40;11;4,4;3
12/2019;HRAD;2019;12;VI;25 a 29;55;10;5,5;3
12/2019;HRAD;2019;12;VII;30 a 34;75;2;1,5;1
12/2019;HRAD;2019;12;VIII;> 34;85;0;0,0;0
12/2019;HRBJA;2019;12;I;0 a 4;4;0;0,0;0
12/2019;HRBJA;2019;12;II;5 a 9;8;0;0,0;0
12/2019;HRBJA;2019;12;III;10 a 14;15;0;0,0;0
12/2019;HRBJA;2019;12;IV;15 a 19;25;0;0,0;0
12/2019;HRBJA;2019;12;V;20 a 24;40;0;0,0;0
12/2019;HRBJA;2019;12;VI;25 a 29;55;0;0,0;0
12/2019;HRBJA;2019;12;VII;30 a 34;75;0;0,0;0
12/2019;HRBJA;2019;12;VIII;> 34;85;0;0,0;0
12/2019;HRJP;2019;12;I;0 a 4;4;0;0,0;0
12/2019;HRJP;2019;12;II;5 a 9;8;4;0,32;0
12/2019;HRJP;2019;12;III;10 a 14;15;14;2,1;4
12/2019;HRJP;2019;12;IV;15 a 19;25;10;2,5;2
12/2019;HRJP;2019;12;V;20 a 24;40;0;0,0;0
12/2019;HRJP;2019;12;VI;25 a 29;55;0;0,0;0
12/2019;HRJP;2019;12;VII;30 a 34;75;0;0,0;0
12/2019;HRJP;2019;12;VIII;> 34;85;1;0,85;0
12/2019;MOV;2019;12;I;0 a 4;4;0;0,0;0
12/2019;MOV;2019;12;II;5 a 9;8;0;0,0;0
12/2019;MOV;2019;12;III;10 a 14;15;0;0,0;0
12/2019;MOV;2019;12;IV;15 a 19;25;0;0,0;0
12/2019;MOV;2019;12;V;20 a 24;40;0;0,0;0
12/2019;MOV;2019;12;VI;25 a 29;55;0;0,0;0
12/2019;MOV;2019;12;VII;30 a 34;75;0;0,0;0
12/2019;MOV;2019;12;VIII;> 34;85;0;0,0;0
01/2020;HAC;2020;1;I;0 a 4;4;1;0,04;0
01/2020;HAC;2020;1;II;5 a 9;8;7;0,56;0
01/2020;HAC;2020;1;III;10 a 14;15;14;2,1;0
01/2020;HAC;2020;1;IV;15 a 19;25;11;2,75;2
01/2020;HAC;2020;1;V;20 a 24;40;3;1,2;1
01/2020;HAC;2020;1;VI;25 a 29;55;1;0,55;1
01/2020;HAC;2020;1;VII;30 a 34;75;1;0,75;1
01/2020;HAC;2020;1;VIII;> 34;85;0;0,0;0
01/2020;HEM;2020;1;I;0 a 4;4;0;0,0;0
01/2020;HEM;2020;1;II;5 a 9;8;1;0,08;0
01/2020;HEM;2020;1;III;10 a 14;15;9;1,35;1
01/2020;HEM;2020;1;IV;15 a 19;25;9;2,25;2
01/2020;HEM;2020;1;V;20 a 24;40;6;2,4;2
01/2020;HEM;2020;1;VI;25 a 29;55;7;3,85;2
01/2020;HEM;2020;1;VII;30 a 34;75;4;3,0;2
01/2020;HEM;2020;1;VIII;> 34;85;2;1,7;0
01/2020;HJK;2020;1;I;0 a 4;4;89;3,5999999999999996;5
01/2020;HJK;2020;1;II;5 a 9;8;201;16,12;20
01/2020;HJK;2020;1;III;10 a 14;15;227;34,2;12
01/2020;HJK;2020;1;IV;15 a 19;25;212;53,1;28
01/2020;HJK;2020;1;V;20 a 24;40;145;58,0;28
01/2020;HJK;2020;1;VI;25 a 29;55;61;33,599999999999994;25
01/2020;HJK;2020;1;VII;30 a 34;75;34;25,6;13
01/2020;HJK;2020;1;VIII;> 34;85;18;15,350000000000001;15
01/2020;HJXXIII;2020;1;I;0 a 4;4;19;0,76;0
01/2020;HJXXIII;2020;1;II;5 a 9;8;26;2,08;3
01/2020;HJXXIII;2020;1;III;10 a 14;15;24;3,6;1
01/2020;HJXXIII;2020;1;IV;15 a 19;25;20;5,0;2
01/2020;HJXXIII;2020;1;V;20 a 24;40;10;4,0;4
01/2020;HJXXIII;2020;1;VI;25 a 29;55;3;1,65;1
01/2020;HJXXIII;2020;1;VII;30 a 34;75;0;0,0;0
01/2020;HJXXIII;2020;1;VIII;> 34;85;0;0,0;0
01/2020;HRAD;2020;1;I;0 a 4;4;2;0,08;0
01/2020;HRAD;2020;1;II;5 a 9;8;10;0,8;1
01/2020;HRAD;2020;1;III;10 a 14;15;22;3,3;1
01/2020;HRAD;2020;1;IV;15 a 19;25;11;2,75;2
01/2020;HRAD;2020;1;V;20 a 24;40;15;6,0;5
01/2020;HRAD;2020;1;VI;25 a 29;55;11;6,05;6
01/2020;HRAD;2020;1;VII;30 a 34;75;1;0,75;1
01/2020;HRAD;2020;1;VIII;> 34;85;0;0,0;0
01/2020;HRBJA;2020;1;I;0 a 4;4;0;0,0;0
01/2020;HRBJA;2020;1;II;5 a 9;8;0;0,0;0
01/2020;HRBJA;2020;1;III;10 a 14;15;0;0,0;0
01/2020;HRBJA;2020;1;IV;15 a 19;25;0;0,0;0
01/2020;HRBJA;2020;1;V;20 a 24;40;0;0,0;0
01/2020;HRBJA;2020;1;VI;25 a 29;55;0;0,0;0
01/2020;HRBJA;2020;1;VII;30 a 34;75;0;0,0;0
01/2020;HRBJA;2020;1;VIII;> 34;85;0;0,0;0
01/2020;HRJP;2020;1;I;0 a 4;4;1;0,04;0
01/2020;HRJP;2020;1;II;5 a 9;8;9;0,72;1
01/2020;HRJP;2020;1;III;10 a 14;15;11;1,65;4
01/2020;HRJP;2020;1;IV;15 a 19;25;12;3,0;4
01/2020;HRJP;2020;1;V;20 a 24;40;0;0,0;0
01/2020;HRJP;2020;1;VI;25 a 29;55;0;0,0;0
01/2020;HRJP;2020;1;VII;30 a 34;75;0;0,0;0
01/2020;HRJP;2020;1;VIII;> 34;85;1;0,85;0
01/2020;MOV;2020;1;I;0 a 4;4;0;0,0;0
01/2020;MOV;2020;1;II;5 a 9;8;0;0,0;0
01/2020;MOV;2020;1;III;10 a 14;15;0;0,0;0
01/2020;MOV;2020;1;IV;15 a 19;25;0;0,0;0
01/2020;MOV;2020;1;V;20 a 24;40;0;0,0;0
01/2020;MOV;2020;1;VI;25 a 29;55;0;0,0;0
01/2020;MOV;2020;1;VII;30 a 34;75;0;0,0;0
01/2020;MOV;2020;1;VIII;> 34;85;0;0,0;0
02/2020;HAC;2020;2;I;0 a 4;4;0;0,0;0
02/2020;HAC;2020;2;II;5 a 9;8;11;0,88;0
02/2020;HAC;2020;2;III;10 a 14;15;10;1,5;0
02/2020;HAC;2020;2;IV;15 a 19;25;8;2,0;0
02/2020;HAC;2020;2;V;20 a 24;40;5;2,0;1
02/2020;HAC;2020;2;VI;25 a 29;55;3;1,65;2
02/2020;HAC;2020;2;VII;30 a 34;75;1;0,75;0
02/2020;HAC;2020;2;VIII;> 34;85;0;0,0;0
02/2020;HEM;2020;2;I;0 a 4;4;0;0,0;0
02/2020;HEM;2020;2;II;5 a 9;8;5;0,4;1
02/2020;HEM;2020;2;III;10 a 14;15;8;1,2;1
02/2020;HEM;2020;2;IV;15 a 19;25;6;1,5;1
02/2020;HEM;2020;2;V;20 a 24;40;4;1,6;1
02/2020;HEM;2020;2;VI;25 a 29;55;6;3,3;1
02/2020;HEM;2020;2;VII;30 a 34;75;0;0,0;0
02/2020;HEM;2020;2;VIII;> 34;85;2;1,7;2
02/2020;HJK;2020;2;I;0 a 4;4;89;3,5999999999999996;5
02/2020;HJK;2020;2;II;5 a 9;8;193;15,48;20
02/2020;HJK;2020;2;III;10 a 14;15;232;34,95;12
02/2020;HJK;2020;2;IV;15 a 19;25;216;54,1;29
02/2020;HJK;2020;2;V;20 a 24;40;136;54,4;27
02/2020;HJK;2020;2;VI;25 a 29;55;65;35,8;26
02/2020;HJK;2020;2;VII;30 a 34;75;32;24,1;15
02/2020;HJK;2020;2;VIII;> 34;85;18;15,350000000000001;14
02/2020;HJXXIII;2020;2;I;0 a 4;4;16;0,64;0
02/2020;HJXXIII;2020;2;II;5 a 9;8;36;2,88;2
02/2020;HJXXIII;2020;2;III;10 a 14;15;36;5,4;2
02/2020;HJXXIII;2020;2;IV;15 a 19;25;18;4,5;4
02/2020;HJXXIII;2020;2;V;20 a 24;40;11;4,4;2
02/2020;HJXXIII;2020;2;VI;25 a 29;55;4;2,2;2
02/2020;HJXXIII;2020;2;VII;30 a 34;75;1;0,75;0
02/2020;HJXXIII;2020;2;VIII;> 34;85;0;0,0;0
02/2020;HRAD;2020;2;I;0 a 4;4;2;0,08;0
02/2020;HRAD;2020;2;II;5 a 9;8;12;0,9600000000000001;0
02/2020;HRAD;2020;2;III;10 a 14;15;25;3,75;1
02/2020;HRAD;2020;2;IV;15 a 19;25;16;4,0;4
02/2020;HRAD;2020;2;V;20 a 24;40;6;2,4;1
02/2020;HRAD;2020;2;VI;25 a 29;55;2;1,1;0
02/2020;HRAD;2020;2;VII;30 a 34;75;0;0,0;0
02/2020;HRAD;2020;2;VIII;> 34;85;0;0,0;0
02/2020;HRBJA;2020;2;I;0 a 4;4;0;0,0;0
02/2020;HRBJA;2020;2;II;5 a 9;8;0;0,0;0
02/2020;HRBJA;2020;2;III;10 a 14;15;0;0,0;0
02/2020;HRBJA;2020;2;IV;15 a 19;25;0;0,0;0
02/2020;HRBJA;2020;2;V;20 a 24;40;0;0,0;0
02/2020;HRBJA;2020;2;VI;25 a 29;55;0;0,0;0
02/2020;HRBJA;2020;2;VII;30 a 34;75;0;0,0;0
02/2020;HRBJA;2020;2;VIII;> 34;85;0;0,0;0
02/2020;HRJP;2020;2;I;0 a 4;4;2;0,08;0
02/2020;HRJP;2020;2;II;5 a 9;8;4;0,32;0
02/2020;HRJP;2020;2;III;10 a 14;15;8;1,2;0
02/2020;HRJP;2020;2;IV;15 a 19;25;9;2,25;4
02/2020;HRJP;2020;2;V;20 a 24;40;5;2,0;0
02/2020;HRJP;2020;2;VI;25 a 29;55;3;1,65;1
02/2020;HRJP;2020;2;VII;30 a 34;75;0;0,0;0
02/2020;HRJP;2020;2;VIII;> 34;85;0;0,0;1
02/2020;MOV;2020;2;I;0 a 4;4;0;0,0;0
02/2020;MOV;2020;2;II;5 a 9;8;0;0,0;0
02/2020;MOV;2020;2;III;10 a 14;15;0;0,0;0
02/2020;MOV;2020;2;IV;15 a 19;25;0;0,0;0
02/2020;MOV;2020;2;V;20 a 24;40;0;0,0;0
02/2020;MOV;2020;2;VI;25 a 29;55;0;0,0;0
02/2020;MOV;2020;2;VII;30 a 34;75;0;0,0;0
02/2020;MOV;2020;2;VIII;> 34;85;0;0,0;0
03/2020;HAC;2020;3;I;0 a 4;4;2;0,08;0
03/2020;HAC;2020;3;II;5 a 9;8;10;0,8;0
03/2020;HAC;2020;3;III;10 a 14;15;17;2,55;1
03/2020;HAC;2020;3;IV;15 a 19;25;9;2,25;2
03/2020;HAC;2020;3;V;20 a 24;40;4;1,6;2
03/2020;HAC;2020;3;VI;25 a 29;55;2;1,1;2
03/2020;HAC;2020;3;VII;30 a 34;75;1;0,75;1
03/2020;HAC;2020;3;VIII;> 34;85;0;0,0;0
03/2020;HEM;2020;3;I;0 a 4;4;0;0,0;0
03/2020;HEM;2020;3;II;5 a 9;8;0;0,0;0
03/2020;HEM;2020;3;III;10 a 14;15;0;0,0;0
03/2020;HEM;2020;3;IV;15 a 19;25;0;0,0;0
03/2020;HEM;2020;3;V;20 a 24;40;0;0,0;0
03/2020;HEM;2020;3;VI;25 a 29;55;0;0,0;0
03/2020;HEM;2020;3;VII;30 a 34;75;0;0,0;0
03/2020;HEM;2020;3;VIII;> 34;85;0;0,0;0
03/2020;HJK;2020;3;I;0 a 4;4;89;3,5999999999999996;5
03/2020;HJK;2020;3;II;5 a 9;8;199;15,96;20
03/2020;HJK;2020;3;III;10 a 14;15;232;34,95;12
03/2020;HJK;2020;3;IV;15 a 19;25;213;53,35;27
03/2020;HJK;2020;3;V;20 a 24;40;142;56,8;27
03/2020;HJK;2020;3;VI;25 a 29;55;68;37,449999999999996;26
03/2020;HJK;2020;3;VII;30 a 34;75;32;24,1;15
03/2020;HJK;2020;3;VIII;> 34;85;17;14,5;13
03/2020;HJXXIII;2020;3;I;0 a 4;4;8;0,32;1
03/2020;HJXXIII;2020;3;II;5 a 9;8;20;1,6;1
03/2020;HJXXIII;2020;3;III;10 a 14;15;36;5,4;3
03/2020;HJXXIII;2020;3;IV;15 a 19;25;39;9,75;6
03/2020;HJXXIII;2020;3;V;20 a 24;40;19;7,6;5
03/2020;HJXXIII;2020;3;VI;25 a 29;55;7;3,85;4
03/2020;HJXXIII;2020;3;VII;30 a 34;75;0;0,0;0
03/2020;HJXXIII;2020;3;VIII;> 34;85;0;0,0;0
03/2020;HRAD;2020;3;I;0 a 4;4;1;0,04;0
03/2020;HRAD;2020;3;II;5 a 9;8;14;1,12;0
03/2020;HRAD;2020;3;III;10 a 14;15;25;3,75;0
03/2020;HRAD;2020;3;IV;15 a 19;25;9;2,25;2
03/2020;HRAD;2020;3;V;20 a 24;40;13;5,2;4
03/2020;HRAD;2020;3;VI;25 a 29;55;2;1,1;2
03/2020;HRAD;2020;3;VII;30 a 34;75;0;0,0;0
03/2020;HRAD;2020;3;VIII;> 34;85;0;0,0;0
03/2020;HRBJA;2020;3;I;0 a 4;4;0;0,0;0
03/2020;HRBJA;2020;3;II;5 a 9;8;0;0,0;0
03/2020;HRBJA;2020;3;III;10 a 14;15;0;0,0;0
03/2020;HRBJA;2020;3;IV;15 a 19;25;0;0,0;0
03/2020;HRBJA;2020;3;V;20 a 24;40;0;0,0;0
03/2020;HRBJA;2020;3;VI;25 a 29;55;0;0,0;0
03/2020;HRBJA;2020;3;VII;30 a 34;75;0;0,0;0
03/2020;HRBJA;2020;3;VIII;> 34;85;0;0,0;0
03/2020;HRJP;2020;3;I;0 a 4;4;7;0,28;0
03/2020;HRJP;2020;3;II;5 a 9;8;15;1,2;1
03/2020;HRJP;2020;3;III;10 a 14;15;30;4,5;6
03/2020;HRJP;2020;3;IV;15 a 19;25;36;9,0;9
03/2020;HRJP;2020;3;V;20 a 24;40;14;5,6;3
03/2020;HRJP;2020;3;VI;25 a 29;55;3;1,65;1
03/2020;HRJP;2020;3;VII;30 a 34;75;0;0,0;0
03/2020;HRJP;2020;3;VIII;> 34;85;1;0,85;1
03/2020;MOV;2020;3;I;0 a 4;4;0;0,0;0
03/2020;MOV;2020;3;II;5 a 9;8;0;0,0;0
03/2020;MOV;2020;3;III;10 a 14;15;0;0,0;0
03/2020;MOV;2020;3;IV;15 a 19;25;0;0,0;0
03/2020;MOV;2020;3;V;20 a 24;40;0;0,0;0
03/2020;MOV;2020;3;VI;25 a 29;55;0;0,0;0
03/2020;MOV;2020;3;VII;30 a 34;75;0;0,0;0
03/2020;MOV;2020;3;VIII;> 34;85;0;0,0;0
04/2020;HAC;2020;4;I;0 a 4;4;1;0,04;0
04/2020;HAC;2020;4;II;5 a 9;8;8;0,64;1
04/2020;HAC;2020;4;III;10 a 14;15;11;1,65;2
04/2020;HAC;2020;4;IV;15 a 19;25;6;1,5;1
04/2020;HAC;2020;4;V;20 a 24;40;7;2,8;5
04/2020;HAC;2020;4;VI;25 a 29;55;0;0,0;0
04/2020;HAC;2020;4;VII;30 a 34;75;0;0,0;0
04/2020;HAC;2020;4;VIII;> 34;85;0;0,0;0
04/2020;HEM;2020;4;I;0 a 4;4;0;0,0;0
04/2020;HEM;2020;4;II;5 a 9;8;0;0,0;0
04/2020;HEM;2020;4;III;10 a 14;15;0;0,0;0
04/2020;HEM;2020;4;IV;15 a 19;25;0;0,0;0
04/2020;HEM;2020;4;V;20 a 24;40;0;0,0;0
04/2020;HEM;2020;4;VI;25 a 29;55;0;0,0;0
04/2020;HEM;2020;4;VII;30 a 34;75;0;0,0;0
04/2020;HEM;2020;4;VIII;> 34;85;0;0,0;0
04/2020;HJK;2020;4;I;0 a 4;4;90;3,6399999999999997;5
04/2020;HJK;2020;4;II;5 a 9;8;194;15,56;20
04/2020;HJK;2020;4;III;10 a 14;15;228;34,35;15
04/2020;HJK;2020;4;IV;15 a 19;25;209;52,35;28
04/2020;HJK;2020;4;V;20 a 24;40;140;56,0;28
04/2020;HJK;2020;4;VI;25 a 29;55;65;35,8;26
04/2020;HJK;2020;4;VII;30 a 34;75;32;24,1;13
04/2020;HJK;2020;4;VIII;> 34;85;17;14,5;13
04/2020;HJXXIII;2020;4;I;0 a 4;4;1;0,04;0
04/2020;HJXXIII;2020;4;II;5 a 9;8;13;1,04;0
04/2020;HJXXIII;2020;4;III;10 a 14;15;25;3,75;1
04/2020;HJXXIII;2020;4;IV;15 a 19;25;33;8,25;5
04/2020;HJXXIII;2020;4;V;20 a 24;40;16;6,4;7
04/2020;HJXXIII;2020;4;VI;25 a 29;55;10;5,5;7
04/2020;HJXXIII;2020;4;VII;30 a 34;75;6;4,5;3
04/2020;HJXXIII;2020;4;VIII;> 34;85;1;0,85;1
04/2020;HRAD;2020;4;I;0 a 4;4;0;0,0;0
04/2020;HRAD;2020;4;II;5 a 9;8;14;1,12;0
04/2020;HRAD;2020;4;III;10 a 14;15;10;1,5;0
04/2020;HRAD;2020;4;IV;15 a 19;25;13;3,25;3
04/2020;HRAD;2020;4;V;20 a 24;40;12;4,800000000000001;4
04/2020;HRAD;2020;4;VI;25 a 29;55;5;2,75;3
04/2020;HRAD;2020;4;VII;30 a 34;75;0;0,0;0
04/2020;HRAD;2020;4;VIII;> 34;85;0;0,0;0
04/2020;HRBJA;2020;4;I;0 a 4;4;0;0,0;0
04/2020;HRBJA;2020;4;II;5 a 9;8;0;0,0;0
04/2020;HRBJA;2020;4;III;10 a 14;15;0;0,0;0
04/2020;HRBJA;2020;4;IV;15 a 19;25;0;0,0;0
04/2020;HRBJA;2020;4;V;20 a 24;40;0;0,0;0
04/2020;HRBJA;2020;4;VI;25 a 29;55;0;0,0;0
04/2020;HRBJA;2020;4;VII;30 a 34;75;0;0,0;0
04/2020;HRBJA;2020;4;VIII;> 34;85;0;0,0;0
04/2020;HRJP;2020;4;I;0 a 4;4;0;0,0;0
04/2020;HRJP;2020;4;II;5 a 9;8;9;0,72;1
04/2020;HRJP;2020;4;III;10 a 14;15;5;0,75;2
04/2020;HRJP;2020;4;IV;15 a 19;25;8;2,0;1
04/2020;HRJP;2020;4;V;20 a 24;40;5;2,0;1
04/2020;HRJP;2020;4;VI;25 a 29;55;0;0,0;0
04/2020;HRJP;2020;4;VII;30 a 34;75;0;0,0;0
04/2020;HRJP;2020;4;VIII;> 34;85;0;0,0;0
04/2020;MOV;2020;4;I;0 a 4;4;0;0,0;0
04/2020;MOV;2020;4;II;5 a 9;8;0;0,0;0
04/2020;MOV;2020;4;III;10 a 14;15;0;0,0;0
04/2020;MOV;2020;4;IV;15 a 19;25;0;0,0;0
04/2020;MOV;2020;4;V;20 a 24;40;0;0,0;0
04/2020;MOV;2020;4;VI;25 a 29;55;0;0,0;0
04/2020;MOV;2020;4;VII;30 a 34;75;0;0,0;0
04/2020;MOV;2020;4;VIII;> 34;85;0;0,0;0
05/2020;HAC;2020;5;I;0 a 4;4;3;0,12;0
05/2020;HAC;2020;5;II;5 a 9;8;8;0,64;0
05/2020;HAC;2020;5;III;10 a 14;15;10;1,5;0
05/2020;HAC;2020;5;IV;15 a 19;25;9;2,25;0
05/2020;HAC;2020;5;V;20 a 24;40;7;2,8;2
05/2020;HAC;2020;5;VI;25 a 29;55;1;0,55;0
05/2020;HAC;2020;5;VII;30 a 34;75;3;2,25;1
05/2020;HAC;2020;5;VIII;> 34;85;4;3,4;3
05/2020;HEM;2020;5;I;0 a 4;4;3;0,12;0
05/2020;HEM;2020;5;II;5 a 9;8;13;1,04;1
05/2020;HEM;2020;5;III;10 a 14;15;17;2,55;5
05/2020;HEM;2020;5;IV;15 a 19;25;15;3,75;7
05/2020;HEM;2020;5;V;20 a 24;40;12;4,8;3
05/2020;HEM;2020;5;VI;25 a 29;55;0;0,0;0
05/2020;HEM;2020;5;VII;30 a 34;75;1;0,75;1
05/2020;HEM;2020;5;VIII;> 34;85;1;0,85;0
05/2020;HJK;2020;5;I;0 a 4;4;91;3,6799999999999997;5
05/2020;HJK;2020;5;II;5 a 9;8;198;15,88;20
05/2020;HJK;2020;5;III;10 a 14;15;236;35,55;15
05/2020;HJK;2020;5;IV;15 a 19;25;208;52,1;28
05/2020;HJK;2020;5;V;20 a 24;40;138;55,2;28
05/2020;HJK;2020;5;VI;25 a 29;55;62;34,15;24
05/2020;HJK;2020;5;VII;30 a 34;75;33;24,85;13
05/2020;HJK;2020;5;VIII;> 34;85;17;14,5;13
05/2020;HJXXIII;2020;5;I;0 a 4;4;6;0,24;0
05/2020;HJXXIII;2020;5;II;5 a 9;8;28;2,24;2
05/2020;HJXXIII;2020;5;III;10 a 14;15;43;6,45;2
05/2020;HJXXIII;2020;5;IV;15 a 19;25;22;5,5;4
05/2020;HJXXIII;2020;5;V;20 a 24;40;25;10,0;9
05/2020;HJXXIII;2020;5;VI;25 a 29;55;1;0,55;1
05/2020;HJXXIII;2020;5;VII;30 a 34;75;1;0,75;0
05/2020;HJXXIII;2020;5;VIII;> 34;85;0;0,0;0
05/2020;HRAD;2020;5;I;0 a 4;4;0;0,0;0
05/2020;HRAD;2020;5;II;5 a 9;8;13;1,04;0
05/2020;HRAD;2020;5;III;10 a 14;15;30;4,5;0
05/2020;HRAD;2020;5;IV;15 a 19;25;12;3,0;0
05/2020;HRAD;2020;5;V;20 a 24;40;9;3,6;1
05/2020;HRAD;2020;5;VI;25 a 29;55;3;1,65;3
05/2020;HRAD;2020;5;VII;30 a 34;75;0;0,0;0
05/2020;HRAD;2020;5;VIII;> 34;85;0;0,0;0
05/2020;HRBJA;2020;5;I;0 a 4;4;0;0,0;0
05/2020;HRBJA;2020;5;II;5 a 9;8;0;0,0;0
05/2020;HRBJA;2020;5;III;10 a 14;15;0;0,0;0
05/2020;HRBJA;2020;5;IV;15 a 19;25;0;0,0;0
05/2020;HRBJA;2020;5;V;20 a 24;40;0;0,0;0
05/2020;HRBJA;2020;5;VI;25 a 29;55;0;0,0;0
05/2020;HRBJA;2020;5;VII;30 a 34;75;0;0,0;0
05/2020;HRBJA;2020;5;VIII;> 34;85;0;0,0;0
05/2020;HRJP;2020;5;I;0 a 4;4;1;0,04;0
05/2020;HRJP;2020;5;II;5 a 9;8;13;1,04;3
05/2020;HRJP;2020;5;III;10 a 14;15;8;1,2;2
05/2020;HRJP;2020;5;IV;15 a 19;25;26;6,5;6
05/2020;HRJP;2020;5;V;20 a 24;40;11;4,4;1
05/2020;HRJP;2020;5;VI;25 a 29;55;0;0,0;0
05/2020;HRJP;2020;5;VII;30 a 34;75;0;0,0;0
05/2020;HRJP;2020;5;VIII;> 34;85;0;0,0;0
05/2020;MOV;2020;5;I;0 a 4;4;0;0,0;0
05/2020;MOV;2020;5;II;5 a 9;8;0;0,0;0
05/2020;MOV;2020;5;III;10 a 14;15;0;0,0;0
05/2020;MOV;2020;5;IV;15 a 19;25;0;0,0;0
05/2020;MOV;2020;5;V;20 a 24;40;0;0,0;0
05/2020;MOV;2020;5;VI;25 a 29;55;0;0,0;0
05/2020;MOV;2020;5;VII;30 a 34;75;0;0,0;0
05/2020;MOV;2020;5;VIII;> 34;85;0;0,0;0
06/2020;HAC;2020;6;I;0 a 4;4;0;0,0;0
06/2020;HAC;2020;6;II;5 a 9;8;3;0,24;0
06/2020;HAC;2020;6;III;10 a 14;15;19;2,85;0
06/2020;HAC;2020;6;IV;15 a 19;25;11;2,75;1
06/2020;HAC;2020;6;V;20 a 24;40;3;1,2;0
06/2020;HAC;2020;6;VI;25 a 29;55;3;1,65;0
06/2020;HAC;2020;6;VII;30 a 34;75;2;1,5;1
06/2020;HAC;2020;6;VIII;> 34;85;3;2,55;3
06/2020;HEM;2020;6;I;0 a 4;4;2;0,08;0
06/2020;HEM;2020;6;II;5 a 9;8;12;0,96;1
06/2020;HEM;2020;6;III;10 a 14;15;23;3,45;7
06/2020;HEM;2020;6;IV;15 a 19;25;23;5,75;6
06/2020;HEM;2020;6;V;20 a 24;40;9;3,6;4
06/2020;HEM;2020;6;VI;25 a 29;55;7;3,85;3
06/2020;HEM;2020;6;VII;30 a 34;75;2;1,5;0
06/2020;HEM;2020;6;VIII;> 34;85;5;4,25;3
06/2020;HJK;2020;6;I;0 a 4;4;91;3,6799999999999997;5
06/2020;HJK;2020;6;II;5 a 9;8;195;15,64;20
06/2020;HJK;2020;6;III;10 a 14;15;225;33,9;13
06/2020;HJK;2020;6;IV;15 a 19;25;204;51,1;28
06/2020;HJK;2020;6;V;20 a 24;40;137;54,8;26
06/2020;HJK;2020;6;VI;25 a 29;55;65;35,8;26
06/2020;HJK;2020;6;VII;30 a 34;75;32;24,1;14
06/2020;HJK;2020;6;VIII;> 34;85;17;14,5;13
06/2020;HJXXIII;2020;6;I;0 a 4;4;7;0,28;0
06/2020;HJXXIII;2020;6;II;5 a 9;8;24;1,92;0
06/2020;HJXXIII;2020;6;III;10 a 14;15;32;4,8;2
06/2020;HJXXIII;2020;6;IV;15 a 19;25;33;8,25;10
06/2020;HJXXIII;2020;6;V;20 a 24;40;17;6,8;7
06/2020;HJXXIII;2020;6;VI;25 a 29;55;12;6,6;8
06/2020;HJXXIII;2020;6;VII;30 a 34;75;3;2,25;2
06/2020;HJXXIII;2020;6;VIII;> 34;85;0;0,0;0
06/2020;HRAD;2020;6;I;0 a 4;4;0;0,0;0
06/2020;HRAD;2020;6;II;5 a 9;8;16;1,28;0
06/2020;HRAD;2020;6;III;10 a 14;15;28;4,2;1
06/2020;HRAD;2020;6;IV;15 a 19;25;8;2,0;2
06/2020;HRAD;2020;6;V;20 a 24;40;11;4,4;3
06/2020;HRAD;2020;6;VI;25 a 29;55;3;1,6500000000000001;2
06/2020;HRAD;2020;6;VII;30 a 34;75;1;0,75;1
06/2020;HRAD;2020;6;VIII;> 34;85;0;0,0;0
06/2020;HRBJA;2020;6;I;0 a 4;4;0;0,0;0
06/2020;HRBJA;2020;6;II;5 a 9;8;0;0,0;0
06/2020;HRBJA;2020;6;III;10 a 14;15;0;0,0;0
06/2020;HRBJA;2020;6;IV;15 a 19;25;0;0,0;0
06/2020;HRBJA;2020;6;V;20 a 24;40;0;0,0;0
06/2020;HRBJA;2020;6;VI;25 a 29;55;0;0,0;0
06/2020;HRBJA;2020;6;VII;30 a 34;75;0;0,0;0
06/2020;HRBJA;2020;6;VIII;> 34;85;0;0,0;0
06/2020;HRJP;2020;6;I;0 a 4;4;3;0,12;0
06/2020;HRJP;2020;6;II;5 a 9;8;30;2,4;4
06/2020;HRJP;2020;6;III;10 a 14;15;24;3,6;4
06/2020;HRJP;2020;6;IV;15 a 19;25;55;13,75;12
06/2020;HRJP;2020;6;V;20 a 24;40;27;10,8;6
06/2020;HRJP;2020;6;VI;25 a 29;55;0;0,0;0
06/2020;HRJP;2020;6;VII;30 a 34;75;0;0,0;0
06/2020;HRJP;2020;6;VIII;> 34;85;0;0,0;0
06/2020;MOV;2020;6;I;0 a 4;4;0;0,0;0
06/2020;MOV;2020;6;II;5 a 9;8;0;0,0;0
06/2020;MOV;2020;6;III;10 a 14;15;0;0,0;0
06/2020;MOV;2020;6;IV;15 a 19;25;0;0,0;0
06/2020;MOV;2020;6;V;20 a 24;40;0;0,0;0
06/2020;MOV;2020;6;VI;25 a 29;55;0;0,0;0
06/2020;MOV;2020;6;VII;30 a 34;75;0;0,0;0
06/2020;MOV;2020;6;VIII;> 34;85;0;0,0;0
07/2020;HAC;2020;7;I;0 a 4;4;0;0,0;0
07/2020;HAC;2020;7;II;5 a 9;8;6;0,48;0
07/2020;HAC;2020;7;III;10 a 14;15;9;1,35;1
07/2020;HAC;2020;7;IV;15 a 19;25;16;4,0;0
07/2020;HAC;2020;7;V;20 a 24;40;10;4,0;5
07/2020;HAC;2020;7;VI;25 a 29;55;3;1,65;0
07/2020;HAC;2020;7;VII;30 a 34;75;0;0,0;0
07/2020;HAC;2020;7;VIII;> 34;85;3;2,55;2
07/2020;HEM;2020;7;I;0 a 4;4;0;0,0;0
07/2020;HEM;2020;7;II;5 a 9;8;12;0,96;2
07/2020;HEM;2020;7;III;10 a 14;15;20;3,0;4
07/2020;HEM;2020;7;IV;15 a 19;25;29;7,25;11
07/2020;HEM;2020;7;V;20 a 24;40;17;6,8;9
07/2020;HEM;2020;7;VI;25 a 29;55;7;3,85;3
07/2020;HEM;2020;7;VII;30 a 34;75;2;1,5;1
07/2020;HEM;2020;7;VIII;> 34;85;10;8,5;9
07/2020;HJK;2020;7;I;0 a 4;4;90;3,6399999999999997;5
07/2020;HJK;2020;7;II;5 a 9;8;198;15,88;20
07/2020;HJK;2020;7;III;10 a 14;15;225;33,9;14
07/2020;HJK;2020;7;IV;15 a 19;25;204;51,1;27
07/2020;HJK;2020;7;V;20 a 24;40;136;54,4;26
07/2020;HJK;2020;7;VI;25 a 29;55;60;33,05;23
07/2020;HJK;2020;7;VII;30 a 34;75;35;26,35;16
07/2020;HJK;2020;7;VIII;> 34;85;16;13,65;13
07/2020;HJXXIII;2020;7;I;0 a 4;4;4;0,16;0
07/2020;HJXXIII;2020;7;II;5 a 9;8;27;2,16;1
07/2020;HJXXIII;2020;7;III;10 a 14;15;37;5,55;2
07/2020;HJXXIII;2020;7;IV;15 a 19;25;31;7,75;7
07/2020;HJXXIII;2020;7;V;20 a 24;40;13;5,2;3
07/2020;HJXXIII;2020;7;VI;25 a 29;55;6;3,3;4
07/2020;HJXXIII;2020;7;VII;30 a 34;75;1;0,75;1
07/2020;HJXXIII;2020;7;VIII;> 34;85;1;0,85;1
07/2020;HRAD;2020;7;I;0 a 4;4;0;0,0;0
07/2020;HRAD;2020;7;II;5 a 9;8;12;0,9600000000000001;1
07/2020;HRAD;2020;7;III;10 a 14;15;19;2,85;1
07/2020;HRAD;2020;7;IV;15 a 19;25;10;2,5;3
07/2020;HRAD;2020;7;V;20 a 24;40;9;3,5999999999999996;1
07/2020;HRAD;2020;7;VI;25 a 29;55;4;2,2;1
07/2020;HRAD;2020;7;VII;30 a 34;75;1;0,75;0
07/2020;HRAD;2020;7;VIII;> 34;85;0;0,0;0
07/2020;HRBJA;2020;7;I;0 a 4;4;0;0,0;0
07/2020;HRBJA;2020;7;II;5 a 9;8;0;0,0;0
07/2020;HRBJA;2020;7;III;10 a 14;15;0;0,0;0
07/2020;HRBJA;2020;7;IV;15 a 19;25;0;0,0;0
07/2020;HRBJA;2020;7;V;20 a 24;40;0;0,0;0
07/2020;HRBJA;2020;7;VI;25 a 29;55;0;0,0;0
07/2020;HRBJA;2020;7;VII;30 a 34;75;0;0,0;0
07/2020;HRBJA;2020;7;VIII;> 34;85;0;0,0;0
07/2020;HRJP;2020;7;I;0 a 4;4;3;0,12;0
07/2020;HRJP;2020;7;II;5 a 9;8;10;0,8;1
07/2020;HRJP;2020;7;III;10 a 14;15;14;2,1;2
07/2020;HRJP;2020;7;IV;15 a 19;25;28;7,0;15
07/2020;HRJP;2020;7;V;20 a 24;40;9;3,6;4
07/2020;HRJP;2020;7;VI;25 a 29;55;0;0,0;0
07/2020;HRJP;2020;7;VII;30 a 34;75;0;0,0;0
07/2020;HRJP;2020;7;VIII;> 34;85;0;0,0;0
07/2020;MOV;2020;7;I;0 a 4;4;0;0,0;0
07/2020;MOV;2020;7;II;5 a 9;8;0;0,0;0
07/2020;MOV;2020;7;III;10 a 14;15;0;0,0;0
07/2020;MOV;2020;7;IV;15 a 19;25;0;0,0;0
07/2020;MOV;2020;7;V;20 a 24;40;0;0,0;0
07/2020;MOV;2020;7;VI;25 a 29;55;0;0,0;0
07/2020;MOV;2020;7;VII;30 a 34;75;0;0,0;0
07/2020;MOV;2020;7;VIII;> 34;85;0;0,0;0
08/2020;HAC;2020;8;I;0 a 4;4;0;0,0;0
08/2020;HAC;2020;8;II;5 a 9;8;1;0,08;0
08/2020;HAC;2020;8;III;10 a 14;15;8;1,2;0
08/2020;HAC;2020;8;IV;15 a 19;25;9;2,25;0
08/2020;HAC;2020;8;V;20 a 24;40;1;0,4;0
08/2020;HAC;2020;8;VI;25 a 29;55;6;3,3;2
08/2020;HAC;2020;8;VII;30 a 34;75;3;2,25;2
08/2020;HAC;2020;8;VIII;> 34;85;1;0,85;1
08/2020;HEM;2020;8;I;0 a 4;4;0;0,0;0
08/2020;HEM;2020;8;II;5 a 9;8;4;0,32;1
08/2020;HEM;2020;8;III;10 a 14;15;17;2,55;4
08/2020;HEM;2020;8;IV;15 a 19;25;20;5,0;9
08/2020;HEM;2020;8;V;20 a 24;40;13;5,2;6
08/2020;HEM;2020;8;VI;25 a 29;55;11;6,05;6
08/2020;HEM;2020;8;VII;30 a 34;75;6;4,5;6
08/2020;HEM;2020;8;VIII;> 34;85;4;3,4;4
08/2020;HJK;2020;8;I;0 a 4;4;91;3,6799999999999997;5
08/2020;HJK;2020;8;II;5 a 9;8;193;15,48;20
08/2020;HJK;2020;8;III;10 a 14;15;219;33,0;12
08/2020;HJK;2020;8;IV;15 a 19;25;202;50,6;27
08/2020;HJK;2020;8;V;20 a 24;40;135;54,0;26
08/2020;HJK;2020;8;VI;25 a 29;55;67;36,9;27
08/2020;HJK;2020;8;VII;30 a 34;75;36;27,1;15
08/2020;HJK;2020;8;VIII;> 34;85;21;17,9;16
08/2020;HJXXIII;2020;8;I;0 a 4;4;9;0,36;0
08/2020;HJXXIII;2020;8;II;5 a 9;8;30;2,4;0
08/2020;HJXXIII;2020;8;III;10 a 14;15;34;5,1;4
08/2020;HJXXIII;2020;8;IV;15 a 19;25;12;3,0;1
08/2020;HJXXIII;2020;8;V;20 a 24;40;6;2,4;2
08/2020;HJXXIII;2020;8;VI;25 a 29;55;3;1,65;1
08/2020;HJXXIII;2020;8;VII;30 a 34;75;1;0,75;0
08/2020;HJXXIII;2020;8;VIII;> 34;85;0;0,0;0
08/2020;HRAD;2020;8;I;0 a 4;4;3;0,12;0
08/2020;HRAD;2020;8;II;5 a 9;8;4;0,32;0
08/2020;HRAD;2020;8;III;10 a 14;15;7;1,05;1
08/2020;HRAD;2020;8;IV;15 a 19;25;9;2,25;1
08/2020;HRAD;2020;8;V;20 a 24;40;10;4,0;5
08/2020;HRAD;2020;8;VI;25 a 29;55;10;5,5;3
08/2020;HRAD;2020;8;VII;30 a 34;75;3;2,25;1
08/2020;HRAD;2020;8;VIII;> 34;85;0;0,0;0
08/2020;HRBJA;2020;8;I;0 a 4;4;0;0,0;0
08/2020;HRBJA;2020;8;II;5 a 9;8;0;0,0;0
08/2020;HRBJA;2020;8;III;10 a 14;15;0;0,0;0
08/2020;HRBJA;2020;8;IV;15 a 19;25;0;0,0;0
08/2020;HRBJA;2020;8;V;20 a 24;40;0;0,0;0
08/2020;HRBJA;2020;8;VI;25 a 29;55;0;0,0;0
08/2020;HRBJA;2020;8;VII;30 a 34;75;0;0,0;0
08/2020;HRBJA;2020;8;VIII;> 34;85;0;0,0;0
08/2020;HRJP;2020;8;I;0 a 4;4;0;0,0;0
08/2020;HRJP;2020;8;II;5 a 9;8;10;0,8;3
08/2020;HRJP;2020;8;III;10 a 14;15;24;3,6;1
08/2020;HRJP;2020;8;IV;15 a 19;25;22;5,5;6
08/2020;HRJP;2020;8;V;20 a 24;40;12;4,8;7
08/2020;HRJP;2020;8;VI;25 a 29;55;0;0,0;0
08/2020;HRJP;2020;8;VII;30 a 34;75;0;0,0;0
08/2020;HRJP;2020;8;VIII;> 34;85;0;0,0;0
08/2020;MOV;2020;8;I;0 a 4;4;0;0,0;0
08/2020;MOV;2020;8;II;5 a 9;8;0;0,0;0
08/2020;MOV;2020;8;III;10 a 14;15;0;0,0;0
08/2020;MOV;2020;8;IV;15 a 19;25;0;0,0;0
08/2020;MOV;2020;8;V;20 a 24;40;0;0,0;0
08/2020;MOV;2020;8;VI;25 a 29;55;0;0,0;0
08/2020;MOV;2020;8;VII;30 a 34;75;0;0,0;0
08/2020;MOV;2020;8;VIII;> 34;85;0;0,0;0
09/2020;HAC;2020;9;I;0 a 4;4;5;0,2;1
09/2020;HAC;2020;9;II;5 a 9;8;20;1,6;0
09/2020;HAC;2020;9;III;10 a 14;15;13;1,95;0
09/2020;HAC;2020;9;IV;15 a 19;25;7;1,75;1
09/2020;HAC;2020;9;V;20 a 24;40;6;2,4;0
09/2020;HAC;2020;9;VI;25 a 29;55;2;1,1;1
09/2020;HAC;2020;9;VII;30 a 34;75;0;0,0;0
09/2020;HAC;2020;9;VIII;> 34;85;0;0,0;0
09/2020;HEM;2020;9;I;0 a 4;4;1;0,04;0
09/2020;HEM;2020;9;II;5 a 9;8;5;0,4;0
09/2020;HEM;2020;9;III;10 a 14;15;14;2,1;0
09/2020;HEM;2020;9;IV;15 a 19;25;17;4,25;5
09/2020;HEM;2020;9;V;20 a 24;40;15;6,0;7
09/2020;HEM;2020;9;VI;25 a 29;55;6;3,3;5
09/2020;HEM;2020;9;VII;30 a 34;75;4;3,0;2
09/2020;HEM;2020;9;VIII;> 34;85;1;0,85;1
09/2020;HJK;2020;9;I;0 a 4;4;90;3,6399999999999997;5
09/2020;HJK;2020;9;II;5 a 9;8;193;15,48;20
09/2020;HJK;2020;9;III;10 a 14;15;225;33,9;12
09/2020;HJK;2020;9;IV;15 a 19;25;213;53,35;26
09/2020;HJK;2020;9;V;20 a 24;40;138;55,2;28
09/2020;HJK;2020;9;VI;25 a 29;55;60;33,05;25
09/2020;HJK;2020;9;VII;30 a 34;75;32;24,1;13
09/2020;HJK;2020;9;VIII;> 34;85;19;16,2;16
09/2020;HJXXIII;2020;9;I;0 a 4;4;10;0,4;0
09/2020;HJXXIII;2020;9;II;5 a 9;8;32;2,56;1
09/2020;HJXXIII;2020;9;III;10 a 14;15;25;3,75;2
09/2020;HJXXIII;2020;9;IV;15 a 19;25;17;4,25;3
09/2020;HJXXIII;2020;9;V;20 a 24;40;12;4,8;4
09/2020;HJXXIII;2020;9;VI;25 a 29;55;5;2,75;1
09/2020;HJXXIII;2020;9;VII;30 a 34;75;2;1,5;2
09/2020;HJXXIII;2020;9;VIII;> 34;85;0;0,0;0
09/2020;HRAD;2020;9;I;0 a 4;4;0;0,0;0
09/2020;HRAD;2020;9;II;5 a 9;8;9;0,72;0
09/2020;HRAD;2020;9;III;10 a 14;15;11;1,65;1
09/2020;HRAD;2020;9;IV;15 a 19;25;11;2,75;2
09/2020;HRAD;2020;9;V;20 a 24;40;8;3,2;4
09/2020;HRAD;2020;9;VI;25 a 29;55;5;2,75;4
09/2020;HRAD;2020;9;VII;30 a 34;75;1;0,75;1
09/2020;HRAD;2020;9;VIII;> 34;85;0;0,0;0
09/2020;HRBJA;2020;9;I;0 a 4;4;0;0,0;0
09/2020;HRBJA;2020;9;II;5 a 9;8;0;0,0;0
09/2020;HRBJA;2020;9;III;10 a 14;15;0;0,0;0
09/2020;HRBJA;2020;9;IV;15 a 19;25;0;0,0;0
09/2020;HRBJA;2020;9;V;20 a 24;40;0;0,0;0
09/2020;HRBJA;2020;9;VI;25 a 29;55;0;0,0;0
09/2020;HRBJA;2020;9;VII;30 a 34;75;0;0,0;0
09/2020;HRBJA;2020;9;VIII;> 34;85;0;0,0;0
09/2020;HRJP;2020;9;I;0 a 4;4;0;0,0;1
09/2020;HRJP;2020;9;II;5 a 9;8;2;0,16;5
09/2020;HRJP;2020;9;III;10 a 14;15;1;0,15;9
09/2020;HRJP;2020;9;IV;15 a 19;25;6;1,5;14
09/2020;HRJP;2020;9;V;20 a 24;40;3;1,2;3
09/2020;HRJP;2020;9;VI;25 a 29;55;0;0,0;3
09/2020;HRJP;2020;9;VII;30 a 34;75;0;0,0;2
09/2020;HRJP;2020;9;VIII;> 34;85;0;0,0;0
09/2020;MOV;2020;9;I;0 a 4;4;0;0,0;0
09/2020;MOV;2020;9;II;5 a 9;8;0;0,0;0
09/2020;MOV;2020;9;III;10 a 14;15;0;0,0;0
09/2020;MOV;2020;9;IV;15 a 19;25;0;0,0;0
09/2020;MOV;2020;9;V;20 a 24;40;0;0,0;0
09/2020;MOV;2020;9;VI;25 a 29;55;0;0,0;0
09/2020;MOV;2020;9;VII;30 a 34;75;0;0,0;0
09/2020;MOV;2020;9;VIII;> 34;85;0;0,0;0
10/2020;HAC;2020;10;I;0 a 4;4;1;0,04;0
10/2020;HAC;2020;10;II;5 a 9;8;13;1,04;1
10/2020;HAC;2020;10;III;10 a 14;15;14;2,1;0
10/2020;HAC;2020;10;IV;15 a 19;25;4;1,0;1
10/2020;HAC;2020;10;V;20 a 24;40;2;0,8;0
10/2020;HAC;2020;10;VI;25 a 29;55;0;0,0;0
10/2020;HAC;2020;10;VII;30 a 34;75;2;1,5;2
10/2020;HAC;2020;10;VIII;> 34;85;2;1,7;2
10/2020;HEM;2020;10;I;0 a 4;4;0;0,0;0
10/2020;HEM;2020;10;II;5 a 9;8;5;0,4;0
10/2020;HEM;2020;10;III;10 a 14;15;17;2,55;3
10/2020;HEM;2020;10;IV;15 a 19;25;16;4,0;6
10/2020;HEM;2020;10;V;20 a 24;40;10;4,0;3
10/2020;HEM;2020;10;VI;25 a 29;55;3;1,65;2
10/2020;HEM;2020;10;VII;30 a 34;75;4;3,0;3
10/2020;HEM;2020;10;VIII;> 34;85;3;2,55;2
10/2020;HJK;2020;10;I;0 a 4;4;89;3,5999999999999996;5
10/2020;HJK;2020;10;II;5 a 9;8;194;15,56;21
10/2020;HJK;2020;10;III;10 a 14;15;226;34,05;12
10/2020;HJK;2020;10;IV;15 a 19;25;209;52,35;30
10/2020;HJK;2020;10;V;20 a 24;40;137;54,8;30
10/2020;HJK;2020;10;VI;25 a 29;55;63;34,699999999999996;25
10/2020;HJK;2020;10;VII;30 a 34;75;31;23,35;13
10/2020;HJK;2020;10;VIII;> 34;85;17;14,5;14
10/2020;HJXXIII;2020;10;I;0 a 4;4;16;0,64;0
10/2020;HJXXIII;2020;10;II;5 a 9;8;22;1,76;3
10/2020;HJXXIII;2020;10;III;10 a 14;15;20;3,0;6
10/2020;HJXXIII;2020;10;IV;15 a 19;25;19;4,75;7
10/2020;HJXXIII;2020;10;V;20 a 24;40;19;7,6;8
10/2020;HJXXIII;2020;10;VI;25 a 29;55;8;4,4;3
10/2020;HJXXIII;2020;10;VII;30 a 34;75;2;1,5;1
10/2020;HJXXIII;2020;10;VIII;> 34;85;3;2,55;2
10/2020;HRAD;2020;10;I;0 a 4;4;0;0,0;0
10/2020;HRAD;2020;10;II;5 a 9;8;17;1,3599999999999999;0
10/2020;HRAD;2020;10;III;10 a 14;15;18;2,7;1
10/2020;HRAD;2020;10;IV;15 a 19;25;7;1,75;1
10/2020;HRAD;2020;10;V;20 a 24;40;7;2,8;3
10/2020;HRAD;2020;10;VI;25 a 29;55;4;2,2;1
10/2020;HRAD;2020;10;VII;30 a 34;75;0;0,0;0
10/2020;HRAD;2020;10;VIII;> 34;85;0;0,0;0
10/2020;HRBJA;2020;10;I;0 a 4;4;0;0,0;0
10/2020;HRBJA;2020;10;II;5 a 9;8;0;0,0;0
10/2020;HRBJA;2020;10;III;10 a 14;15;0;0,0;0
10/2020;HRBJA;2020;10;IV;15 a 19;25;0;0,0;0
10/2020;HRBJA;2020;10;V;20 a 24;40;0;0,0;0
10/2020;HRBJA;2020;10;VI;25 a 29;55;0;0,0;0
10/2020;HRBJA;2020;10;VII;30 a 34;75;0;0,0;0
10/2020;HRBJA;2020;10;VIII;> 34;85;0;0,0;0
10/2020;HRJP;2020;10;I;0 a 4;4;1;0,04;0
10/2020;HRJP;2020;10;II;5 a 9;8;1;0,08;0
10/2020;HRJP;2020;10;III;10 a 14;15;24;3,6;3
10/2020;HRJP;2020;10;IV;15 a 19;25;23;5,75;10
10/2020;HRJP;2020;10;V;20 a 24;40;7;2,8;3
10/2020;HRJP;2020;10;VI;25 a 29;55;0;0,0;0
10/2020;HRJP;2020;10;VII;30 a 34;75;0;0,0;0
10/2020;HRJP;2020;10;VIII;> 34;85;0;0,0;0
10/2020;MOV;2020;10;I;0 a 4;4;0;0,0;0
10/2020;MOV;2020;10;II;5 a 9;8;0;0,0;0
10/2020;MOV;2020;10;III;10 a 14;15;0;0,0;0
10/2020;MOV;2020;10;IV;15 a 19;25;0;0,0;0
10/2020;MOV;2020;10;V;20 a 24;40;0;0,0;0
10/2020;MOV;2020;10;VI;25 a 29;55;0;0,0;0
10/2020;MOV;2020;10;VII;30 a 34;75;0;0,0;0
10/2020;MOV;2020;10;VIII;> 34;85;0;0,0;0
11/2020;HAC;2020;11;I;0 a 4;4;3;0,12;0
11/2020;HAC;2020;11;II;5 a 9;8;11;0,88;0
11/2020;HAC;2020;11;III;10 a 14;15;16;2,4;2
11/2020;HAC;2020;11;IV;15 a 19;25;5;1,25;1
11/2020;HAC;2020;11;V;20 a 24;40;2;0,8;1
11/2020;HAC;2020;11;VI;25 a 29;55;1;0,55;0
11/2020;HAC;2020;11;VII;30 a 34;75;0;0,0;0
11/2020;HAC;2020;11;VIII;> 34;85;0;0,0;0
11/2020;HEM;2020;11;I;0 a 4;4;1;0,04;0
11/2020;HEM;2020;11;II;5 a 9;8;10;0,8;1
11/2020;HEM;2020;11;III;10 a 14;15;16;2,4;1
11/2020;HEM;2020;11;IV;15 a 19;25;13;3,25;1
11/2020;HEM;2020;11;V;20 a 24;40;17;6,8;2
11/2020;HEM;2020;11;VI;25 a 29;55;3;1,65;0
11/2020;HEM;2020;11;VII;30 a 34;75;3;2,25;0
11/2020;HEM;2020;11;VIII;> 34;85;3;2,55;2
11/2020;HJK;2020;11;I;0 a 4;4;91;3,6799999999999997;5
11/2020;HJK;2020;11;II;5 a 9;8;195;15,64;20
11/2020;HJK;2020;11;III;10 a 14;15;228;34,35;12
11/2020;HJK;2020;11;IV;15 a 19;25;206;51,6;27
11/2020;HJK;2020;11;V;20 a 24;40;137;54,8;28
11/2020;HJK;2020;11;VI;25 a 29;55;70;38,55;23
11/2020;HJK;2020;11;VII;30 a 34;75;32;24,1;14
11/2020;HJK;2020;11;VIII;> 34;85;16;13,65;13
11/2020;HJXXIII;2020;11;I;0 a 4;4;12;0,48;0
11/2020;HJXXIII;2020;11;II;5 a 9;8;39;3,12;1
11/2020;HJXXIII;2020;11;III;10 a 14;15;38;5,7;5
11/2020;HJXXIII;2020;11;IV;15 a 19;25;24;6,0;4
11/2020;HJXXIII;2020;11;V;20 a 24;40;8;3,2;4
11/2020;HJXXIII;2020;11;VI;25 a 29;55;5;2,75;3
11/2020;HJXXIII;2020;11;VII;30 a 34;75;0;0,0;0
11/2020;HJXXIII;2020;11;VIII;> 34;85;0;0,0;0
11/2020;HRAD;2020;11;I;0 a 4;4;0;0,0;0
11/2020;HRAD;2020;11;II;5 a 9;8;2;0,16;0
11/2020;HRAD;2020;11;III;10 a 14;15;13;1,9500000000000002;1
11/2020;HRAD;2020;11;IV;15 a 19;25;13;3,25;2
11/2020;HRAD;2020;11;V;20 a 24;40;11;4,4;1
11/2020;HRAD;2020;11;VI;25 a 29;55;2;1,1;2
11/2020;HRAD;2020;11;VII;30 a 34;75;4;3,0;2
11/2020;HRAD;2020;11;VIII;> 34;85;0;0,0;0
11/2020;HRBJA;2020;11;I;0 a 4;4;0;0,0;0
11/2020;HRBJA;2020;11;II;5 a 9;8;0;0,0;0
11/2020;HRBJA;2020;11;III;10 a 14;15;0;0,0;0
11/2020;HRBJA;2020;11;IV;15 a 19;25;0;0,0;0
11/2020;HRBJA;2020;11;V;20 a 24;40;0;0,0;0
11/2020;HRBJA;2020;11;VI;25 a 29;55;0;0,0;0
11/2020;HRBJA;2020;11;VII;30 a 34;75;0;0,0;0
11/2020;HRBJA;2020;11;VIII;> 34;85;0;0,0;0
11/2020;HRJP;2020;11;I;0 a 4;4;0;0,0;0
11/2020;HRJP;2020;11;II;5 a 9;8;1;0,08;0
11/2020;HRJP;2020;11;III;10 a 14;15;19;2,85;3
11/2020;HRJP;2020;11;IV;15 a 19;25;28;7,0;9
11/2020;HRJP;2020;11;V;20 a 24;40;8;3,2;4
11/2020;HRJP;2020;11;VI;25 a 29;55;0;0,0;0
11/2020;HRJP;2020;11;VII;30 a 34;75;0;0,0;0
11/2020;HRJP;2020;11;VIII;> 34;85;0;0,0;0
11/2020;MOV;2020;11;I;0 a 4;4;0;0,0;0
11/2020;MOV;2020;11;II;5 a 9;8;0;0,0;0
11/2020;MOV;2020;11;III;10 a 14;15;0;0,0;0
11/2020;MOV;2020;11;IV;15 a 19;25;0;0,0;0
11/2020;MOV;2020;11;V;20 a 24;40;0;0,0;0
11/2020;MOV;2020;11;VI;25 a 29;55;0;0,0;0
11/2020;MOV;2020;11;VII;30 a 34;75;0;0,0;0
11/2020;MOV;2020;11;VIII;> 34;85;0;0,0;0
12/2020;HAC;2020;12;I;0 a 4;4;0;0,0;0
12/2020;HAC;2020;12;II;5 a 9;8;5;0,4;0
12/2020;HAC;2020;12;III;10 a 14;15;7;1,05;0
12/2020;HAC;2020;12;IV;15 a 19;25;11;2,75;0
12/2020;HAC;2020;12;V;20 a 24;40;3;1,2;0
12/2020;HAC;2020;12;VI;25 a 29;55;1;0,55;0
12/2020;HAC;2020;12;VII;30 a 34;75;0;0,0;0
12/2020;HAC;2020;12;VIII;> 34;85;3;2,55;3
12/2020;HEM;2020;12;I;0 a 4;4;0;0,0;0
12/2020;HEM;2020;12;II;5 a 9;8;7;0,56;1
12/2020;HEM;2020;12;III;10 a 14;15;26;3,9;7
12/2020;HEM;2020;12;IV;15 a 19;25;32;8,0;9
12/2020;HEM;2020;12;V;20 a 24;40;13;5,2;3
12/2020;HEM;2020;12;VI;25 a 29;55;9;4,95;6
12/2020;HEM;2020;12;VII;30 a 34;75;6;4,5;3
12/2020;HEM;2020;12;VIII;> 34;85;5;4,25;5
12/2020;HJK;2020;12;I;0 a 4;4;89;3,5999999999999996;5
12/2020;HJK;2020;12;II;5 a 9;8;199;15,96;20
12/2020;HJK;2020;12;III;10 a 14;15;236;35,55;14
12/2020;HJK;2020;12;IV;15 a 19;25;201;50,35;27
12/2020;HJK;2020;12;V;20 a 24;40;135;54,0;26
12/2020;HJK;2020;12;VI;25 a 29;55;64;35,25;24
12/2020;HJK;2020;12;VII;30 a 34;75;31;23,35;14
12/2020;HJK;2020;12;VIII;> 34;85;19;16,2;13
12/2020;HJXXIII;2020;12;I;0 a 4;4;12;0,48;0
12/2020;HJXXIII;2020;12;II;5 a 9;8;31;2,48;0
12/2020;HJXXIII;2020;12;III;10 a 14;15;39;5,85;6
12/2020;HJXXIII;2020;12;IV;15 a 19;25;24;6,0;4
12/2020;HJXXIII;2020;12;V;20 a 24;40;10;4,0;4
12/2020;HJXXIII;2020;12;VI;25 a 29;55;8;4,4;5
12/2020;HJXXIII;2020;12;VII;30 a 34;75;4;3,0;3
12/2020;HJXXIII;2020;12;VIII;> 34;85;0;0,0;0
12/2020;HRAD;2020;12;I;0 a 4;4;2;0,08;0
12/2020;HRAD;2020;12;II;5 a 9;8;7;0,56;0
12/2020;HRAD;2020;12;III;10 a 14;15;9;1,35;1
12/2020;HRAD;2020;12;IV;15 a 19;25;11;2,75;0
12/2020;HRAD;2020;12;V;20 a 24;40;11;4,4;2
12/2020;HRAD;2020;12;VI;25 a 29;55;3;1,65;0
12/2020;HRAD;2020;12;VII;30 a 34;75;1;0,75;0
12/2020;HRAD;2020;12;VIII;> 34;85;0;0,0;0
12/2020;HRBJA;2020;12;I;0 a 4;4;0;0,0;0
12/2020;HRBJA;2020;12;II;5 a 9;8;0;0,0;0
12/2020;HRBJA;2020;12;III;10 a 14;15;0;0,0;0
12/2020;HRBJA;2020;12;IV;15 a 19;25;0;0,0;0
12/2020;HRBJA;2020;12;V;20 a 24;40;0;0,0;0
12/2020;HRBJA;2020;12;VI;25 a 29;55;0;0,0;0
12/2020;HRBJA;2020;12;VII;30 a 34;75;0;0,0;0
12/2020;HRBJA;2020;12;VIII;> 34;85;0;0,0;0
12/2020;HRJP;2020;12;I;0 a 4;4;2;0,08;0
12/2020;HRJP;2020;12;II;5 a 9;8;2;0,16;0
12/2020;HRJP;2020;12;III;10 a 14;15;20;3,0;2
12/2020;HRJP;2020;12;IV;15 a 19;25;25;6,25;9
12/2020;HRJP;2020;12;V;20 a 24;40;12;4,8;6
12/2020;HRJP;2020;12;VI;25 a 29;55;0;0,0;0
12/2020;HRJP;2020;12;VII;30 a 34;75;0;0,0;0
12/2020;HRJP;2020;12;VIII;> 34;85;0;0,0;0
12/2020;MOV;2020;12;I;0 a 4;4;0;0,0;0
12/2020;MOV;2020;12;II;5 a 9;8;0;0,0;0
12/2020;MOV;2020;12;III;10 a 14;15;0;0,0;0
12/2020;MOV;2020;12;IV;15 a 19;25;0;0,0;0
12/2020;MOV;2020;12;V;20 a 24;40;0;0,0;0
12/2020;MOV;2020;12;VI;25 a 29;55;0;0,0;0
12/2020;MOV;2020;12;VII;30 a 34;75;0;0,0;0
12/2020;MOV;2020;12;VIII;> 34;85;0;0,0;0
01/2021;HAC;2021;1;I;0 a 4;4;0;0,0;0
01/2021;HAC;2021;1;II;5 a 9;8;5;0,4;0
01/2021;HAC;2021;1;III;10 a 14;15;9;1,35;0
01/2021;HAC;2021;1;IV;15 a 19;25;4;1,0;1
01/2021;HAC;2021;1;V;20 a 24;40;11;4,4;3
01/2021;HAC;2021;1;VI;25 a 29;55;3;1,65;2
01/2021;HAC;2021;1;VII;30 a 34;75;0;0,0;0
01/2021;HAC;2021;1;VIII;> 34;85;2;1,7;2
01/2021;HEM;2021;1;I;0 a 4;4;0;0,0;0
01/2021;HEM;2021;1;II;5 a 9;8;8;0,64;2
01/2021;HEM;2021;1;III;10 a 14;15;22;3,3;7
01/2021;HEM;2021;1;IV;15 a 19;25;11;2,75;6
01/2021;HEM;2021;1;V;20 a 24;40;16;6,4;7
01/2021;HEM;2021;1;VI;25 a 29;55;8;4,4;5
01/2021;HEM;2021;1;VII;30 a 34;75;8;6,0;6
01/2021;HEM;2021;1;VIII;> 34;85;7;5,95;7
01/2021;HJK;2021;1;I;0 a 4;4;89;3,5999999999999996;5
01/2021;HJK;2021;1;II;5 a 9;8;194;15,56;20
01/2021;HJK;2021;1;III;10 a 14;15;232;34,95;13
01/2021;HJK;2021;1;IV;15 a 19;25;210;52,6;27
01/2021;HJK;2021;1;V;20 a 24;40;131;52,4;26
01/2021;HJK;2021;1;VI;25 a 29;55;69;38,0;26
01/2021;HJK;2021;1;VII;30 a 34;75;33;24,85;15
01/2021;HJK;2021;1;VIII;> 34;85;20;17,05;17
01/2021;HJXXIII;2021;1;I;0 a 4;4;13;0,52;0
01/2021;HJXXIII;2021;1;II;5 a 9;8;34;2,72;1
01/2021;HJXXIII;2021;1;III;10 a 14;15;39;5,85;4
01/2021;HJXXIII;2021;1;IV;15 a 19;25;27;6,75;4
01/2021;HJXXIII;2021;1;V;20 a 24;40;9;3,6;6
01/2021;HJXXIII;2021;1;VI;25 a 29;55;7;3,85;4
01/2021;HJXXIII;2021;1;VII;30 a 34;75;3;2,25;3
01/2021;HJXXIII;2021;1;VIII;> 34;85;0;0,0;0
01/2021;HRAD;2021;1;I;0 a 4;4;0;0,0;0
01/2021;HRAD;2021;1;II;5 a 9;8;1;0,08;0
01/2021;HRAD;2021;1;III;10 a 14;15;7;1,05;1
01/2021;HRAD;2021;1;IV;15 a 19;25;7;1,75;1
01/2021;HRAD;2021;1;V;20 a 24;40;7;2,8;1
01/2021;HRAD;2021;1;VI;25 a 29;55;3;1,65;2
01/2021;HRAD;2021;1;VII;30 a 34;75;0;0,0;0
01/2021;HRAD;2021;1;VIII;> 34;85;0;0,0;0
01/2021;HRBJA;2021;1;I;0 a 4;4;0;0,0;0
01/2021;HRBJA;2021;1;II;5 a 9;8;4;0,32;0
01/2021;HRBJA;2021;1;III;10 a 14;15;5;0,75;2
01/2021;HRBJA;2021;1;IV;15 a 19;25;10;2,5;2
01/2021;HRBJA;2021;1;V;20 a 24;40;3;1,2;1
01/2021;HRBJA;2021;1;VI;25 a 29;55;2;1,1;2
01/2021;HRBJA;2021;1;VII;30 a 34;75;0;0,0;0
01/2021;HRBJA;2021;1;VIII;> 34;85;0;0,0;0
01/2021;HRJP;2021;1;I;0 a 4;4;3;0,12;0
01/2021;HRJP;2021;1;II;5 a 9;8;3;0,24;1
01/2021;HRJP;2021;1;III;10 a 14;15;21;3,15;1
01/2021;HRJP;2021;1;IV;15 a 19;25;26;6,5;9
01/2021;HRJP;2021;1;V;20 a 24;40;10;4,0;5
01/2021;HRJP;2021;1;VI;25 a 29;55;0;0,0;0
01/2021;HRJP;2021;1;VII;30 a 34;75;0;0,0;0
01/2021;HRJP;2021;1;VIII;> 34;85;0;0,0;0
01/2021;MOV;2021;1;I;0 a 4;4;0;0,0;0
01/2021;MOV;2021;1;II;5 a 9;8;0;0,0;0
01/2021;MOV;2021;1;III;10 a 14;15;0;0,0;0
01/2021;MOV;2021;1;IV;15 a 19;25;0;0,0;0
01/2021;MOV;2021;1;V;20 a 24;40;0;0,0;0
01/2021;MOV;2021;1;VI;25 a 29;55;0;0,0;0
01/2021;MOV;2021;1;VII;30 a 34;75;0;0,0;0
01/2021;MOV;2021;1;VIII;> 34;85;0;0,0;0
02/2021;HAC;2021;2;I;0 a 4;4;2;0,08;0
02/2021;HAC;2021;2;II;5 a 9;8;8;0,64;1
02/2021;HAC;2021;2;III;10 a 14;15;16;2,4;0
02/2021;HAC;2021;2;IV;15 a 19;25;6;1,5;0
02/2021;HAC;2021;2;V;20 a 24;40;1;0,4;0
02/2021;HAC;2021;2;VI;25 a 29;55;0;0,0;0
02/2021;HAC;2021;2;VII;30 a 34;75;0;0,0;0
02/2021;HAC;2021;2;VIII;> 34;85;0;0,0;0
02/2021;HEM;2021;2;I;0 a 4;4;1;0,04;0
02/2021;HEM;2021;2;II;5 a 9;8;10;0,8;0
02/2021;HEM;2021;2;III;10 a 14;15;19;2,85;3
02/2021;HEM;2021;2;IV;15 a 19;25;9;2,25;4
02/2021;HEM;2021;2;V;20 a 24;40;7;2,8;1
02/2021;HEM;2021;2;VI;25 a 29;55;6;3,3;3
02/2021;HEM;2021;2;VII;30 a 34;75;7;5,25;4
02/2021;HEM;2021;2;VIII;> 34;85;3;2,55;2
02/2021;HJK;2021;2;I;0 a 4;4;89;3,5999999999999996;5
02/2021;HJK;2021;2;II;5 a 9;8;196;15,72;20
02/2021;HJK;2021;2;III;10 a 14;15;234;35,25;16
02/2021;HJK;2021;2;IV;15 a 19;25;226;56,6;33
02/2021;HJK;2021;2;V;20 a 24;40;138;55,2;27
02/2021;HJK;2021;2;VI;25 a 29;55;71;39,099999999999994;28
02/2021;HJK;2021;2;VII;30 a 34;75;36;27,1;17
02/2021;HJK;2021;2;VIII;> 34;85;21;17,9;17
02/2021;HJXXIII;2021;2;I;0 a 4;4;18;0,72;0
02/2021;HJXXIII;2021;2;II;5 a 9;8;30;2,4;6
02/2021;HJXXIII;2021;2;III;10 a 14;15;39;5,85;6
02/2021;HJXXIII;2021;2;IV;15 a 19;25;19;4,75;7
02/2021;HJXXIII;2021;2;V;20 a 24;40;5;2,0;2
02/2021;HJXXIII;2021;2;VI;25 a 29;55;4;2,2;2
02/2021;HJXXIII;2021;2;VII;30 a 34;75;1;0,75;0
02/2021;HJXXIII;2021;2;VIII;> 34;85;0;0,0;0
02/2021;HRAD;2021;2;I;0 a 4;4;0;0,0;0
02/2021;HRAD;2021;2;II;5 a 9;8;5;0,4;1
02/2021;HRAD;2021;2;III;10 a 14;15;9;1,35;0
02/2021;HRAD;2021;2;IV;15 a 19;25;6;1,5;0
02/2021;HRAD;2021;2;V;20 a 24;40;9;3,6;3
02/2021;HRAD;2021;2;VI;25 a 29;55;1;0,55;1
02/2021;HRAD;2021;2;VII;30 a 34;75;1;0,75;1
02/2021;HRAD;2021;2;VIII;> 34;85;0;0,0;0
02/2021;HRBJA;2021;2;I;0 a 4;4;0;0,0;0
02/2021;HRBJA;2021;2;II;5 a 9;8;3;0,24;0
02/2021;HRBJA;2021;2;III;10 a 14;15;6;0,9;0
02/2021;HRBJA;2021;2;IV;15 a 19;25;11;2,75;2
02/2021;HRBJA;2021;2;V;20 a 24;40;2;0,8;0
02/2021;HRBJA;2021;2;VI;25 a 29;55;3;1,65;1
02/2021;HRBJA;2021;2;VII;30 a 34;75;3;2,25;3
02/2021;HRBJA;2021;2;VIII;> 34;85;1;0,85;0
02/2021;HRJP;2021;2;I;0 a 4;4;2;0,08;0
02/2021;HRJP;2021;2;II;5 a 9;8;3;0,24;1
02/2021;HRJP;2021;2;III;10 a 14;15;5;0,75;0
02/2021;HRJP;2021;2;IV;15 a 19;25;17;4,25;7
02/2021;HRJP;2021;2;V;20 a 24;40;11;4,4;6
02/2021;HRJP;2021;2;VI;25 a 29;55;4;2,2;2
02/2021;HRJP;2021;2;VII;30 a 34;75;1;0,75;0
02/2021;HRJP;2021;2;VIII;> 34;85;0;0,0;0
02/2021;MOV;2021;2;I;0 a 4;4;0;0,0;0
02/2021;MOV;2021;2;II;5 a 9;8;0;0,0;0
02/2021;MOV;2021;2;III;10 a 14;15;0;0,0;0
02/2021;MOV;2021;2;IV;15 a 19;25;0;0,0;0
02/2021;MOV;2021;2;V;20 a 24;40;0;0,0;0
02/2021;MOV;2021;2;VI;25 a 29;55;0;0,0;0
02/2021;MOV;2021;2;VII;30 a 34;75;0;0,0;0
02/2021;MOV;2021;2;VIII;> 34;85;0;0,0;0
03/2021;HAC;2021;3;I;0 a 4;4;0;0,0;0
03/2021;HAC;2021;3;II;5 a 9;8;9;0,72;0
03/2021;HAC;2021;3;III;10 a 14;15;11;1,65;0
03/2021;HAC;2021;3;IV;15 a 19;25;12;3,0;0
03/2021;HAC;2021;3;V;20 a 24;40;3;1,2;0
03/2021;HAC;2021;3;VI;25 a 29;55;3;1,65;1
03/2021;HAC;2021;3;VII;30 a 34;75;3;2,25;1
03/2021;HAC;2021;3;VIII;> 34;85;1;0,85;1
03/2021;HEM;2021;3;I;0 a 4;4;0;0,0;0
03/2021;HEM;2021;3;II;5 a 9;8;11;0,88;2
03/2021;HEM;2021;3;III;10 a 14;15;35;5,25;9
03/2021;HEM;2021;3;IV;15 a 19;25;14;3,5;6
03/2021;HEM;2021;3;V;20 a 24;40;17;6,8;10
03/2021;HEM;2021;3;VI;25 a 29;55;16;8,8;9
03/2021;HEM;2021;3;VII;30 a 34;75;6;4,5;3
03/2021;HEM;2021;3;VIII;> 34;85;8;6,8;4
03/2021;HJK;2021;3;I;0 a 4;4;90;3,6399999999999997;5
03/2021;HJK;2021;3;II;5 a 9;8;203;16,28;20
03/2021;HJK;2021;3;III;10 a 14;15;239;36,0;18
03/2021;HJK;2021;3;IV;15 a 19;25;231;57,85;37
03/2021;HJK;2021;3;V;20 a 24;40;153;61,2;37
03/2021;HJK;2021;3;VI;25 a 29;55;71;39,099999999999994;30
03/2021;HJK;2021;3;VII;30 a 34;75;42;31,6;17
03/2021;HJK;2021;3;VIII;> 34;85;28;23,85;19
03/2021;HJXXIII;2021;3;I;0 a 4;4;17;0,68;0
03/2021;HJXXIII;2021;3;II;5 a 9;8;33;2,64;2
03/2021;HJXXIII;2021;3;III;10 a 14;15;44;6,6;7
03/2021;HJXXIII;2021;3;IV;15 a 19;25;31;7,75;14
03/2021;HJXXIII;2021;3;V;20 a 24;40;18;7,2;10
03/2021;HJXXIII;2021;3;VI;25 a 29;55;6;3,3;4
03/2021;HJXXIII;2021;3;VII;30 a 34;75;3;2,25;0
03/2021;HJXXIII;2021;3;VIII;> 34;85;0;0,0;0
03/2021;HRAD;2021;3;I;0 a 4;4;0;0,0;0
03/2021;HRAD;2021;3;II;5 a 9;8;1;0,08;0
03/2021;HRAD;2021;3;III;10 a 14;15;5;0,75;2
03/2021;HRAD;2021;3;IV;15 a 19;25;2;0,5;0
03/2021;HRAD;2021;3;V;20 a 24;40;8;3,2;4
03/2021;HRAD;2021;3;VI;25 a 29;55;5;2,75;2
03/2021;HRAD;2021;3;VII;30 a 34;75;0;0,0;0
03/2021;HRAD;2021;3;VIII;> 34;85;0;0,0;0
03/2021;HRBJA;2021;3;I;0 a 4;4;0;0,0;0
03/2021;HRBJA;2021;3;II;5 a 9;8;2;0,16;0
03/2021;HRBJA;2021;3;III;10 a 14;15;1;0,15;0
03/2021;HRBJA;2021;3;IV;15 a 19;25;7;1,75;1
03/2021;HRBJA;2021;3;V;20 a 24;40;8;3,2;3
03/2021;HRBJA;2021;3;VI;25 a 29;55;4;2,2;2
03/2021;HRBJA;2021;3;VII;30 a 34;75;0;0,0;0
03/2021;HRBJA;2021;3;VIII;> 34;85;0;0,0;0
03/2021;HRJP;2021;3;I;0 a 4;4;0;0,0;0
03/2021;HRJP;2021;3;II;5 a 9;8;3;0,24;0
03/2021;HRJP;2021;3;III;10 a 14;15;20;3,0;3
03/2021;HRJP;2021;3;IV;15 a 19;25;30;7,5;9
03/2021;HRJP;2021;3;V;20 a 24;40;6;2,4;3
03/2021;HRJP;2021;3;VI;25 a 29;55;0;0,0;0
03/2021;HRJP;2021;3;VII;30 a 34;75;0;0,0;0
03/2021;HRJP;2021;3;VIII;> 34;85;0;0,0;0
03/2021;MOV;2021;3;I;0 a 4;4;0;0,0;0
03/2021;MOV;2021;3;II;5 a 9;8;0;0,0;0
03/2021;MOV;2021;3;III;10 a 14;15;0;0,0;0
03/2021;MOV;2021;3;IV;15 a 19;25;0;0,0;0
03/2021;MOV;2021;3;V;20 a 24;40;0;0,0;0
03/2021;MOV;2021;3;VI;25 a 29;55;0;0,0;0
03/2021;MOV;2021;3;VII;30 a 34;75;0;0,0;0
03/2021;MOV;2021;3;VIII;> 34;85;0;0,0;0
04/2021;HAC;2021;4;I;0 a 4;4;0;0,0;0
04/2021;HAC;2021;4;II;5 a 9;8;5;0,4;0
04/2021;HAC;2021;4;III;10 a 14;15;13;1,95;1
04/2021;HAC;2021;4;IV;15 a 19;25;7;1,75;1
04/2021;HAC;2021;4;V;20 a 24;40;4;1,6;2
04/2021;HAC;2021;4;VI;25 a 29;55;4;2,2;3
04/2021;HAC;2021;4;VII;30 a 34;75;4;3,0;4
04/2021;HAC;2021;4;VIII;> 34;85;0;0,0;0
04/2021;HEM;2021;4;I;0 a 4;4;0;0,0;0
04/2021;HEM;2021;4;II;5 a 9;8;1;0,08;1
04/2021;HEM;2021;4;III;10 a 14;15;9;1,35;6
04/2021;HEM;2021;4;IV;15 a 19;25;25;6,25;13
04/2021;HEM;2021;4;V;20 a 24;40;25;10,0;12
04/2021;HEM;2021;4;VI;25 a 29;55;13;7,15;9
04/2021;HEM;2021;4;VII;30 a 34;75;2;1,5;2
04/2021;HEM;2021;4;VIII;> 34;85;9;7,65;7
04/2021;HJK;2021;4;I;0 a 4;4;91;3,6799999999999997;5
04/2021;HJK;2021;4;II;5 a 9;8;203;16,28;22
04/2021;HJK;2021;4;III;10 a 14;15;235;35,4;14
04/2021;HJK;2021;4;IV;15 a 19;25;216;54,1;34
04/2021;HJK;2021;4;V;20 a 24;40;138;55,2;29
04/2021;HJK;2021;4;VI;25 a 29;55;73;40,199999999999996;27
04/2021;HJK;2021;4;VII;30 a 34;75;37;27,85;19
04/2021;HJK;2021;4;VIII;> 34;85;32;27,25;21
04/2021;HJXXIII;2021;4;I;0 a 4;4;5;0,2;0
04/2021;HJXXIII;2021;4;II;5 a 9;8;19;1,52;1
04/2021;HJXXIII;2021;4;III;10 a 14;15;25;3,75;4
04/2021;HJXXIII;2021;4;IV;15 a 19;25;39;9,75;6
04/2021;HJXXIII;2021;4;V;20 a 24;40;22;8,8;8
04/2021;HJXXIII;2021;4;VI;25 a 29;55;12;6,6;8
04/2021;HJXXIII;2021;4;VII;30 a 34;75;2;1,5;2
04/2021;HJXXIII;2021;4;VIII;> 34;85;0;0,0;0
04/2021;HRAD;2021;4;I;0 a 4;4;0;0,0;0
04/2021;HRAD;2021;4;II;5 a 9;8;0;0,0;0
04/2021;HRAD;2021;4;III;10 a 14;15;2;0,3;0
04/2021;HRAD;2021;4;IV;15 a 19;25;11;2,75;2
04/2021;HRAD;2021;4;V;20 a 24;40;8;3,2;3
04/2021;HRAD;2021;4;VI;25 a 29;55;2;1,1;1
04/2021;HRAD;2021;4;VII;30 a 34;75;0;0,0;0
04/2021;HRAD;2021;4;VIII;> 34;85;0;0,0;0
04/2021;HRBJA;2021;4;I;0 a 4;4;0;0,0;0
04/2021;HRBJA;2021;4;II;5 a 9;8;4;0,32;0
04/2021;HRBJA;2021;4;III;10 a 14;15;9;1,35;0
04/2021;HRBJA;2021;4;IV;15 a 19;25;8;2,0;1
04/2021;HRBJA;2021;4;V;20 a 24;40;4;1,6;2
04/2021;HRBJA;2021;4;VI;25 a 29;55;6;3,3;5
04/2021;HRBJA;2021;4;VII;30 a 34;75;2;1,5;1
04/2021;HRBJA;2021;4;VIII;> 34;85;1;0,85;1
04/2021;HRJP;2021;4;I;0 a 4;4;0;0,0;0
04/2021;HRJP;2021;4;II;5 a 9;8;2;0,16;0
04/2021;HRJP;2021;4;III;10 a 14;15;18;2,7;4
04/2021;HRJP;2021;4;IV;15 a 19;25;30;7,5;4
04/2021;HRJP;2021;4;V;20 a 24;40;7;2,8;3
04/2021;HRJP;2021;4;VI;25 a 29;55;0;0,0;0
04/2021;HRJP;2021;4;VII;30 a 34;75;0;0,0;0
04/2021;HRJP;2021;4;VIII;> 34;85;0;0,0;0
04/2021;MOV;2021;4;I;0 a 4;4;0;0,0;0
04/2021;MOV;2021;4;II;5 a 9;8;0;0,0;0
04/2021;MOV;2021;4;III;10 a 14;15;0;0,0;0
04/2021;MOV;2021;4;IV;15 a 19;25;0;0,0;0
04/2021;MOV;2021;4;V;20 a 24;40;0;0,0;0
04/2021;MOV;2021;4;VI;25 a 29;55;0;0,0;0
04/2021;MOV;2021;4;VII;30 a 34;75;0;0,0;0
04/2021;MOV;2021;4;VIII;> 34;85;0;0,0;0
05/2021;HAC;2021;5;I;0 a 4;4;0;0,0;0
05/2021;HAC;2021;5;II;5 a 9;8;6;0,48;0
05/2021;HAC;2021;5;III;10 a 14;15;13;1,95;0
05/2021;HAC;2021;5;IV;15 a 19;25;11;2,75;0
05/2021;HAC;2021;5;V;20 a 24;40;5;2,0;0
05/2021;HAC;2021;5;VI;25 a 29;55;1;0,55;0
05/2021;HAC;2021;5;VII;30 a 34;75;1;0,75;1
05/2021;HAC;2021;5;VIII;> 34;85;0;0,0;0
05/2021;HEM;2021;5;I;0 a 4;4;0;0,0;0
05/2021;HEM;2021;5;II;5 a 9;8;3;0,24;0
05/2021;HEM;2021;5;III;10 a 14;15;17;2,55;7
05/2021;HEM;2021;5;IV;15 a 19;25;19;4,75;8
05/2021;HEM;2021;5;V;20 a 24;40;14;5,6;4
05/2021;HEM;2021;5;VI;25 a 29;55;7;3,85;4
05/2021;HEM;2021;5;VII;30 a 34;75;3;2,25;2
05/2021;HEM;2021;5;VIII;> 34;85;3;2,55;3
05/2021;HJK;2021;5;I;0 a 4;4;97;3,92;7
05/2021;HJK;2021;5;II;5 a 9;8;215;17,240000000000002;21
05/2021;HJK;2021;5;III;10 a 14;15;238;35,85;15
05/2021;HJK;2021;5;IV;15 a 19;25;209;52,35;31
05/2021;HJK;2021;5;V;20 a 24;40;137;54,8;28
05/2021;HJK;2021;5;VI;25 a 29;55;64;35,25;26
05/2021;HJK;2021;5;VII;30 a 34;75;47;35,35;20
05/2021;HJK;2021;5;VIII;> 34;85;24;20,450000000000003;18
05/2021;HJXXIII;2021;5;I;0 a 4;4;2;0,08;1
05/2021;HJXXIII;2021;5;II;5 a 9;8;24;1,92;0
05/2021;HJXXIII;2021;5;III;10 a 14;15;28;4,2;4
05/2021;HJXXIII;2021;5;IV;15 a 19;25;39;9,75;4
05/2021;HJXXIII;2021;5;V;20 a 24;40;18;7,2;8
05/2021;HJXXIII;2021;5;VI;25 a 29;55;9;4,95;7
05/2021;HJXXIII;2021;5;VII;30 a 34;75;5;3,75;4
05/2021;HJXXIII;2021;5;VIII;> 34;85;0;0,0;0
05/2021;HRAD;2021;5;I;0 a 4;4;0;0,0;0
05/2021;HRAD;2021;5;II;5 a 9;8;1;0,08;1
05/2021;HRAD;2021;5;III;10 a 14;15;4;0,6;0
05/2021;HRAD;2021;5;IV;15 a 19;25;8;2,0;2
05/2021;HRAD;2021;5;V;20 a 24;40;5;2,0;0
05/2021;HRAD;2021;5;VI;25 a 29;55;5;2,75;3
05/2021;HRAD;2021;5;VII;30 a 34;75;1;0,75;1
05/2021;HRAD;2021;5;VIII;> 34;85;0;0,0;0
05/2021;HRBJA;2021;5;I;0 a 4;4;0;0,0;0
05/2021;HRBJA;2021;5;II;5 a 9;8;2;0,16;0
05/2021;HRBJA;2021;5;III;10 a 14;15;3;0,45;0
05/2021;HRBJA;2021;5;IV;15 a 19;25;13;3,25;3
05/2021;HRBJA;2021;5;V;20 a 24;40;3;1,2;1
05/2021;HRBJA;2021;5;VI;25 a 29;55;4;2,2;1
05/2021;HRBJA;2021;5;VII;30 a 34;75;1;0,75;0
05/2021;HRBJA;2021;5;VIII;> 34;85;0;0,0;0
05/2021;HRJP;2021;5;I;0 a 4;4;0;0,0;0
05/2021;HRJP;2021;5;II;5 a 9;8;3;0,24;0
05/2021;HRJP;2021;5;III;10 a 14;15;22;3,3;3
05/2021;HRJP;2021;5;IV;15 a 19;25;25;6,25;4
05/2021;HRJP;2021;5;V;20 a 24;40;5;2,0;0
05/2021;HRJP;2021;5;VI;25 a 29;55;0;0,0;0
05/2021;HRJP;2021;5;VII;30 a 34;75;0;0,0;0
05/2021;HRJP;2021;5;VIII;> 34;85;0;0,0;0
05/2021;MOV;2021;5;I;0 a 4;4;0;0,0;0
05/2021;MOV;2021;5;II;5 a 9;8;0;0,0;0
05/2021;MOV;2021;5;III;10 a 14;15;0;0,0;0
05/2021;MOV;2021;5;IV;15 a 19;25;0;0,0;0
05/2021;MOV;2021;5;V;20 a 24;40;0;0,0;0
05/2021;MOV;2021;5;VI;25 a 29;55;0;0,0;0
05/2021;MOV;2021;5;VII;30 a 34;75;0;0,0;0
05/2021;MOV;2021;5;VIII;> 34;85;0;0,0;0
06/2021;HAC;2021;6;I;0 a 4;4;1;0,04;0
06/2021;HAC;2021;6;II;5 a 9;8;3;0,24;0
06/2021;HAC;2021;6;III;10 a 14;15;19;2,85;0
06/2021;HAC;2021;6;IV;15 a 19;25;13;3,25;0
06/2021;HAC;2021;6;V;20 a 24;40;8;3,2;2
06/2021;HAC;2021;6;VI;25 a 29;55;3;1,65;3
06/2021;HAC;2021;6;VII;30 a 34;75;4;3,0;3
06/2021;HAC;2021;6;VIII;> 34;85;2;1,7;2
06/2021;HEM;2021;6;I;0 a 4;4;0;0,0;0
06/2021;HEM;2021;6;II;5 a 9;8;1;0,08;0
06/2021;HEM;2021;6;III;10 a 14;15;17;2,55;7
06/2021;HEM;2021;6;IV;15 a 19;25;26;6,5;8
06/2021;HEM;2021;6;V;20 a 24;40;12;4,8;1
06/2021;HEM;2021;6;VI;25 a 29;55;9;4,95;2
06/2021;HEM;2021;6;VII;30 a 34;75;3;2,25;2
06/2021;HEM;2021;6;VIII;> 34;85;1;0,85;1
06/2021;HJK;2021;6;I;0 a 4;4;104;4,199999999999999;6
06/2021;HJK;2021;6;II;5 a 9;8;215;17,240000000000002;23
06/2021;HJK;2021;6;III;10 a 14;15;241;36,3;15
06/2021;HJK;2021;6;IV;15 a 19;25;207;51,85;28
06/2021;HJK;2021;6;V;20 a 24;40;139;55,6;29
06/2021;HJK;2021;6;VI;25 a 29;55;65;35,8;26
06/2021;HJK;2021;6;VII;30 a 34;75;42;31,6;15
06/2021;HJK;2021;6;VIII;> 34;85;27;23,0;19
06/2021;HJXXIII;2021;6;I;0 a 4;4;2;0,08;0
06/2021;HJXXIII;2021;6;II;5 a 9;8;22;1,76;1
06/2021;HJXXIII;2021;6;III;10 a 14;15;34;5,1;0
06/2021;HJXXIII;2021;6;IV;15 a 19;25;21;5,25;4
06/2021;HJXXIII;2021;6;V;20 a 24;40;29;11,6;7
06/2021;HJXXIII;2021;6;VI;25 a 29;55;6;3,3;4
06/2021;HJXXIII;2021;6;VII;30 a 34;75;4;3,0;1
06/2021;HJXXIII;2021;6;VIII;> 34;85;0;0,0;0
06/2021;HRAD;2021;6;I;0 a 4;4;0;0,0;0
06/2021;HRAD;2021;6;II;5 a 9;8;1;0,08;0
06/2021;HRAD;2021;6;III;10 a 14;15;3;0,45;1
06/2021;HRAD;2021;6;IV;15 a 19;25;4;1,0;3
06/2021;HRAD;2021;6;V;20 a 24;40;7;2,8;4
06/2021;HRAD;2021;6;VI;25 a 29;55;4;2,2;3
06/2021;HRAD;2021;6;VII;30 a 34;75;0;0,0;0
06/2021;HRAD;2021;6;VIII;> 34;85;0;0,0;0
06/2021;HRBJA;2021;6;I;0 a 4;4;0;0,0;0
06/2021;HRBJA;2021;6;II;5 a 9;8;1;0,08;0
06/2021;HRBJA;2021;6;III;10 a 14;15;4;0,6;1
06/2021;HRBJA;2021;6;IV;15 a 19;25;5;1,25;0
06/2021;HRBJA;2021;6;V;20 a 24;40;1;0,4;1
06/2021;HRBJA;2021;6;VI;25 a 29;55;6;3,3;4
06/2021;HRBJA;2021;6;VII;30 a 34;75;1;0,75;1
06/2021;HRBJA;2021;6;VIII;> 34;85;1;0,85;1
06/2021;HRJP;2021;6;I;0 a 4;4;1;0,04;0
06/2021;HRJP;2021;6;II;5 a 9;8;2;0,16;0
06/2021;HRJP;2021;6;III;10 a 14;15;15;2,25;1
06/2021;HRJP;2021;6;IV;15 a 19;25;21;5,25;4
06/2021;HRJP;2021;6;V;20 a 24;40;12;4,8;3
06/2021;HRJP;2021;6;VI;25 a 29;55;0;0,0;0
06/2021;HRJP;2021;6;VII;30 a 34;75;0;0,0;0
06/2021;HRJP;2021;6;VIII;> 34;85;0;0,0;0
06/2021;MOV;2021;6;I;0 a 4;4;0;0,0;0
06/2021;MOV;2021;6;II;5 a 9;8;0;0,0;0
06/2021;MOV;2021;6;III;10 a 14;15;0;0,0;0
06/2021;MOV;2021;6;IV;15 a 19;25;0;0,0;0
06/2021;MOV;2021;6;V;20 a 24;40;0;0,0;0
06/2021;MOV;2021;6;VI;25 a 29;55;0;0,0;0
06/2021;MOV;2021;6;VII;30 a 34;75;0;0,0;0
06/2021;MOV;2021;6;VIII;> 34;85;0;0,0;0
07/2021;HAC;2021;7;I;0 a 4;4;3;0,12;0
07/2021;HAC;2021;7;II;5 a 9;8;9;0,72;0
07/2021;HAC;2021;7;III;10 a 14;15;14;2,1;0
07/2021;HAC;2021;7;IV;15 a 19;25;8;2,0;1
07/2021;HAC;2021;7;V;20 a 24;40;8;3,2;0
07/2021;HAC;2021;7;VI;25 a 29;55;3;1,65;0
07/2021;HAC;2021;7;VII;30 a 34;75;4;3,0;1
07/2021;HAC;2021;7;VIII;> 34;85;1;0,85;1
07/2021;HEM;2021;7;I;0 a 4;4;1;0,04;0
07/2021;HEM;2021;7;II;5 a 9;8;9;0,72;2
07/2021;HEM;2021;7;III;10 a 14;15;20;3,0;0
07/2021;HEM;2021;7;IV;15 a 19;25;17;4,25;5
07/2021;HEM;2021;7;V;20 a 24;40;16;6,4;4
07/2021;HEM;2021;7;VI;25 a 29;55;10;5,5;4
07/2021;HEM;2021;7;VII;30 a 34;75;3;2,25;2
07/2021;HEM;2021;7;VIII;> 34;85;2;1,7;2
07/2021;HJK;2021;7;I;0 a 4;4;93;3,76;5
07/2021;HJK;2021;7;II;5 a 9;8;204;16,36;23
07/2021;HJK;2021;7;III;10 a 14;15;241;36,3;12
07/2021;HJK;2021;7;IV;15 a 19;25;220;55,1;29
07/2021;HJK;2021;7;V;20 a 24;40;140;56,0;31
07/2021;HJK;2021;7;VI;25 a 29;55;67;36,9;26
07/2021;HJK;2021;7;VII;30 a 34;75;40;30,1;14
07/2021;HJK;2021;7;VIII;> 34;85;24;20,450000000000003;17
07/2021;HJXXIII;2021;7;I;0 a 4;4;2;0,08;0
07/2021;HJXXIII;2021;7;II;5 a 9;8;32;2,56;0
07/2021;HJXXIII;2021;7;III;10 a 14;15;35;5,25;1
07/2021;HJXXIII;2021;7;IV;15 a 19;25;35;8,75;3
07/2021;HJXXIII;2021;7;V;20 a 24;40;21;8,4;9
07/2021;HJXXIII;2021;7;VI;25 a 29;55;7;3,85;2
07/2021;HJXXIII;2021;7;VII;30 a 34;75;3;2,25;3
07/2021;HJXXIII;2021;7;VIII;> 34;85;3;2,55;2
07/2021;HRAD;2021;7;I;0 a 4;4;0;0,0;0
07/2021;HRAD;2021;7;II;5 a 9;8;1;0,08;0
07/2021;HRAD;2021;7;III;10 a 14;15;6;0,9;0
07/2021;HRAD;2021;7;IV;15 a 19;25;1;0,25;0
07/2021;HRAD;2021;7;V;20 a 24;40;7;2,8;1
07/2021;HRAD;2021;7;VI;25 a 29;55;5;2,75;3
07/2021;HRAD;2021;7;VII;30 a 34;75;0;0,0;0
07/2021;HRAD;2021;7;VIII;> 34;85;0;0,0;0
07/2021;HRBJA;2021;7;I;0 a 4;4;0;0,0;0
07/2021;HRBJA;2021;7;II;5 a 9;8;1;0,08;0
07/2021;HRBJA;2021;7;III;10 a 14;15;2;0,3;1
07/2021;HRBJA;2021;7;IV;15 a 19;25;7;1,75;1
07/2021;HRBJA;2021;7;V;20 a 24;40;9;3,6;4
07/2021;HRBJA;2021;7;VI;25 a 29;55;2;1,1;0
07/2021;HRBJA;2021;7;VII;30 a 34;75;0;0,0;0
07/2021;HRBJA;2021;7;VIII;> 34;85;2;1,7;2
07/2021;HRJP;2021;7;I;0 a 4;4;1;0,04;0
07/2021;HRJP;2021;7;II;5 a 9;8;1;0,08;0
07/2021;HRJP;2021;7;III;10 a 14;15;9;1,35;1
07/2021;HRJP;2021;7;IV;15 a 19;25;16;4,0;2
07/2021;HRJP;2021;7;V;20 a 24;40;11;4,4;0
07/2021;HRJP;2021;7;VI;25 a 29;55;9;4,95;4
07/2021;HRJP;2021;7;VII;30 a 34;75;4;3,0;2
07/2021;HRJP;2021;7;VIII;> 34;85;3;2,55;0
07/2021;MOV;2021;7;I;0 a 4;4;0;0,0;0
07/2021;MOV;2021;7;II;5 a 9;8;0;0,0;0
07/2021;MOV;2021;7;III;10 a 14;15;0;0,0;0
07/2021;MOV;2021;7;IV;15 a 19;25;0;0,0;0
07/2021;MOV;2021;7;V;20 a 24;40;0;0,0;0
07/2021;MOV;2021;7;VI;25 a 29;55;0;0,0;0
07/2021;MOV;2021;7;VII;30 a 34;75;0;0,0;0
07/2021;MOV;2021;7;VIII;> 34;85;0;0,0;0
08/2021;HAC;2021;8;I;0 a 4;4;4;0,16;0
08/2021;HAC;2021;8;II;5 a 9;8;12;0,96;0
08/2021;HAC;2021;8;III;10 a 14;15;11;1,65;2
08/2021;HAC;2021;8;IV;15 a 19;25;8;2,0;0
08/2021;HAC;2021;8;V;20 a 24;40;5;2,0;2
08/2021;HAC;2021;8;VI;25 a 29;55;3;1,65;0
08/2021;HAC;2021;8;VII;30 a 34;75;2;1,5;2
08/2021;HAC;2021;8;VIII;> 34;85;5;4,25;3
08/2021;HEM;2021;8;I;0 a 4;4;0;0,0;0
08/2021;HEM;2021;8;II;5 a 9;8;7;0,56;1
08/2021;HEM;2021;8;III;10 a 14;15;12;1,8;0
08/2021;HEM;2021;8;IV;15 a 19;25;13;3,25;1
08/2021;HEM;2021;8;V;20 a 24;40;14;5,6;3
08/2021;HEM;2021;8;VI;25 a 29;55;10;5,5;2
08/2021;HEM;2021;8;VII;30 a 34;75;6;4,5;4
08/2021;HEM;2021;8;VIII;> 34;85;1;0,85;0
08/2021;HJK;2021;8;I;0 a 4;4;93;3,76;6
08/2021;HJK;2021;8;II;5 a 9;8;207;16,6;21
08/2021;HJK;2021;8;III;10 a 14;15;241;36,3;15
08/2021;HJK;2021;8;IV;15 a 19;25;223;55,85;29
08/2021;HJK;2021;8;V;20 a 24;40;134;53,599999999999994;28
08/2021;HJK;2021;8;VI;25 a 29;55;62;34,15;25
08/2021;HJK;2021;8;VII;30 a 34;75;32;24,1;12
08/2021;HJK;2021;8;VIII;> 34;85;21;17,9;15
08/2021;HJXXIII;2021;8;I;0 a 4;4;2;0,08;0
08/2021;HJXXIII;2021;8;II;5 a 9;8;32;2,56;0
08/2021;HJXXIII;2021;8;III;10 a 14;15;35;5,25;1
08/2021;HJXXIII;2021;8;IV;15 a 19;25;35;8,75;3
08/2021;HJXXIII;2021;8;V;20 a 24;40;21;8,4;9
08/2021;HJXXIII;2021;8;VI;25 a 29;55;7;3,85;2
08/2021;HJXXIII;2021;8;VII;30 a 34;75;3;2,25;3
08/2021;HJXXIII;2021;8;VIII;> 34;85;3;2,55;2
08/2021;HRAD;2021;8;I;0 a 4;4;0;0,0;0
08/2021;HRAD;2021;8;II;5 a 9;8;2;0,16;0
08/2021;HRAD;2021;8;III;10 a 14;15;6;0,9;1
08/2021;HRAD;2021;8;IV;15 a 19;25;7;1,75;1
08/2021;HRAD;2021;8;V;20 a 24;40;4;1,6;3
08/2021;HRAD;2021;8;VI;25 a 29;55;1;0,55;1
08/2021;HRAD;2021;8;VII;30 a 34;75;0;0,0;0
08/2021;HRAD;2021;8;VIII;> 34;85;0;0,0;0
08/2021;HRBJA;2021;8;I;0 a 4;4;0;0,0;0
08/2021;HRBJA;2021;8;II;5 a 9;8;1;0,08;0
08/2021;HRBJA;2021;8;III;10 a 14;15;6;0,9;0
08/2021;HRBJA;2021;8;IV;15 a 19;25;6;1,5;1
08/2021;HRBJA;2021;8;V;20 a 24;40;6;2,4;2
08/2021;HRBJA;2021;8;VI;25 a 29;55;1;0,55;1
08/2021;HRBJA;2021;8;VII;30 a 34;75;1;0,75;0
08/2021;HRBJA;2021;8;VIII;> 34;85;2;1,7;1
08/2021;HRJP;2021;8;I;0 a 4;4;1;0,04;0
08/2021;HRJP;2021;8;II;5 a 9;8;0;0,0;0
08/2021;HRJP;2021;8;III;10 a 14;15;7;1,05;1
08/2021;HRJP;2021;8;IV;15 a 19;25;9;2,25;2
08/2021;HRJP;2021;8;V;20 a 24;40;8;3,2;1
08/2021;HRJP;2021;8;VI;25 a 29;55;4;2,2;4
08/2021;HRJP;2021;8;VII;30 a 34;75;3;2,25;1
08/2021;HRJP;2021;8;VIII;> 34;85;1;0,85;1
08/2021;MOV;2021;8;I;0 a 4;4;0;0,0;0
08/2021;MOV;2021;8;II;5 a 9;8;0;0,0;0
08/2021;MOV;2021;8;III;10 a 14;15;0;0,0;0
08/2021;MOV;2021;8;IV;15 a 19;25;0;0,0;0
08/2021;MOV;2021;8;V;20 a 24;40;0;0,0;0
08/2021;MOV;2021;8;VI;25 a 29;55;0;0,0;0
08/2021;MOV;2021;8;VII;30 a 34;75;0;0,0;0
08/2021;MOV;2021;8;VIII;> 34;85;0;0,0;0
09/2021;HAC;2021;9;I;0 a 4;4;2;0,08;0
09/2021;HAC;2021;9;II;5 a 9;8;7;0,56;0
09/2021;HAC;2021;9;III;10 a 14;15;12;1,8;1
09/2021;HAC;2021;9;IV;15 a 19;25;18;4,5;2
09/2021;HAC;2021;9;V;20 a 24;40;4;1,6;2
09/2021;HAC;2021;9;VI;25 a 29;55;5;2,75;2
09/2021;HAC;2021;9;VII;30 a 34;75;0;0,0;0
09/2021;HAC;2021;9;VIII;> 34;85;0;0,0;0
09/2021;HEM;2021;9;I;0 a 4;4;0;0,0;0
09/2021;HEM;2021;9;II;5 a 9;8;1;0,08;0
09/2021;HEM;2021;9;III;10 a 14;15;6;0,9;0
09/2021;HEM;2021;9;IV;15 a 19;25;14;3,5;0
09/2021;HEM;2021;9;V;20 a 24;40;7;2,8;0
09/2021;HEM;2021;9;VI;25 a 29;55;4;2,2;2
09/2021;HEM;2021;9;VII;30 a 34;75;3;2,25;2
09/2021;HEM;2021;9;VIII;> 34;85;2;1,7;1
09/2021;HJK;2021;9;I;0 a 4;4;90;3,6399999999999997;5
09/2021;HJK;2021;9;II;5 a 9;8;202;16,2;20
09/2021;HJK;2021;9;III;10 a 14;15;235;35,4;14
09/2021;HJK;2021;9;IV;15 a 19;25;211;52,85;29
09/2021;HJK;2021;9;V;20 a 24;40;133;53,2;28
09/2021;HJK;2021;9;VI;25 a 29;55;58;31,949999999999996;24
09/2021;HJK;2021;9;VII;30 a 34;75;32;24,1;13
09/2021;HJK;2021;9;VIII;> 34;85;19;16,2;15
09/2021;HJXXIII;2021;9;I;0 a 4;4;5;0,2;0
09/2021;HJXXIII;2021;9;II;5 a 9;8;15;1,2;0
09/2021;HJXXIII;2021;9;III;10 a 14;15;43;6,45;2
09/2021;HJXXIII;2021;9;IV;15 a 19;25;35;8,75;7
09/2021;HJXXIII;2021;9;V;20 a 24;40;20;8,0;7
09/2021;HJXXIII;2021;9;VI;25 a 29;55;10;5,5;5
09/2021;HJXXIII;2021;9;VII;30 a 34;75;2;1,5;2
09/2021;HJXXIII;2021;9;VIII;> 34;85;0;0,0;0
09/2021;HRAD;2021;9;I;0 a 4;4;0;0,0;0
09/2021;HRAD;2021;9;II;5 a 9;8;1;0,08;0
09/2021;HRAD;2021;9;III;10 a 14;15;6;0,9;0
09/2021;HRAD;2021;9;IV;15 a 19;25;6;1,5;0
09/2021;HRAD;2021;9;V;20 a 24;40;7;2,8;4
09/2021;HRAD;2021;9;VI;25 a 29;55;0;0,0;0
09/2021;HRAD;2021;9;VII;30 a 34;75;1;0,75;1
09/2021;HRAD;2021;9;VIII;> 34;85;0;0,0;0
09/2021;HRBJA;2021;9;I;0 a 4;4;0;0,0;0
09/2021;HRBJA;2021;9;II;5 a 9;8;2;0,16;0
09/2021;HRBJA;2021;9;III;10 a 14;15;4;0,6;0
09/2021;HRBJA;2021;9;IV;15 a 19;25;6;1,5;0
09/2021;HRBJA;2021;9;V;20 a 24;40;7;2,8;3
09/2021;HRBJA;2021;9;VI;25 a 29;55;3;1,65;1
09/2021;HRBJA;2021;9;VII;30 a 34;75;0;0,0;0
09/2021;HRBJA;2021;9;VIII;> 34;85;1;0,85;1
09/2021;HRJP;2021;9;I;0 a 4;4;0;0,0;0
09/2021;HRJP;2021;9;II;5 a 9;8;0;0,0;1
09/2021;HRJP;2021;9;III;10 a 14;15;2;0,3;0
09/2021;HRJP;2021;9;IV;15 a 19;25;1;0,25;1
09/2021;HRJP;2021;9;V;20 a 24;40;3;1,2;2
09/2021;HRJP;2021;9;VI;25 a 29;55;1;0,55;3
09/2021;HRJP;2021;9;VII;30 a 34;75;1;0,75;1
09/2021;HRJP;2021;9;VIII;> 34;85;0;0,0;2
09/2021;MOV;2021;9;I;0 a 4;4;0;0,0;0
09/2021;MOV;2021;9;II;5 a 9;8;0;0,0;0
09/2021;MOV;2021;9;III;10 a 14;15;0;0,0;0
09/2021;MOV;2021;9;IV;15 a 19;25;0;0,0;0
09/2021;MOV;2021;9;V;20 a 24;40;0;0,0;0
09/2021;MOV;2021;9;VI;25 a 29;55;0;0,0;0
09/2021;MOV;2021;9;VII;30 a 34;75;0;0,0;0
09/2021;MOV;2021;9;VIII;> 34;85;0;0,0;0
10/2021;HAC;2021;10;I;0 a 4;4;2;0,08;0
10/2021;HAC;2021;10;II;5 a 9;8;4;0,32;1
10/2021;HAC;2021;10;III;10 a 14;15;15;2,25;2
10/2021;HAC;2021;10;IV;15 a 19;25;20;5,0;2
10/2021;HAC;2021;10;V;20 a 24;40;4;1,6;0
10/2021;HAC;2021;10;VI;25 a 29;55;0;0,0;0
10/2021;HAC;2021;10;VII;30 a 34;75;1;0,75;1
10/2021;HAC;2021;10;VIII;> 34;85;0;0,0;0
10/2021;HEM;2021;10;I;0 a 4;4;0;0,0;0
10/2021;HEM;2021;10;II;5 a 9;8;3;0,24;0
10/2021;HEM;2021;10;III;10 a 14;15;3;0,45;0
10/2021;HEM;2021;10;IV;15 a 19;25;20;5,0;2
10/2021;HEM;2021;10;V;20 a 24;40;13;5,2;4
10/2021;HEM;2021;10;VI;25 a 29;55;2;1,1;1
10/2021;HEM;2021;10;VII;30 a 34;75;1;0,75;1
10/2021;HEM;2021;10;VIII;> 34;85;4;3,4;3
10/2021;HJK;2021;10;I;0 a 4;4;90;3,6399999999999997;5
10/2021;HJK;2021;10;II;5 a 9;8;201;16,12;21
10/2021;HJK;2021;10;III;10 a 14;15;227;34,2;13
10/2021;HJK;2021;10;IV;15 a 19;25;217;54,35;29
10/2021;HJK;2021;10;V;20 a 24;40;136;54,4;27
10/2021;HJK;2021;10;VI;25 a 29;55;64;35,25;29
10/2021;HJK;2021;10;VII;30 a 34;75;32;24,1;12
10/2021;HJK;2021;10;VIII;> 34;85;20;17,05;14
10/2021;HJXXIII;2021;10;I;0 a 4;4;8;0,32;0
10/2021;HJXXIII;2021;10;II;5 a 9;8;21;1,68;1
10/2021;HJXXIII;2021;10;III;10 a 14;15;35;5,25;3
10/2021;HJXXIII;2021;10;IV;15 a 19;25;37;9,25;6
10/2021;HJXXIII;2021;10;V;20 a 24;40;21;8,4;2
10/2021;HJXXIII;2021;10;VI;25 a 29;55;11;6,05;6
10/2021;HJXXIII;2021;10;VII;30 a 34;75;1;0,75;1
10/2021;HJXXIII;2021;10;VIII;> 34;85;3;2,55;3
10/2021;HRAD;2021;10;I;0 a 4;4;0;0,0;0
10/2021;HRAD;2021;10;II;5 a 9;8;1;0,08;0
10/2021;HRAD;2021;10;III;10 a 14;15;6;0,9;0
10/2021;HRAD;2021;10;IV;15 a 19;25;3;0,75;0
10/2021;HRAD;2021;10;V;20 a 24;40;10;4,0;2
10/2021;HRAD;2021;10;VI;25 a 29;55;3;1,65;2
10/2021;HRAD;2021;10;VII;30 a 34;75;0;0,0;0
10/2021;HRAD;2021;10;VIII;> 34;85;0;0,0;0
10/2021;HRBJA;2021;10;I;0 a 4;4;0;0,0;0
10/2021;HRBJA;2021;10;II;5 a 9;8;1;0,08;0
10/2021;HRBJA;2021;10;III;10 a 14;15;5;0,75;0
10/2021;HRBJA;2021;10;IV;15 a 19;25;6;1,5;0
10/2021;HRBJA;2021;10;V;20 a 24;40;12;4,8;2
10/2021;HRBJA;2021;10;VI;25 a 29;55;5;2,75;3
10/2021;HRBJA;2021;10;VII;30 a 34;75;4;3,0;3
10/2021;HRBJA;2021;10;VIII;> 34;85;0;0,0;0
10/2021;HRJP;2021;10;I;0 a 4;4;0;0,0;0
10/2021;HRJP;2021;10;II;5 a 9;8;0;0,0;0
10/2021;HRJP;2021;10;III;10 a 14;15;1;0,15;0
10/2021;HRJP;2021;10;IV;15 a 19;25;5;1,25;0
10/2021;HRJP;2021;10;V;20 a 24;40;4;1,6;2
10/2021;HRJP;2021;10;VI;25 a 29;55;1;0,55;2
10/2021;HRJP;2021;10;VII;30 a 34;75;2;1,5;1
10/2021;HRJP;2021;10;VIII;> 34;85;1;0,85;0
10/2021;MOV;2021;10;I;0 a 4;4;0;0,0;0
10/2021;MOV;2021;10;II;5 a 9;8;0;0,0;0
10/2021;MOV;2021;10;III;10 a 14;15;0;0,0;0
10/2021;MOV;2021;10;IV;15 a 19;25;0;0,0;0
10/2021;MOV;2021;10;V;20 a 24;40;0;0,0;0
10/2021;MOV;2021;10;VI;25 a 29;55;0;0,0;0
10/2021;MOV;2021;10;VII;30 a 34;75;0;0,0;0
10/2021;MOV;2021;10;VIII;> 34;85;0;0,0;0
11/2021;HAC;2021;11;I;0 a 4;4;0;0,0;0
11/2021;HAC;2021;11;II;5 a 9;8;4;0,32;0
11/2021;HAC;2021;11;III;10 a 14;15;9;1,35;0
11/2021;HAC;2021;11;IV;15 a 19;25;11;2,75;3
11/2021;HAC;2021;11;V;20 a 24;40;7;2,8;4
11/2021;HAC;2021;11;VI;25 a 29;55;3;1,65;2
11/2021;HAC;2021;11;VII;30 a 34;75;0;0,0;0
11/2021;HAC;2021;11;VIII;> 34;85;2;1,7;2
11/2021;HEM;2021;11;I;0 a 4;4;0;0,0;0
11/2021;HEM;2021;11;II;5 a 9;8;3;0,24;0
11/2021;HEM;2021;11;III;10 a 14;15;7;1,05;0
11/2021;HEM;2021;11;IV;15 a 19;25;22;5,5;5
11/2021;HEM;2021;11;V;20 a 24;40;9;3,6;0
11/2021;HEM;2021;11;VI;25 a 29;55;6;3,3;3
11/2021;HEM;2021;11;VII;30 a 34;75;3;2,25;3
11/2021;HEM;2021;11;VIII;> 34;85;2;1,7;2
11/2021;HJK;2021;11;I;0 a 4;4;89;3,5999999999999996;5
11/2021;HJK;2021;11;II;5 a 9;8;205;16,44;20
11/2021;HJK;2021;11;III;10 a 14;15;234;35,25;13
11/2021;HJK;2021;11;IV;15 a 19;25;218;54,6;28
11/2021;HJK;2021;11;V;20 a 24;40;146;58,4;27
11/2021;HJK;2021;11;VI;25 a 29;55;65;35,8;25
11/2021;HJK;2021;11;VII;30 a 34;75;33;24,85;12
11/2021;HJK;2021;11;VIII;> 34;85;19;16,2;14
11/2021;HJXXIII;2021;11;I;0 a 4;4;10;0,4;0
11/2021;HJXXIII;2021;11;II;5 a 9;8;27;2,16;0
11/2021;HJXXIII;2021;11;III;10 a 14;15;34;5,1;2
11/2021;HJXXIII;2021;11;IV;15 a 19;25;34;8,5;3
11/2021;HJXXIII;2021;11;V;20 a 24;40;13;5,2;3
11/2021;HJXXIII;2021;11;VI;25 a 29;55;11;6,05;5
11/2021;HJXXIII;2021;11;VII;30 a 34;75;1;0,75;0
11/2021;HJXXIII;2021;11;VIII;> 34;85;2;1,7;1
11/2021;HRAD;2021;11;I;0 a 4;4;0;0,0;0
11/2021;HRAD;2021;11;II;5 a 9;8;4;0,32;0
11/2021;HRAD;2021;11;III;10 a 14;15;4;0,6;1
11/2021;HRAD;2021;11;IV;15 a 19;25;5;1,25;0
11/2021;HRAD;2021;11;V;20 a 24;40;3;1,2;1
11/2021;HRAD;2021;11;VI;25 a 29;55;4;2,2;3
11/2021;HRAD;2021;11;VII;30 a 34;75;0;0,0;0
11/2021;HRAD;2021;11;VIII;> 34;85;0;0,0;0
11/2021;HRBJA;2021;11;I;0 a 4;4;0;0,0;0
11/2021;HRBJA;2021;11;II;5 a 9;8;0;0,0;0
11/2021;HRBJA;2021;11;III;10 a 14;15;4;0,6;1
11/2021;HRBJA;2021;11;IV;15 a 19;25;5;1,25;1
11/2021;HRBJA;2021;11;V;20 a 24;40;6;2,4;3
11/2021;HRBJA;2021;11;VI;25 a 29;55;3;1,65;3
11/2021;HRBJA;2021;11;VII;30 a 34;75;1;0,75;0
11/2021;HRBJA;2021;11;VIII;> 34;85;2;1,7;2
11/2021;HRJP;2021;11;I;0 a 4;4;2;0,08;1
11/2021;HRJP;2021;11;II;5 a 9;8;1;0,08;0
11/2021;HRJP;2021;11;III;10 a 14;15;4;0,6;1
11/2021;HRJP;2021;11;IV;15 a 19;25;6;1,5;0
11/2021;HRJP;2021;11;V;20 a 24;40;3;1,2;2
11/2021;HRJP;2021;11;VI;25 a 29;55;1;0,55;0
11/2021;HRJP;2021;11;VII;30 a 34;75;0;0,0;0
11/2021;HRJP;2021;11;VIII;> 34;85;0;0,0;1
11/2021;MOV;2021;11;I;0 a 4;4;0;0,0;0
11/2021;MOV;2021;11;II;5 a 9;8;0;0,0;0
11/2021;MOV;2021;11;III;10 a 14;15;0;0,0;0
11/2021;MOV;2021;11;IV;15 a 19;25;0;0,0;0
11/2021;MOV;2021;11;V;20 a 24;40;0;0,0;0
11/2021;MOV;2021;11;VI;25 a 29;55;0;0,0;0
11/2021;MOV;2021;11;VII;30 a 34;75;0;0,0;0
11/2021;MOV;2021;11;VIII;> 34;85;0;0,0;0
12/2021;HAC;2021;12;I;0 a 4;4;3;0,12;1
12/2021;HAC;2021;12;II;5 a 9;8;8;0,64;1
12/2021;HAC;2021;12;III;10 a 14;15;13;1,95;3
12/2021;HAC;2021;12;IV;15 a 19;25;3;0,75;2
12/2021;HAC;2021;12;V;20 a 24;40;2;0,8;1
12/2021;HAC;2021;12;VI;25 a 29;55;2;1,1;1
12/2021;HAC;2021;12;VII;30 a 34;75;0;0,0;0
12/2021;HAC;2021;12;VIII;> 34;85;1;0,85;1
12/2021;HEM;2021;12;I;0 a 4;4;0;0,0;0
12/2021;HEM;2021;12;II;5 a 9;8;3;0,24;0
12/2021;HEM;2021;12;III;10 a 14;15;7;1,05;1
12/2021;HEM;2021;12;IV;15 a 19;25;22;5,5;6
12/2021;HEM;2021;12;V;20 a 24;40;10;4,0;5
12/2021;HEM;2021;12;VI;25 a 29;55;6;3,3;1
12/2021;HEM;2021;12;VII;30 a 34;75;3;2,25;1
12/2021;HEM;2021;12;VIII;> 34;85;1;0,85;1
12/2021;HJK;2021;12;I;0 a 4;4;90;3,6399999999999997;5
12/2021;HJK;2021;12;II;5 a 9;8;204;16,36;21
12/2021;HJK;2021;12;III;10 a 14;15;236;35,55;13
12/2021;HJK;2021;12;IV;15 a 19;25;221;55,35;31
12/2021;HJK;2021;12;V;20 a 24;40;146;58,4;27
12/2021;HJK;2021;12;VI;25 a 29;55;66;36,349999999999994;23
12/2021;HJK;2021;12;VII;30 a 34;75;31;23,35;12
12/2021;HJK;2021;12;VIII;> 34;85;20;17,05;15
12/2021;HJXXIII;2021;12;I;0 a 4;4;11;0,44;0
12/2021;HJXXIII;2021;12;II;5 a 9;8;25;2,0;1
12/2021;HJXXIII;2021;12;III;10 a 14;15;38;5,7;1
12/2021;HJXXIII;2021;12;IV;15 a 19;25;40;10,0;6
12/2021;HJXXIII;2021;12;V;20 a 24;40;17;6,8;6
12/2021;HJXXIII;2021;12;VI;25 a 29;55;4;2,2;3
12/2021;HJXXIII;2021;12;VII;30 a 34;75;3;2,25;2
12/2021;HJXXIII;2021;12;VIII;> 34;85;1;0,85;1
12/2021;HRAD;2021;12;I;0 a 4;4;0;0,0;0
12/2021;HRAD;2021;12;II;5 a 9;8;3;0,24;0
12/2021;HRAD;2021;12;III;10 a 14;15;3;0,45;0
12/2021;HRAD;2021;12;IV;15 a 19;25;8;2,0;2
12/2021;HRAD;2021;12;V;20 a 24;40;7;2,8;0
12/2021;HRAD;2021;12;VI;25 a 29;55;5;2,75;3
12/2021;HRAD;2021;12;VII;30 a 34;75;0;0,0;0
12/2021;HRAD;2021;12;VIII;> 34;85;0;0,0;0
12/2021;HRBJA;2021;12;I;0 a 4;4;1;0,04;0
12/2021;HRBJA;2021;12;II;5 a 9;8;2;0,16;1
12/2021;HRBJA;2021;12;III;10 a 14;15;6;0,9;1
12/2021;HRBJA;2021;12;IV;15 a 19;25;9;2,25;2
12/2021;HRBJA;2021;12;V;20 a 24;40;4;1,6;0
12/2021;HRBJA;2021;12;VI;25 a 29;55;2;1,1;2
12/2021;HRBJA;2021;12;VII;30 a 34;75;2;1,5;2
12/2021;HRBJA;2021;12;VIII;> 34;85;2;1,7;1
12/2021;HRJP;2021;12;I;0 a 4;4;1;0,04;0
12/2021;HRJP;2021;12;II;5 a 9;8;2;0,16;0
12/2021;HRJP;2021;12;III;10 a 14;15;4;0,6;0
12/2021;HRJP;2021;12;IV;15 a 19;25;5;1,25;0
12/2021;HRJP;2021;12;V;20 a 24;40;3;1,2;1
12/2021;HRJP;2021;12;VI;25 a 29;55;2;1,1;0
12/2021;HRJP;2021;12;VII;30 a 34;75;1;0,75;1
12/2021;HRJP;2021;12;VIII;> 34;85;0;0,0;2
12/2021;MOV;2021;12;I;0 a 4;4;0;0,0;0
12/2021;MOV;2021;12;II;5 a 9;8;0;0,0;0
12/2021;MOV;2021;12;III;10 a 14;15;0;0,0;0
12/2021;MOV;2021;12;IV;15 a 19;25;0;0,0;0
12/2021;MOV;2021;12;V;20 a 24;40;0;0,0;0
12/2021;MOV;2021;12;VI;25 a 29;55;0;0,0;0
12/2021;MOV;2021;12;VII;30 a 34;75;0;0,0;0
12/2021;MOV;2021;12;VIII;> 34;85;0;0,0;0
01/2022;HAC;2022;1;I;0 a 4;4;1;0,04;0
01/2022;HAC;2022;1;II;5 a 9;8;13;1,04;2
01/2022;HAC;2022;1;III;10 a 14;15;17;2,55;1
01/2022;HAC;2022;1;IV;15 a 19;25;6;1,5;2
01/2022;HAC;2022;1;V;20 a 24;40;0;0,0;0
01/2022;HAC;2022;1;VI;25 a 29;55;0;0,0;0
01/2022;HAC;2022;1;VII;30 a 34;75;0;0,0;0
01/2022;HAC;2022;1;VIII;> 34;85;0;0,0;0
01/2022;HEM;2022;1;I;0 a 4;4;0;0,0;0
01/2022;HEM;2022;1;II;5 a 9;8;4;0,32;0
01/2022;HEM;2022;1;III;10 a 14;15;14;2,1;0
01/2022;HEM;2022;1;IV;15 a 19;25;17;4,25;3
01/2022;HEM;2022;1;V;20 a 24;40;9;3,6;3
01/2022;HEM;2022;1;VI;25 a 29;55;11;6,05;8
01/2022;HEM;2022;1;VII;30 a 34;75;3;2,25;2
01/2022;HEM;2022;1;VIII;> 34;85;2;1,7;1
01/2022;HJK;2022;1;I;0 a 4;4;89;3,5999999999999996;5
01/2022;HJK;2022;1;II;5 a 9;8;203;16,28;20
01/2022;HJK;2022;1;III;10 a 14;15;245;36,9;15
01/2022;HJK;2022;1;IV;15 a 19;25;223;55,85;31
01/2022;HJK;2022;1;V;20 a 24;40;142;56,8;28
01/2022;HJK;2022;1;VI;25 a 29;55;70;38,55;27
01/2022;HJK;2022;1;VII;30 a 34;75;34;25,6;16
01/2022;HJK;2022;1;VIII;> 34;85;21;17,9;14
01/2022;HJXXIII;2022;1;I;0 a 4;4;0;0,0;0
01/2022;HJXXIII;2022;1;II;5 a 9;8;16;1,28;0
01/2022;HJXXIII;2022;1;III;10 a 14;15;38;5,7;1
01/2022;HJXXIII;2022;1;IV;15 a 19;25;55;13,75;9
01/2022;HJXXIII;2022;1;V;20 a 24;40;18;7,2;6
01/2022;HJXXIII;2022;1;VI;25 a 29;55;13;7,15;10
01/2022;HJXXIII;2022;1;VII;30 a 34;75;4;3,0;2
01/2022;HJXXIII;2022;1;VIII;> 34;85;0;0,0;0
01/2022;HRAD;2022;1;I;0 a 4;4;0;0,0;0
01/2022;HRAD;2022;1;II;5 a 9;8;0;0,0;0
01/2022;HRAD;2022;1;III;10 a 14;15;2;0,3;1
01/2022;HRAD;2022;1;IV;15 a 19;25;5;1,25;0
01/2022;HRAD;2022;1;V;20 a 24;40;6;2,4;3
01/2022;HRAD;2022;1;VI;25 a 29;55;2;1,1;2
01/2022;HRAD;2022;1;VII;30 a 34;75;4;3,0;3
01/2022;HRAD;2022;1;VIII;> 34;85;0;0,0;0
01/2022;HRBJA;2022;1;I;0 a 4;4;0;0,0;0
01/2022;HRBJA;2022;1;II;5 a 9;8;3;0,24;2
01/2022;HRBJA;2022;1;III;10 a 14;15;5;0,75;0
01/2022;HRBJA;2022;1;IV;15 a 19;25;4;1,0;1
01/2022;HRBJA;2022;1;V;20 a 24;40;3;1,2;1
01/2022;HRBJA;2022;1;VI;25 a 29;55;2;1,1;1
01/2022;HRBJA;2022;1;VII;30 a 34;75;1;0,75;1
01/2022;HRBJA;2022;1;VIII;> 34;85;0;0,0;0
01/2022;HRJP;2022;1;I;0 a 4;4;0;0,0;0
01/2022;HRJP;2022;1;II;5 a 9;8;3;0,24;0
01/2022;HRJP;2022;1;III;10 a 14;15;4;0,6;0
01/2022;HRJP;2022;1;IV;15 a 19;25;5;1,25;1
01/2022;HRJP;2022;1;V;20 a 24;40;4;1,6;1
01/2022;HRJP;2022;1;VI;25 a 29;55;2;1,1;1
01/2022;HRJP;2022;1;VII;30 a 34;75;5;3,75;1
01/2022;HRJP;2022;1;VIII;> 34;85;0;0,0;0
01/2022;MOV;2022;1;I;0 a 4;4;4;0,16;0
01/2022;MOV;2022;1;II;5 a 9;8;4;0,32;0
01/2022;MOV;2022;1;III;10 a 14;15;6;0,9;0
01/2022;MOV;2022;1;IV;15 a 19;25;5;1,25;0
01/2022;MOV;2022;1;V;20 a 24;40;3;1,2;0
01/2022;MOV;2022;1;VI;25 a 29;55;0;0,0;0
01/2022;MOV;2022;1;VII;30 a 34;75;1;0,75;0
01/2022;MOV;2022;1;VIII;> 34;85;0;0,0;0
02/2022;HAC;2022;2;I;0 a 4;4;2;0,08;0
02/2022;HAC;2022;2;II;5 a 9;8;9;0,72;0
02/2022;HAC;2022;2;III;10 a 14;15;11;1,65;0
02/2022;HAC;2022;2;IV;15 a 19;25;7;1,75;1
02/2022;HAC;2022;2;V;20 a 24;40;5;2,0;2
02/2022;HAC;2022;2;VI;25 a 29;55;0;0,0;0
02/2022;HAC;2022;2;VII;30 a 34;75;1;0,75;1
02/2022;HAC;2022;2;VIII;> 34;85;0;0,0;0
02/2022;HEM;2022;2;I;0 a 4;4;0;0,0;0
02/2022;HEM;2022;2;II;5 a 9;8;0;0,0;0
02/2022;HEM;2022;2;III;10 a 14;15;6;0,9;2
02/2022;HEM;2022;2;IV;15 a 19;25;10;2,5;4
02/2022;HEM;2022;2;V;20 a 24;40;13;5,2;6
02/2022;HEM;2022;2;VI;25 a 29;55;9;4,95;4
02/2022;HEM;2022;2;VII;30 a 34;75;1;0,75;0
02/2022;HEM;2022;2;VIII;> 34;85;0;0,0;0
02/2022;HJK;2022;2;I;0 a 4;4;91;3,6799999999999997;5
02/2022;HJK;2022;2;II;5 a 9;8;198;15,88;20
02/2022;HJK;2022;2;III;10 a 14;15;233;35,1;14
02/2022;HJK;2022;2;IV;15 a 19;25;220;55,1;31
02/2022;HJK;2022;2;V;20 a 24;40;145;58,0;29
02/2022;HJK;2022;2;VI;25 a 29;55;65;35,8;26
02/2022;HJK;2022;2;VII;30 a 34;75;36;27,1;16
02/2022;HJK;2022;2;VIII;> 34;85;16;13,65;13
02/2022;HJXXIII;2022;2;I;0 a 4;4;11;0,44;0
02/2022;HJXXIII;2022;2;II;5 a 9;8;18;1,44;0
02/2022;HJXXIII;2022;2;III;10 a 14;15;22;3,3;1
02/2022;HJXXIII;2022;2;IV;15 a 19;25;36;9,0;2
02/2022;HJXXIII;2022;2;V;20 a 24;40;20;8,0;5
02/2022;HJXXIII;2022;2;VI;25 a 29;55;6;3,3;3
02/2022;HJXXIII;2022;2;VII;30 a 34;75;2;1,5;2
02/2022;HJXXIII;2022;2;VIII;> 34;85;2;1,7;1
02/2022;HRAD;2022;2;I;0 a 4;4;0;0,0;0
02/2022;HRAD;2022;2;II;5 a 9;8;0;0,0;0
02/2022;HRAD;2022;2;III;10 a 14;15;1;0,15;1
02/2022;HRAD;2022;2;IV;15 a 19;25;5;1,25;0
02/2022;HRAD;2022;2;V;20 a 24;40;9;3,6;1
02/2022;HRAD;2022;2;VI;25 a 29;55;1;0,55;1
02/2022;HRAD;2022;2;VII;30 a 34;75;1;0,75;1
02/2022;HRAD;2022;2;VIII;> 34;85;0;0,0;0
02/2022;HRBJA;2022;2;I;0 a 4;4;0;0,0;0
02/2022;HRBJA;2022;2;II;5 a 9;8;2;0,16;0
02/2022;HRBJA;2022;2;III;10 a 14;15;5;0,75;0
02/2022;HRBJA;2022;2;IV;15 a 19;25;4;1,0;1
02/2022;HRBJA;2022;2;V;20 a 24;40;4;1,6;0
02/2022;HRBJA;2022;2;VI;25 a 29;55;4;2,2;3
02/2022;HRBJA;2022;2;VII;30 a 34;75;1;0,75;1
02/2022;HRBJA;2022;2;VIII;> 34;85;1;0,85;1
02/2022;HRJP;2022;2;I;0 a 4;4;5;0,2;0
02/2022;HRJP;2022;2;II;5 a 9;8;1;0,08;0
02/2022;HRJP;2022;2;III;10 a 14;15;5;0,75;0
02/2022;HRJP;2022;2;IV;15 a 19;25;13;3,25;1
02/2022;HRJP;2022;2;V;20 a 24;40;5;2,0;0
02/2022;HRJP;2022;2;VI;25 a 29;55;5;2,75;0
02/2022;HRJP;2022;2;VII;30 a 34;75;1;0,75;2
02/2022;HRJP;2022;2;VIII;> 34;85;0;0,0;0
02/2022;MOV;2022;2;I;0 a 4;4;0;0,0;0
02/2022;MOV;2022;2;II;5 a 9;8;7;0,56;0
02/2022;MOV;2022;2;III;10 a 14;15;3;0,45;0
02/2022;MOV;2022;2;IV;15 a 19;25;7;1,75;0
02/2022;MOV;2022;2;V;20 a 24;40;2;0,8;0
02/2022;MOV;2022;2;VI;25 a 29;55;2;1,1;0
02/2022;MOV;2022;2;VII;30 a 34;75;0;0,0;0
02/2022;MOV;2022;2;VIII;> 34;85;0;0,0;0
03/2022;HAC;2022;3;I;0 a 4;4;1;0,04;0
03/2022;HAC;2022;3;II;5 a 9;8;5;0,4;0
03/2022;HAC;2022;3;III;10 a 14;15;10;1,5;1
03/2022;HAC;2022;3;IV;15 a 19;25;11;2,75;0
03/2022;HAC;2022;3;V;20 a 24;40;5;2,0;1
03/2022;HAC;2022;3;VI;25 a 29;55;5;2,75;1
03/2022;HAC;2022;3;VII;30 a 34;75;0;0,0;0
03/2022;HAC;2022;3;VIII;> 34;85;0;0,0;0
03/2022;HEM;2022;3;I;0 a 4;4;0;0,0;0
03/2022;HEM;2022;3;II;5 a 9;8;0;0,0;0
03/2022;HEM;2022;3;III;10 a 14;15;7;1,05;2
03/2022;HEM;2022;3;IV;15 a 19;25;3;0,75;1
03/2022;HEM;2022;3;V;20 a 24;40;11;4,4;4
03/2022;HEM;2022;3;VI;25 a 29;55;7;3,85;5
03/2022;HEM;2022;3;VII;30 a 34;75;4;3,0;2
03/2022;HEM;2022;3;VIII;> 34;85;1;0,85;0
03/2022;HJK;2022;3;I;0 a 4;4;89;3,5999999999999996;5
03/2022;HJK;2022;3;II;5 a 9;8;197;15,8;21
03/2022;HJK;2022;3;III;10 a 14;15;226;34,05;12
03/2022;HJK;2022;3;IV;15 a 19;25;204;51,1;28
03/2022;HJK;2022;3;V;20 a 24;40;134;53,599999999999994;27
03/2022;HJK;2022;3;VI;25 a 29;55;66;36,349999999999994;26
03/2022;HJK;2022;3;VII;30 a 34;75;32;24,1;15
03/2022;HJK;2022;3;VIII;> 34;85;18;15,350000000000001;13
03/2022;HJXXIII;2022;3;I;0 a 4;4;16;0,64;0
03/2022;HJXXIII;2022;3;II;5 a 9;8;24;1,92;0
03/2022;HJXXIII;2022;3;III;10 a 14;15;34;5,1;1
03/2022;HJXXIII;2022;3;IV;15 a 19;25;29;7,25;3
03/2022;HJXXIII;2022;3;V;20 a 24;40;21;8,4;4
03/2022;HJXXIII;2022;3;VI;25 a 29;55;7;3,85;2
03/2022;HJXXIII;2022;3;VII;30 a 34;75;4;3,0;3
03/2022;HJXXIII;2022;3;VIII;> 34;85;3;2,55;3
03/2022;HRAD;2022;3;I;0 a 4;4;0;0,0;0
03/2022;HRAD;2022;3;II;5 a 9;8;0;0,0;0
03/2022;HRAD;2022;3;III;10 a 14;15;2;0,3;0
03/2022;HRAD;2022;3;IV;15 a 19;25;9;2,25;0
03/2022;HRAD;2022;3;V;20 a 24;40;6;2,4;0
03/2022;HRAD;2022;3;VI;25 a 29;55;0;0,0;2
03/2022;HRAD;2022;3;VII;30 a 34;75;0;0,0;0
03/2022;HRAD;2022;3;VIII;> 34;85;0;0,0;0
03/2022;HRBJA;2022;3;I;0 a 4;4;0;0,0;0
03/2022;HRBJA;2022;3;II;5 a 9;8;2;0,16;1
03/2022;HRBJA;2022;3;III;10 a 14;15;2;0,3;0
03/2022;HRBJA;2022;3;IV;15 a 19;25;6;1,5;1
03/2022;HRBJA;2022;3;V;20 a 24;40;5;2,0;1
03/2022;HRBJA;2022;3;VI;25 a 29;55;4;2,2;3
03/2022;HRBJA;2022;3;VII;30 a 34;75;0;0,0;0
03/2022;HRBJA;2022;3;VIII;> 34;85;0;0,0;0
03/2022;HRJP;2022;3;I;0 a 4;4;0;0,0;2
03/2022;HRJP;2022;3;II;5 a 9;8;0;0,0;0
03/2022;HRJP;2022;3;III;10 a 14;15;7;1,05;0
03/2022;HRJP;2022;3;IV;15 a 19;25;5;1,25;3
03/2022;HRJP;2022;3;V;20 a 24;40;4;1,6;3
03/2022;HRJP;2022;3;VI;25 a 29;55;4;2,2;0
03/2022;HRJP;2022;3;VII;30 a 34;75;0;0,0;0
03/2022;HRJP;2022;3;VIII;> 34;85;0;0,0;1
03/2022;MOV;2022;3;I;0 a 4;4;1;0,04;0
03/2022;MOV;2022;3;II;5 a 9;8;8;0,64;0
03/2022;MOV;2022;3;III;10 a 14;15;10;1,5;0
03/2022;MOV;2022;3;IV;15 a 19;25;4;1,0;0
03/2022;MOV;2022;3;V;20 a 24;40;7;2,8;0
03/2022;MOV;2022;3;VI;25 a 29;55;1;0,55;0
03/2022;MOV;2022;3;VII;30 a 34;75;0;0,0;0
03/2022;MOV;2022;3;VIII;> 34;85;0;0,0;0
04/2022;HAC;2022;4;I;0 a 4;4;0;0,0;0
04/2022;HAC;2022;4;II;5 a 9;8;1;0,08;1
04/2022;HAC;2022;4;III;10 a 14;15;5;0,75;1
04/2022;HAC;2022;4;IV;15 a 19;25;5;1,25;1
04/2022;HAC;2022;4;V;20 a 24;40;6;2,4;3
04/2022;HAC;2022;4;VI;25 a 29;55;6;3,3;4
04/2022;HAC;2022;4;VII;30 a 34;75;0;0,0;0
04/2022;HAC;2022;4;VIII;> 34;85;0;0,0;0
04/2022;HEM;2022;4;I;0 a 4;4;0;0,0;0
04/2022;HEM;2022;4;II;5 a 9;8;2;0,16;0
04/2022;HEM;2022;4;III;10 a 14;15;9;1,35;3
04/2022;HEM;2022;4;IV;15 a 19;25;6;1,5;0
04/2022;HEM;2022;4;V;20 a 24;40;5;2,0;2
04/2022;HEM;2022;4;VI;25 a 29;55;5;2,75;1
04/2022;HEM;2022;4;VII;30 a 34;75;1;0,75;0
04/2022;HEM;2022;4;VIII;> 34;85;2;1,7;2
04/2022;HJK;2022;4;I;0 a 4;4;93;3,76;5
04/2022;HJK;2022;4;II;5 a 9;8;200;16,04;20
04/2022;HJK;2022;4;III;10 a 14;15;236;35,55;13
04/2022;HJK;2022;4;IV;15 a 19;25;208;52,1;28
04/2022;HJK;2022;4;V;20 a 24;40;134;53,599999999999994;26
04/2022;HJK;2022;4;VI;25 a 29;55;59;32,5;24
04/2022;HJK;2022;4;VII;30 a 34;75;30;22,6;13
04/2022;HJK;2022;4;VIII;> 34;85;18;15,350000000000001;13
04/2022;HJXXIII;2022;4;I;0 a 4;4;11;0,44;0
04/2022;HJXXIII;2022;4;II;5 a 9;8;25;2,0;0
04/2022;HJXXIII;2022;4;III;10 a 14;15;40;6,0;2
04/2022;HJXXIII;2022;4;IV;15 a 19;25;29;7,25;3
04/2022;HJXXIII;2022;4;V;20 a 24;40;19;7,6;3
04/2022;HJXXIII;2022;4;VI;25 a 29;55;3;1,65;0
04/2022;HJXXIII;2022;4;VII;30 a 34;75;1;0,75;1
04/2022;HJXXIII;2022;4;VIII;> 34;85;2;1,7;1
04/2022;HRAD;2022;4;I;0 a 4;4;0;0,0;0
04/2022;HRAD;2022;4;II;5 a 9;8;1;0,08;0
04/2022;HRAD;2022;4;III;10 a 14;15;10;1,5;0
04/2022;HRAD;2022;4;IV;15 a 19;25;5;1,25;0
04/2022;HRAD;2022;4;V;20 a 24;40;2;0,8;1
04/2022;HRAD;2022;4;VI;25 a 29;55;1;0,55;1
04/2022;HRAD;2022;4;VII;30 a 34;75;1;0,75;0
04/2022;HRAD;2022;4;VIII;> 34;85;1;0,85;0
04/2022;HRBJA;2022;4;I;0 a 4;4;0;0,0;0
04/2022;HRBJA;2022;4;II;5 a 9;8;2;0,16;0
04/2022;HRBJA;2022;4;III;10 a 14;15;3;0,45;0
04/2022;HRBJA;2022;4;IV;15 a 19;25;7;1,75;2
04/2022;HRBJA;2022;4;V;20 a 24;40;5;2,0;2
04/2022;HRBJA;2022;4;VI;25 a 29;55;1;0,55;0
04/2022;HRBJA;2022;4;VII;30 a 34;75;1;0,75;1
04/2022;HRBJA;2022;4;VIII;> 34;85;1;0,85;1
04/2022;HRJP;2022;4;I;0 a 4;4;4;0,16;2
04/2022;HRJP;2022;4;II;5 a 9;8;0;0,0;0
04/2022;HRJP;2022;4;III;10 a 14;15;1;0,15;1
04/2022;HRJP;2022;4;IV;15 a 19;25;6;1,5;2
04/2022;HRJP;2022;4;V;20 a 24;40;7;2,8;5
04/2022;HRJP;2022;4;VI;25 a 29;55;2;1,1;2
04/2022;HRJP;2022;4;VII;30 a 34;75;0;0,0;1
04/2022;HRJP;2022;4;VIII;> 34;85;0;0,0;1
04/2022;MOV;2022;4;I;0 a 4;4;1;0,04;0
04/2022;MOV;2022;4;II;5 a 9;8;3;0,24;0
04/2022;MOV;2022;4;III;10 a 14;15;13;1,95;0
04/2022;MOV;2022;4;IV;15 a 19;25;11;2,75;0
04/2022;MOV;2022;4;V;20 a 24;40;0;0,0;0
04/2022;MOV;2022;4;VI;25 a 29;55;0;0,0;0
04/2022;MOV;2022;4;VII;30 a 34;75;0;0,0;0
04/2022;MOV;2022;4;VIII;> 34;85;0;0,0;0
05/2022;HAC;2022;5;I;0 a 4;4;2;0,08;0
05/2022;HAC;2022;5;II;5 a 9;8;5;0,4;0
05/2022;HAC;2022;5;III;10 a 14;15;6;0,9;0
05/2022;HAC;2022;5;IV;15 a 19;25;8;2,0;0
05/2022;HAC;2022;5;V;20 a 24;40;2;0,8;0
05/2022;HAC;2022;5;VI;25 a 29;55;2;1,1;1
05/2022;HAC;2022;5;VII;30 a 34;75;1;0,75;0
05/2022;HAC;2022;5;VIII;> 34;85;1;0,85;1
05/2022;HEM;2022;5;I;0 a 4;4;0;0,0;0
05/2022;HEM;2022;5;II;5 a 9;8;0;0,0;0
05/2022;HEM;2022;5;III;10 a 14;15;7;1,05;0
05/2022;HEM;2022;5;IV;15 a 19;25;18;4,5;7
05/2022;HEM;2022;5;V;20 a 24;40;11;4,4;2
05/2022;HEM;2022;5;VI;25 a 29;55;10;5,5;3
05/2022;HEM;2022;5;VII;30 a 34;75;1;0,75;1
05/2022;HEM;2022;5;VIII;> 34;85;0;0,0;0
05/2022;HJK;2022;5;I;0 a 4;4;90;3,6399999999999997;5
05/2022;HJK;2022;5;II;5 a 9;8;199;15,96;20
05/2022;HJK;2022;5;III;10 a 14;15;230;34,65;12
05/2022;HJK;2022;5;IV;15 a 19;25;213;53,35;30
05/2022;HJK;2022;5;V;20 a 24;40;146;58,4;30
05/2022;HJK;2022;5;VI;25 a 29;55;63;34,699999999999996;26
05/2022;HJK;2022;5;VII;30 a 34;75;32;24,1;16
05/2022;HJK;2022;5;VIII;> 34;85;16;13,65;13
05/2022;HJXXIII;2022;5;I;0 a 4;4;14;0,56;0
05/2022;HJXXIII;2022;5;II;5 a 9;8;24;1,92;1
05/2022;HJXXIII;2022;5;III;10 a 14;15;47;7,05;2
05/2022;HJXXIII;2022;5;IV;15 a 19;25;43;10,75;3
05/2022;HJXXIII;2022;5;V;20 a 24;40;14;5,6;2
05/2022;HJXXIII;2022;5;VI;25 a 29;55;11;6,05;8
05/2022;HJXXIII;2022;5;VII;30 a 34;75;2;1,5;2
05/2022;HJXXIII;2022;5;VIII;> 34;85;2;1,7;2
05/2022;HRAD;2022;5;I;0 a 4;4;0;0,0;0
05/2022;HRAD;2022;5;II;5 a 9;8;0;0,0;0
05/2022;HRAD;2022;5;III;10 a 14;15;4;0,6;2
05/2022;HRAD;2022;5;IV;15 a 19;25;5;1,25;1
05/2022;HRAD;2022;5;V;20 a 24;40;2;0,8;1
05/2022;HRAD;2022;5;VI;25 a 29;55;4;2,2;1
05/2022;HRAD;2022;5;VII;30 a 34;75;1;0,75;1
05/2022;HRAD;2022;5;VIII;> 34;85;0;0,0;0
05/2022;HRBJA;2022;5;I;0 a 4;4;0;0,0;0
05/2022;HRBJA;2022;5;II;5 a 9;8;2;0,16;0
05/2022;HRBJA;2022;5;III;10 a 14;15;3;0,45;0
05/2022;HRBJA;2022;5;IV;15 a 19;25;9;2,25;2
05/2022;HRBJA;2022;5;V;20 a 24;40;5;2,0;3
05/2022;HRBJA;2022;5;VI;25 a 29;55;3;1,65;1
05/2022;HRBJA;2022;5;VII;30 a 34;75;2;1,5;2
05/2022;HRBJA;2022;5;VIII;> 34;85;1;0,85;1
05/2022;HRJP;2022;5;I;0 a 4;4;0;0,0;0
05/2022;HRJP;2022;5;II;5 a 9;8;2;0,16;0
05/2022;HRJP;2022;5;III;10 a 14;15;3;0,45;1
05/2022;HRJP;2022;5;IV;15 a 19;25;3;0,75;2
05/2022;HRJP;2022;5;V;20 a 24;40;1;0,4;1
05/2022;HRJP;2022;5;VI;25 a 29;55;5;2,75;0
05/2022;HRJP;2022;5;VII;30 a 34;75;0;0,0;1
05/2022;HRJP;2022;5;VIII;> 34;85;0;0,0;1
05/2022;MOV;2022;5;I;0 a 4;4;2;0,08;0
05/2022;MOV;2022;5;II;5 a 9;8;4;0,32;0
05/2022;MOV;2022;5;III;10 a 14;15;10;1,5;0
05/2022;MOV;2022;5;IV;15 a 19;25;8;2,0;0
05/2022;MOV;2022;5;V;20 a 24;40;1;0,4;0
05/2022;MOV;2022;5;VI;25 a 29;55;1;0,55;0
05/2022;MOV;2022;5;VII;30 a 34;75;0;0,0;0
05/2022;MOV;2022;5;VIII;> 34;85;0;0,0;0
06/2022;HAC;2022;6;I;0 a 4;4;0;0,0;0
06/2022;HAC;2022;6;II;5 a 9;8;6;0,48;0
06/2022;HAC;2022;6;III;10 a 14;15;5;0,75;0
06/2022;HAC;2022;6;IV;15 a 19;25;7;1,75;0
06/2022;HAC;2022;6;V;20 a 24;40;6;2,4;2
06/2022;HAC;2022;6;VI;25 a 29;55;3;1,65;1
06/2022;HAC;2022;6;VII;30 a 34;75;0;0,0;0
06/2022;HAC;2022;6;VIII;> 34;85;4;3,4;2
06/2022;HEM;2022;6;I;0 a 4;4;0;0,0;0
06/2022;HEM;2022;6;II;5 a 9;8;1;0,08;0
06/2022;HEM;2022;6;III;10 a 14;15;6;0,9;3
06/2022;HEM;2022;6;IV;15 a 19;25;10;2,5;1
06/2022;HEM;2022;6;V;20 a 24;40;6;2,4;1
06/2022;HEM;2022;6;VI;25 a 29;55;4;2,2;0
06/2022;HEM;2022;6;VII;30 a 34;75;1;0,75;0
06/2022;HEM;2022;6;VIII;> 34;85;0;0,0;0
06/2022;HJK;2022;6;I;0 a 4;4;90;3,6399999999999997;5
06/2022;HJK;2022;6;II;5 a 9;8;200;16,04;21
06/2022;HJK;2022;6;III;10 a 14;15;230;34,65;12
06/2022;HJK;2022;6;IV;15 a 19;25;213;53,35;30
06/2022;HJK;2022;6;V;20 a 24;40;141;56,4;30
06/2022;HJK;2022;6;VI;25 a 29;55;67;36,9;23
06/2022;HJK;2022;6;VII;30 a 34;75;32;24,1;13
06/2022;HJK;2022;6;VIII;> 34;85;18;15,350000000000001;13
06/2022;HJXXIII;2022;6;I;0 a 4;4;11;0,44;0
06/2022;HJXXIII;2022;6;II;5 a 9;8;26;2,08;0
06/2022;HJXXIII;2022;6;III;10 a 14;15;39;5,85;0
06/2022;HJXXIII;2022;6;IV;15 a 19;25;38;9,5;3
06/2022;HJXXIII;2022;6;V;20 a 24;40;22;8,8;4
06/2022;HJXXIII;2022;6;VI;25 a 29;55;5;2,75;4
06/2022;HJXXIII;2022;6;VII;30 a 34;75;3;2,25;2
06/2022;HJXXIII;2022;6;VIII;> 34;85;1;0,85;1
06/2022;HRAD;2022;6;I;0 a 4;4;0;0,0;0
06/2022;HRAD;2022;6;II;5 a 9;8;1;0,08;0
06/2022;HRAD;2022;6;III;10 a 14;15;3;0,45;0
06/2022;HRAD;2022;6;IV;15 a 19;25;4;1,0;0
06/2022;HRAD;2022;6;V;20 a 24;40;6;2,4;1
06/2022;HRAD;2022;6;VI;25 a 29;55;1;0,55;0
06/2022;HRAD;2022;6;VII;30 a 34;75;1;0,75;0
06/2022;HRAD;2022;6;VIII;> 34;85;0;0,0;1
06/2022;HRBJA;2022;6;I;0 a 4;4;0;0,0;0
06/2022;HRBJA;2022;6;II;5 a 9;8;0;0,0;0
06/2022;HRBJA;2022;6;III;10 a 14;15;4;0,6;1
06/2022;HRBJA;2022;6;IV;15 a 19;25;5;1,25;2
06/2022;HRBJA;2022;6;V;20 a 24;40;6;2,4;0
06/2022;HRBJA;2022;6;VI;25 a 29;55;2;1,1;1
06/2022;HRBJA;2022;6;VII;30 a 34;75;1;0,75;1
06/2022;HRBJA;2022;6;VIII;> 34;85;0;0,0;0
06/2022;HRJP;2022;6;I;0 a 4;4;3;0,12;0
06/2022;HRJP;2022;6;II;5 a 9;8;0;0,0;0
06/2022;HRJP;2022;6;III;10 a 14;15;5;0,75;1
06/2022;HRJP;2022;6;IV;15 a 19;25;7;1,75;2
06/2022;HRJP;2022;6;V;20 a 24;40;4;1,6;2
06/2022;HRJP;2022;6;VI;25 a 29;55;5;2,75;0
06/2022;HRJP;2022;6;VII;30 a 34;75;1;0,75;2
06/2022;HRJP;2022;6;VIII;> 34;85;1;0,85;2
06/2022;MOV;2022;6;I;0 a 4;4;3;0,12;0
06/2022;MOV;2022;6;II;5 a 9;8;9;0,72;0
06/2022;MOV;2022;6;III;10 a 14;15;13;1,95;0
06/2022;MOV;2022;6;IV;15 a 19;25;7;1,75;0
06/2022;MOV;2022;6;V;20 a 24;40;2;0,8;0
06/2022;MOV;2022;6;VI;25 a 29;55;0;0,0;0
06/2022;MOV;2022;6;VII;30 a 34;75;0;0,0;0
06/2022;MOV;2022;6;VIII;> 34;85;0;0,0;0
07/2022;HAC;2022;7;I;0 a 4;4;2;0,08;0
07/2022;HAC;2022;7;II;5 a 9;8;10;0,8;1
07/2022;HAC;2022;7;III;10 a 14;15;7;1,05;2
07/2022;HAC;2022;7;IV;15 a 19;25;7;1,75;2
07/2022;HAC;2022;7;V;20 a 24;40;2;0,8;1
07/2022;HAC;2022;7;VI;25 a 29;55;0;0,0;0
07/2022;HAC;2022;7;VII;30 a 34;75;0;0,0;0
07/2022;HAC;2022;7;VIII;> 34;85;0;0,0;0
07/2022;HEM;2022;7;I;0 a 4;4;0;0,0;0
07/2022;HEM;2022;7;II;5 a 9;8;4;0,32;0
07/2022;HEM;2022;7;III;10 a 14;15;9;1,35;0
07/2022;HEM;2022;7;IV;15 a 19;25;14;3,5;3
07/2022;HEM;2022;7;V;20 a 24;40;10;4,0;4
07/2022;HEM;2022;7;VI;25 a 29;55;7;3,85;3
07/2022;HEM;2022;7;VII;30 a 34;75;2;1,5;1
07/2022;HEM;2022;7;VIII;> 34;85;1;0,85;1
07/2022;HJK;2022;7;I;0 a 4;4;91;3,6799999999999997;5
07/2022;HJK;2022;7;II;5 a 9;8;196;15,72;20
07/2022;HJK;2022;7;III;10 a 14;15;230;34,65;15
07/2022;HJK;2022;7;IV;15 a 19;25;214;53,6;28
07/2022;HJK;2022;7;V;20 a 24;40;139;55,6;29
07/2022;HJK;2022;7;VI;25 a 29;55;60;33,05;25
07/2022;HJK;2022;7;VII;30 a 34;75;32;24,1;16
07/2022;HJK;2022;7;VIII;> 34;85;18;15,350000000000001;13
07/2022;HJXXIII;2022;7;I;0 a 4;4;18;0,72;1
07/2022;HJXXIII;2022;7;II;5 a 9;8;33;2,64;0
07/2022;HJXXIII;2022;7;III;10 a 14;15;46;6,9;2
07/2022;HJXXIII;2022;7;IV;15 a 19;25;32;8,0;4
07/2022;HJXXIII;2022;7;V;20 a 24;40;21;8,4;5
07/2022;HJXXIII;2022;7;VI;25 a 29;55;5;2,75;1
07/2022;HJXXIII;2022;7;VII;30 a 34;75;4;3,0;2
07/2022;HJXXIII;2022;7;VIII;> 34;85;0;0,0;0
07/2022;HRAD;2022;7;I;0 a 4;4;0;0,0;0
07/2022;HRAD;2022;7;II;5 a 9;8;1;0,08;0
07/2022;HRAD;2022;7;III;10 a 14;15;2;0,3;0
07/2022;HRAD;2022;7;IV;15 a 19;25;6;1,5;1
07/2022;HRAD;2022;7;V;20 a 24;40;2;0,8;1
07/2022;HRAD;2022;7;VI;25 a 29;55;2;1,1;1
07/2022;HRAD;2022;7;VII;30 a 34;75;0;0,0;0
07/2022;HRAD;2022;7;VIII;> 34;85;0;0,0;0
07/2022;HRBJA;2022;7;I;0 a 4;4;0;0,0;0
07/2022;HRBJA;2022;7;II;5 a 9;8;1;0,08;0
07/2022;HRBJA;2022;7;III;10 a 14;15;2;0,3;0
07/2022;HRBJA;2022;7;IV;15 a 19;25;7;1,75;2
07/2022;HRBJA;2022;7;V;20 a 24;40;5;2,0;1
07/2022;HRBJA;2022;7;VI;25 a 29;55;1;0,55;1
07/2022;HRBJA;2022;7;VII;30 a 34;75;1;0,75;1
07/2022;HRBJA;2022;7;VIII;> 34;85;0;0,0;0
07/2022;HRJP;2022;7;I;0 a 4;4;1;0,04;1
07/2022;HRJP;2022;7;II;5 a 9;8;0;0,0;0
07/2022;HRJP;2022;7;III;10 a 14;15;1;0,15;0
07/2022;HRJP;2022;7;IV;15 a 19;25;3;0,75;2
07/2022;HRJP;2022;7;V;20 a 24;40;0;0,0;2
07/2022;HRJP;2022;7;VI;25 a 29;55;4;2,2;0
07/2022;HRJP;2022;7;VII;30 a 34;75;1;0,75;2
07/2022;HRJP;2022;7;VIII;> 34;85;0;0,0;1
07/2022;MOV;2022;7;I;0 a 4;4;1;0,04;0
07/2022;MOV;2022;7;II;5 a 9;8;4;0,32;0
07/2022;MOV;2022;7;III;10 a 14;15;12;1,8;0
07/2022;MOV;2022;7;IV;15 a 19;25;5;1,25;0
07/2022;MOV;2022;7;V;20 a 24;40;4;1,6;0
07/2022;MOV;2022;7;VI;25 a 29;55;3;1,65;1
07/2022;MOV;2022;7;VII;30 a 34;75;0;0,0;1
07/2022;MOV;2022;7;VIII;> 34;85;2;1,7;1
08/2022;HAC;2022;8;I;0 a 4;4;0;0,0;0
08/2022;HAC;2022;8;II;5 a 9;8;11;0,88;1
08/2022;HAC;2022;8;III;10 a 14;15;18;2,7;2
08/2022;HAC;2022;8;IV;15 a 19;25;5;1,25;2
08/2022;HAC;2022;8;V;20 a 24;40;6;2,4;2
08/2022;HAC;2022;8;VI;25 a 29;55;1;0,55;1
08/2022;HAC;2022;8;VII;30 a 34;75;2;1,5;1
08/2022;HAC;2022;8;VIII;> 34;85;0;0,0;0
08/2022;HEM;2022;8;I;0 a 4;4;1;0,04;0
08/2022;HEM;2022;8;II;5 a 9;8;11;0,88;3
08/2022;HEM;2022;8;III;10 a 14;15;10;1,5;1
08/2022;HEM;2022;8;IV;15 a 19;25;6;1,5;1
08/2022;HEM;2022;8;V;20 a 24;40;2;0,8;0
08/2022;HEM;2022;8;VI;25 a 29;55;6;3,3;3
08/2022;HEM;2022;8;VII;30 a 34;75;6;4,5;2
08/2022;HEM;2022;8;VIII;> 34;85;0;0,0;0
08/2022;HJK;2022;8;I;0 a 4;4;89;3,5999999999999996;5
08/2022;HJK;2022;8;II;5 a 9;8;193;15,48;20
08/2022;HJK;2022;8;III;10 a 14;15;233;35,1;13
08/2022;HJK;2022;8;IV;15 a 19;25;204;51,1;26
08/2022;HJK;2022;8;V;20 a 24;40;131;52,4;28
08/2022;HJK;2022;8;VI;25 a 29;55;62;34,15;24
08/2022;HJK;2022;8;VII;30 a 34;75;30;22,6;13
08/2022;HJK;2022;8;VIII;> 34;85;17;14,5;13
08/2022;HJXXIII;2022;8;I;0 a 4;4;19;0,76;1
08/2022;HJXXIII;2022;8;II;5 a 9;8;24;1,92;2
08/2022;HJXXIII;2022;8;III;10 a 14;15;42;6,3;11
08/2022;HJXXIII;2022;8;IV;15 a 19;25;39;9,75;8
08/2022;HJXXIII;2022;8;V;20 a 24;40;23;9,2;8
08/2022;HJXXIII;2022;8;VI;25 a 29;55;6;3,3;3
08/2022;HJXXIII;2022;8;VII;30 a 34;75;1;0,75;1
08/2022;HJXXIII;2022;8;VIII;> 34;85;1;0,85;1
08/2022;HRAD;2022;8;I;0 a 4;4;0;0,0;0
08/2022;HRAD;2022;8;II;5 a 9;8;3;0,24;0
08/2022;HRAD;2022;8;III;10 a 14;15;2;0,3;0
08/2022;HRAD;2022;8;IV;15 a 19;25;4;1,0;0
08/2022;HRAD;2022;8;V;20 a 24;40;6;2,4;1
08/2022;HRAD;2022;8;VI;25 a 29;55;1;0,55;0
08/2022;HRAD;2022;8;VII;30 a 34;75;0;0,0;0
08/2022;HRAD;2022;8;VIII;> 34;85;0;0,0;0
08/2022;HRBJA;2022;8;I;0 a 4;4;0;0,0;0
08/2022;HRBJA;2022;8;II;5 a 9;8;1;0,08;0
08/2022;HRBJA;2022;8;III;10 a 14;15;2;0,3;0
08/2022;HRBJA;2022;8;IV;15 a 19;25;8;2,0;2
08/2022;HRBJA;2022;8;V;20 a 24;40;9;3,6;4
08/2022;HRBJA;2022;8;VI;25 a 29;55;2;1,1;1
08/2022;HRBJA;2022;8;VII;30 a 34;75;0;0,0;0
08/2022;HRBJA;2022;8;VIII;> 34;85;1;0,85;1
08/2022;HRJP;2022;8;I;0 a 4;4;3;0,12;1
08/2022;HRJP;2022;8;II;5 a 9;8;3;0,24;0
08/2022;HRJP;2022;8;III;10 a 14;15;5;0,75;0
08/2022;HRJP;2022;8;IV;15 a 19;25;4;1,0;2
08/2022;HRJP;2022;8;V;20 a 24;40;5;2,0;2
08/2022;HRJP;2022;8;VI;25 a 29;55;3;1,65;2
08/2022;HRJP;2022;8;VII;30 a 34;75;1;0,75;1
08/2022;HRJP;2022;8;VIII;> 34;85;0;0,0;1
08/2022;MOV;2022;8;I;0 a 4;4;1;0,04;0
08/2022;MOV;2022;8;II;5 a 9;8;5;0,4;0
08/2022;MOV;2022;8;III;10 a 14;15;15;2,25;0
08/2022;MOV;2022;8;IV;15 a 19;25;6;1,5;0
08/2022;MOV;2022;8;V;20 a 24;40;4;1,6;0
08/2022;MOV;2022;8;VI;25 a 29;55;2;1,1;1
08/2022;MOV;2022;8;VII;30 a 34;75;1;0,75;1
08/2022;MOV;2022;8;VIII;> 34;85;0;0,0;1
09/2022;HAC;2022;9;I;0 a 4;4;2;0,08;0
09/2022;HAC;2022;9;II;5 a 9;8;7;0,56;0
09/2022;HAC;2022;9;III;10 a 14;15;11;1,65;0
09/2022;HAC;2022;9;IV;15 a 19;25;14;3,5;3
09/2022;HAC;2022;9;V;20 a 24;40;7;2,8;2
09/2022;HAC;2022;9;VI;25 a 29;55;2;1,1;1
09/2022;HAC;2022;9;VII;30 a 34;75;0;0,0;0
09/2022;HAC;2022;9;VIII;> 34;85;0;0,0;0
09/2022;HEM;2022;9;I;0 a 4;4;3;0,12;0
09/2022;HEM;2022;9;II;5 a 9;8;9;0,72;0
09/2022;HEM;2022;9;III;10 a 14;15;19;2,85;5
09/2022;HEM;2022;9;IV;15 a 19;25;3;0,75;0
09/2022;HEM;2022;9;V;20 a 24;40;5;2,0;0
09/2022;HEM;2022;9;VI;25 a 29;55;2;1,1;1
09/2022;HEM;2022;9;VII;30 a 34;75;1;0,75;1
09/2022;HEM;2022;9;VIII;> 34;85;1;0,85;1
09/2022;HJK;2022;9;I;0 a 4;4;89;3,5999999999999996;5
09/2022;HJK;2022;9;II;5 a 9;8;195;15,64;20
09/2022;HJK;2022;9;III;10 a 14;15;231;34,8;13
09/2022;HJK;2022;9;IV;15 a 19;25;206;51,6;27
09/2022;HJK;2022;9;V;20 a 24;40;134;53,599999999999994;26
09/2022;HJK;2022;9;VI;25 a 29;55;60;33,05;23
09/2022;HJK;2022;9;VII;30 a 34;75;30;22,6;13
09/2022;HJK;2022;9;VIII;> 34;85;17;14,5;13
09/2022;HJXXIII;2022;9;I;0 a 4;4;13;0,52;0
09/2022;HJXXIII;2022;9;II;5 a 9;8;19;1,52;1
09/2022;HJXXIII;2022;9;III;10 a 14;15;35;5,25;3
09/2022;HJXXIII;2022;9;IV;15 a 19;25;35;8,75;3
09/2022;HJXXIII;2022;9;V;20 a 24;40;25;10,0;7
09/2022;HJXXIII;2022;9;VI;25 a 29;55;11;6,05;3
09/2022;HJXXIII;2022;9;VII;30 a 34;75;1;0,75;0
09/2022;HJXXIII;2022;9;VIII;> 34;85;0;0,0;0
09/2022;HRAD;2022;9;I;0 a 4;4;0;0,0;0
09/2022;HRAD;2022;9;II;5 a 9;8;0;0,0;0
09/2022;HRAD;2022;9;III;10 a 14;15;0;0,0;0
09/2022;HRAD;2022;9;IV;15 a 19;25;7;1,75;0
09/2022;HRAD;2022;9;V;20 a 24;40;2;0,8;1
09/2022;HRAD;2022;9;VI;25 a 29;55;0;0,0;2
09/2022;HRAD;2022;9;VII;30 a 34;75;0;0,0;0
09/2022;HRAD;2022;9;VIII;> 34;85;0;0,0;0
09/2022;HRBJA;2022;9;I;0 a 4;4;0;0,0;0
09/2022;HRBJA;2022;9;II;5 a 9;8;0;0,0;0
09/2022;HRBJA;2022;9;III;10 a 14;15;3;0,45;0
09/2022;HRBJA;2022;9;IV;15 a 19;25;7;1,75;1
09/2022;HRBJA;2022;9;V;20 a 24;40;7;2,8;2
09/2022;HRBJA;2022;9;VI;25 a 29;55;7;3,85;4
09/2022;HRBJA;2022;9;VII;30 a 34;75;0;0,0;0
09/2022;HRBJA;2022;9;VIII;> 34;85;1;0,85;1
09/2022;HRJP;2022;9;I;0 a 4;4;0;0,0;0
09/2022;HRJP;2022;9;II;5 a 9;8;2;0,16;0
09/2022;HRJP;2022;9;III;10 a 14;15;11;1,65;0
09/2022;HRJP;2022;9;IV;15 a 19;25;4;1,0;1
09/2022;HRJP;2022;9;V;20 a 24;40;6;2,4;1
09/2022;HRJP;2022;9;VI;25 a 29;55;0;0,0;0
09/2022;HRJP;2022;9;VII;30 a 34;75;2;1,5;1
09/2022;HRJP;2022;9;VIII;> 34;85;0;0,0;0
09/2022;MOV;2022;9;I;0 a 4;4;1;0,04;0
09/2022;MOV;2022;9;II;5 a 9;8;6;0,48;0
09/2022;MOV;2022;9;III;10 a 14;15;9;1,35;0
09/2022;MOV;2022;9;IV;15 a 19;25;8;2,0;0
09/2022;MOV;2022;9;V;20 a 24;40;5;2,0;0
09/2022;MOV;2022;9;VI;25 a 29;55;2;1,1;0
09/2022;MOV;2022;9;VII;30 a 34;75;0;0,0;0
09/2022;MOV;2022;9;VIII;> 34;85;0;0,0;0
10/2022;HAC;2022;10;I;0 a 4;4;0;0,0;0
10/2022;HAC;2022;10;II;5 a 9;8;4;0,32;0
10/2022;HAC;2022;10;III;10 a 14;15;9;1,35;1
10/2022;HAC;2022;10;IV;15 a 19;25;18;4,5;1
10/2022;HAC;2022;10;V;20 a 24;40;7;2,8;4
10/2022;HAC;2022;10;VI;25 a 29;55;2;1,1;2
10/2022;HAC;2022;10;VII;30 a 34;75;1;0,75;1
10/2022;HAC;2022;10;VIII;> 34;85;0;0,0;0
10/2022;HEM;2022;10;I;0 a 4;4;1;0,04;0
10/2022;HEM;2022;10;II;5 a 9;8;3;0,24;0
10/2022;HEM;2022;10;III;10 a 14;15;3;0,45;0
10/2022;HEM;2022;10;IV;15 a 19;25;6;1,5;0
10/2022;HEM;2022;10;V;20 a 24;40;9;3,6;0
10/2022;HEM;2022;10;VI;25 a 29;55;3;1,65;0
10/2022;HEM;2022;10;VII;30 a 34;75;0;0,0;0
10/2022;HEM;2022;10;VIII;> 34;85;0;0,0;0
10/2022;HJK;2022;10;I;0 a 4;4;91;3,6799999999999997;5
10/2022;HJK;2022;10;II;5 a 9;8;196;15,72;20
10/2022;HJK;2022;10;III;10 a 14;15;225;33,9;12
10/2022;HJK;2022;10;IV;15 a 19;25;201;50,35;26
10/2022;HJK;2022;10;V;20 a 24;40;134;53,599999999999994;27
10/2022;HJK;2022;10;VI;25 a 29;55;66;36,349999999999994;25
10/2022;HJK;2022;10;VII;30 a 34;75;35;26,35;16
10/2022;HJK;2022;10;VIII;> 34;85;16;13,65;13
10/2022;HJXXIII;2022;10;I;0 a 4;4;9;0,36;0
10/2022;HJXXIII;2022;10;II;5 a 9;8;24;1,92;0
10/2022;HJXXIII;2022;10;III;10 a 14;15;35;5,25;2
10/2022;HJXXIII;2022;10;IV;15 a 19;25;30;7,5;3
10/2022;HJXXIII;2022;10;V;20 a 24;40;16;6,4;3
10/2022;HJXXIII;2022;10;VI;25 a 29;55;6;3,3;6
10/2022;HJXXIII;2022;10;VII;30 a 34;75;1;0,75;0
10/2022;HJXXIII;2022;10;VIII;> 34;85;1;0,85;1
10/2022;HRAD;2022;10;I;0 a 4;4;0;0,0;0
10/2022;HRAD;2022;10;II;5 a 9;8;0;0,0;0
10/2022;HRAD;2022;10;III;10 a 14;15;5;0,75;0
10/2022;HRAD;2022;10;IV;15 a 19;25;8;2,0;0
10/2022;HRAD;2022;10;V;20 a 24;40;2;0,8;0
10/2022;HRAD;2022;10;VI;25 a 29;55;1;0,55;2
10/2022;HRAD;2022;10;VII;30 a 34;75;1;0,75;0
10/2022;HRAD;2022;10;VIII;> 34;85;0;0,0;0
10/2022;HRBJA;2022;10;I;0 a 4;4;0;0,0;0
10/2022;HRBJA;2022;10;II;5 a 9;8;0;0,0;0
10/2022;HRBJA;2022;10;III;10 a 14;15;2;0,3;1
10/2022;HRBJA;2022;10;IV;15 a 19;25;7;1,75;1
10/2022;HRBJA;2022;10;V;20 a 24;40;5;2,0;1
10/2022;HRBJA;2022;10;VI;25 a 29;55;4;2,2;2
10/2022;HRBJA;2022;10;VII;30 a 34;75;2;1,5;0
10/2022;HRBJA;2022;10;VIII;> 34;85;0;0,0;0
10/2022;HRJP;2022;10;I;0 a 4;4;0;0,0;0
10/2022;HRJP;2022;10;II;5 a 9;8;1;0,08;0
10/2022;HRJP;2022;10;III;10 a 14;15;5;0,75;0
10/2022;HRJP;2022;10;IV;15 a 19;25;6;1,5;0
10/2022;HRJP;2022;10;V;20 a 24;40;4;1,6;1
10/2022;HRJP;2022;10;VI;25 a 29;55;4;2,2;2
10/2022;HRJP;2022;10;VII;30 a 34;75;0;0,0;2
10/2022;HRJP;2022;10;VIII;> 34;85;0;0,0;2
10/2022;MOV;2022;10;I;0 a 4;4;1;0,04;0
10/2022;MOV;2022;10;II;5 a 9;8;5;0,4;0
10/2022;MOV;2022;10;III;10 a 14;15;13;1,95;0
10/2022;MOV;2022;10;IV;15 a 19;25;9;2,25;0
10/2022;MOV;2022;10;V;20 a 24;40;1;0,4;0
10/2022;MOV;2022;10;VI;25 a 29;55;0;0,0;0
10/2022;MOV;2022;10;VII;30 a 34;75;0;0,0;0
10/2022;MOV;2022;10;VIII;> 34;85;0;0,0;0
11/2022;HAC;2022;11;I;0 a 4;4;0;0,0;0
11/2022;HAC;2022;11;II;5 a 9;8;3;0,24;0
11/2022;HAC;2022;11;III;10 a 14;15;8;1,2;0
11/2022;HAC;2022;11;IV;15 a 19;25;10;2,5;0
11/2022;HAC;2022;11;V;20 a 24;40;6;2,4;3
11/2022;HAC;2022;11;VI;25 a 29;55;5;2,75;3
11/2022;HAC;2022;11;VII;30 a 34;75;1;0,75;1
11/2022;HAC;2022;11;VIII;> 34;85;1;0,85;0
11/2022;HEM;2022;11;I;0 a 4;4;0;0,0;0
11/2022;HEM;2022;11;II;5 a 9;8;0;0,0;0
11/2022;HEM;2022;11;III;10 a 14;15;4;0,6;0
11/2022;HEM;2022;11;IV;15 a 19;25;10;2,5;1
11/2022;HEM;2022;11;V;20 a 24;40;9;3,6;1
11/2022;HEM;2022;11;VI;25 a 29;55;2;1,1;0
11/2022;HEM;2022;11;VII;30 a 34;75;4;3,0;0
11/2022;HEM;2022;11;VIII;> 34;85;2;1,7;0
11/2022;HJK;2022;11;I;0 a 4;4;91;3,6799999999999997;5
11/2022;HJK;2022;11;II;5 a 9;8;193;15,48;20
11/2022;HJK;2022;11;III;10 a 14;15;224;33,75;13
11/2022;HJK;2022;11;IV;15 a 19;25;205;51,35;26
11/2022;HJK;2022;11;V;20 a 24;40;133;53,2;26
11/2022;HJK;2022;11;VI;25 a 29;55;60;33,05;24
11/2022;HJK;2022;11;VII;30 a 34;75;31;23,35;14
11/2022;HJK;2022;11;VIII;> 34;85;16;13,65;13
11/2022;HJXXIII;2022;11;I;0 a 4;4;14;0,56;0
11/2022;HJXXIII;2022;11;II;5 a 9;8;22;1,76;1
11/2022;HJXXIII;2022;11;III;10 a 14;15;37;5,55;1
11/2022;HJXXIII;2022;11;IV;15 a 19;25;20;5,0;2
11/2022;HJXXIII;2022;11;V;20 a 24;40;22;8,8;4
11/2022;HJXXIII;2022;11;VI;25 a 29;55;5;2,75;4
11/2022;HJXXIII;2022;11;VII;30 a 34;75;2;1,5;2
11/2022;HJXXIII;2022;11;VIII;> 34;85;1;0,85;0
11/2022;HRAD;2022;11;I;0 a 4;4;0;0,0;0
11/2022;HRAD;2022;11;II;5 a 9;8;1;0,08;0
11/2022;HRAD;2022;11;III;10 a 14;15;3;0,45;1
11/2022;HRAD;2022;11;IV;15 a 19;25;6;1,5;0
11/2022;HRAD;2022;11;V;20 a 24;40;4;1,6;3
11/2022;HRAD;2022;11;VI;25 a 29;55;2;1,1;2
11/2022;HRAD;2022;11;VII;30 a 34;75;0;0,0;0
11/2022;HRAD;2022;11;VIII;> 34;85;0;0,0;0
11/2022;HRBJA;2022;11;I;0 a 4;4;0;0,0;0
11/2022;HRBJA;2022;11;II;5 a 9;8;3;0,24;0
11/2022;HRBJA;2022;11;III;10 a 14;15;7;1,05;0
11/2022;HRBJA;2022;11;IV;15 a 19;25;6;1,5;0
11/2022;HRBJA;2022;11;V;20 a 24;40;5;2,0;3
11/2022;HRBJA;2022;11;VI;25 a 29;55;4;2,2;1
11/2022;HRBJA;2022;11;VII;30 a 34;75;0;0,0;0
11/2022;HRBJA;2022;11;VIII;> 34;85;0;0,0;0
11/2022;HRJP;2022;11;I;0 a 4;4;0;0,0;0
11/2022;HRJP;2022;11;II;5 a 9;8;2;0,16;0
11/2022;HRJP;2022;11;III;10 a 14;15;4;0,6;1
11/2022;HRJP;2022;11;IV;15 a 19;25;8;2,0;1
11/2022;HRJP;2022;11;V;20 a 24;40;10;4,0;2
11/2022;HRJP;2022;11;VI;25 a 29;55;3;1,65;1
11/2022;HRJP;2022;11;VII;30 a 34;75;0;0,0;0
11/2022;HRJP;2022;11;VIII;> 34;85;0;0,0;0
11/2022;MOV;2022;11;I;0 a 4;4;2;0,08;0
11/2022;MOV;2022;11;II;5 a 9;8;8;0,64;0
11/2022;MOV;2022;11;III;10 a 14;15;11;1,65;0
11/2022;MOV;2022;11;IV;15 a 19;25;8;2,0;0
11/2022;MOV;2022;11;V;20 a 24;40;1;0,4;0
11/2022;MOV;2022;11;VI;25 a 29;55;2;1,1;0
11/2022;MOV;2022;11;VII;30 a 34;75;0;0,0;0
11/2022;MOV;2022;11;VIII;> 34;85;0;0,0;0
12/2022;HAC;2022;12;I;0 a 4;4;1;0,04;0
12/2022;HAC;2022;12;II;5 a 9;8;2;0,16;0
12/2022;HAC;2022;12;III;10 a 14;15;18;2,7;0
12/2022;HAC;2022;12;IV;15 a 19;25;9;2,25;1
12/2022;HAC;2022;12;V;20 a 24;40;4;1,6;1
12/2022;HAC;2022;12;VI;25 a 29;55;2;1,1;0
12/2022;HAC;2022;12;VII;30 a 34;75;0;0,0;0
12/2022;HAC;2022;12;VIII;> 34;85;0;0,0;0
12/2022;HEM;2022;12;I;0 a 4;4;0;0,0;0
12/2022;HEM;2022;12;II;5 a 9;8;0;0,0;0
12/2022;HEM;2022;12;III;10 a 14;15;0;0,0;0
12/2022;HEM;2022;12;IV;15 a 19;25;9;2,25;0
12/2022;HEM;2022;12;V;20 a 24;40;7;2,8;1
12/2022;HEM;2022;12;VI;25 a 29;55;4;2,2;2
12/2022;HEM;2022;12;VII;30 a 34;75;6;4,5;1
12/2022;HEM;2022;12;VIII;> 34;85;3;2,55;2
12/2022;HJK;2022;12;I;0 a 4;4;89;3,5999999999999996;5
12/2022;HJK;2022;12;II;5 a 9;8;193;15,48;20
12/2022;HJK;2022;12;III;10 a 14;15;222;33,45;13
12/2022;HJK;2022;12;IV;15 a 19;25;203;50,85;28
12/2022;HJK;2022;12;V;20 a 24;40;137;54,8;26
12/2022;HJK;2022;12;VI;25 a 29;55;66;36,349999999999994;23
12/2022;HJK;2022;12;VII;30 a 34;75;30;22,6;13
12/2022;HJK;2022;12;VIII;> 34;85;17;14,5;14
12/2022;HJXXIII;2022;12;I;0 a 4;4;10;0,4;0
12/2022;HJXXIII;2022;12;II;5 a 9;8;24;1,92;0
12/2022;HJXXIII;2022;12;III;10 a 14;15;33;4,95;1
12/2022;HJXXIII;2022;12;IV;15 a 19;25;33;8,25;6
12/2022;HJXXIII;2022;12;V;20 a 24;40;16;6,4;6
12/2022;HJXXIII;2022;12;VI;25 a 29;55;9;4,95;6
12/2022;HJXXIII;2022;12;VII;30 a 34;75;3;2,25;2
12/2022;HJXXIII;2022;12;VIII;> 34;85;0;0,0;0
12/2022;HRAD;2022;12;I;0 a 4;4;0;0,0;0
12/2022;HRAD;2022;12;II;5 a 9;8;3;0,24;0
12/2022;HRAD;2022;12;III;10 a 14;15;4;0,6;1
12/2022;HRAD;2022;12;IV;15 a 19;25;8;2,0;1
12/2022;HRAD;2022;12;V;20 a 24;40;2;0,8;2
12/2022;HRAD;2022;12;VI;25 a 29;55;3;1,65;2
12/2022;HRAD;2022;12;VII;30 a 34;75;1;0,75;1
12/2022;HRAD;2022;12;VIII;> 34;85;0;0,0;0
12/2022;HRBJA;2022;12;I;0 a 4;4;0;0,0;0
12/2022;HRBJA;2022;12;II;5 a 9;8;2;0,16;0
12/2022;HRBJA;2022;12;III;10 a 14;15;4;0,6;1
12/2022;HRBJA;2022;12;IV;15 a 19;25;6;1,5;1
12/2022;HRBJA;2022;12;V;20 a 24;40;4;1,6;3
12/2022;HRBJA;2022;12;VI;25 a 29;55;2;1,1;1
12/2022;HRBJA;2022;12;VII;30 a 34;75;1;0,75;0
12/2022;HRBJA;2022;12;VIII;> 34;85;1;0,85;0
12/2022;HRJP;2022;12;I;0 a 4;4;0;0,0;0
12/2022;HRJP;2022;12;II;5 a 9;8;2;0,16;0
12/2022;HRJP;2022;12;III;10 a 14;15;6;0,9;0
12/2022;HRJP;2022;12;IV;15 a 19;25;13;3,25;2
12/2022;HRJP;2022;12;V;20 a 24;40;4;1,6;2
12/2022;HRJP;2022;12;VI;25 a 29;55;1;0,55;1
12/2022;HRJP;2022;12;VII;30 a 34;75;2;1,5;0
12/2022;HRJP;2022;12;VIII;> 34;85;0;0,0;0
12/2022;MOV;2022;12;I;0 a 4;4;1;0,04;0
12/2022;MOV;2022;12;II;5 a 9;8;10;0,8;0
12/2022;MOV;2022;12;III;10 a 14;15;12;1,8;0
12/2022;MOV;2022;12;IV;15 a 19;25;3;0,75;0
12/2022;MOV;2022;12;V;20 a 24;40;5;2,0;0
12/2022;MOV;2022;12;VI;25 a 29;55;3;1,65;0
12/2022;MOV;2022;12;VII;30 a 34;75;1;0,75;0
12/2022;MOV;2022;12;VIII;> 34;85;0;0,0;0
01/2023;HAC;2023;1;I;0 a 4;4;1;0,04;0
01/2023;HAC;2023;1;II;5 a 9;8;2;0,16;0
01/2023;HAC;2023;1;III;10 a 14;15;12;1,8;2
01/2023;HAC;2023;1;IV;15 a 19;25;12;3,0;2
01/2023;HAC;2023;1;V;20 a 24;40;7;2,8;2
01/2023;HAC;2023;1;VI;25 a 29;55;2;1,1;1
01/2023;HAC;2023;1;VII;30 a 34;75;0;0,0;0
01/2023;HAC;2023;1;VIII;> 34;85;1;0,85;1
01/2023;HEM;2023;1;I;0 a 4;4;0;0,0;0
01/2023;HEM;2023;1;II;5 a 9;8;0;0,0;0
01/2023;HEM;2023;1;III;10 a 14;15;8;1,2;0
01/2023;HEM;2023;1;IV;15 a 19;25;11;2,75;2
01/2023;HEM;2023;1;V;20 a 24;40;5;2,0;0
01/2023;HEM;2023;1;VI;25 a 29;55;7;3,85;4
01/2023;HEM;2023;1;VII;30 a 34;75;2;1,5;2
01/2023;HEM;2023;1;VIII;> 34;85;1;0,85;1
01/2023;HJK;2023;1;I;0 a 4;4;89;3,5999999999999996;5
01/2023;HJK;2023;1;II;5 a 9;8;193;15,48;20
01/2023;HJK;2023;1;III;10 a 14;15;224;33,75;12
01/2023;HJK;2023;1;IV;15 a 19;25;206;51,6;28
01/2023;HJK;2023;1;V;20 a 24;40;139;55,6;27
01/2023;HJK;2023;1;VI;25 a 29;55;59;32,5;25
01/2023;HJK;2023;1;VII;30 a 34;75;32;24,1;14
01/2023;HJK;2023;1;VIII;> 34;85;16;13,65;13
01/2023;HJXXIII;2023;1;I;0 a 4;4;13;0,52;0
01/2023;HJXXIII;2023;1;II;5 a 9;8;31;2,48;1
01/2023;HJXXIII;2023;1;III;10 a 14;15;50;7,5;2
01/2023;HJXXIII;2023;1;IV;15 a 19;25;32;8,0;3
01/2023;HJXXIII;2023;1;V;20 a 24;40;13;5,2;4
01/2023;HJXXIII;2023;1;VI;25 a 29;55;9;4,95;4
01/2023;HJXXIII;2023;1;VII;30 a 34;75;3;2,25;3
01/2023;HJXXIII;2023;1;VIII;> 34;85;1;0,85;1
01/2023;HRAD;2023;1;I;0 a 4;4;0;0,0;0
01/2023;HRAD;2023;1;II;5 a 9;8;0;0,0;0
01/2023;HRAD;2023;1;III;10 a 14;15;5;0,75;0
01/2023;HRAD;2023;1;IV;15 a 19;25;5;1,25;1
01/2023;HRAD;2023;1;V;20 a 24;40;5;2,0;0
01/2023;HRAD;2023;1;VI;25 a 29;55;3;1,65;3
01/2023;HRAD;2023;1;VII;30 a 34;75;0;0,0;0
01/2023;HRAD;2023;1;VIII;> 34;85;1;0,85;1
01/2023;HRBJA;2023;1;I;0 a 4;4;0;0,0;0
01/2023;HRBJA;2023;1;II;5 a 9;8;1;0,08;0
01/2023;HRBJA;2023;1;III;10 a 14;15;4;0,6;1
01/2023;HRBJA;2023;1;IV;15 a 19;25;6;1,5;2
01/2023;HRBJA;2023;1;V;20 a 24;40;8;3,2;4
01/2023;HRBJA;2023;1;VI;25 a 29;55;0;0,0;0
01/2023;HRBJA;2023;1;VII;30 a 34;75;0;0,0;0
01/2023;HRBJA;2023;1;VIII;> 34;85;0;0,0;0
01/2023;HRJP;2023;1;I;0 a 4;4;1;0,04;0
01/2023;HRJP;2023;1;II;5 a 9;8;7;0,56;1
01/2023;HRJP;2023;1;III;10 a 14;15;6;0,9;0
01/2023;HRJP;2023;1;IV;15 a 19;25;2;0,5;1
01/2023;HRJP;2023;1;V;20 a 24;40;3;1,2;1
01/2023;HRJP;2023;1;VI;25 a 29;55;4;2,2;2
01/2023;HRJP;2023;1;VII;30 a 34;75;0;0,0;0
01/2023;HRJP;2023;1;VIII;> 34;85;0;0,0;0
01/2023;MOV;2023;1;I;0 a 4;4;1;0,04;0
01/2023;MOV;2023;1;II;5 a 9;8;3;0,24;0
01/2023;MOV;2023;1;III;10 a 14;15;7;1,05;0
01/2023;MOV;2023;1;IV;15 a 19;25;10;2,5;0
01/2023;MOV;2023;1;V;20 a 24;40;5;2,0;0
01/2023;MOV;2023;1;VI;25 a 29;55;1;0,55;0
01/2023;MOV;2023;1;VII;30 a 34;75;0;0,0;0
01/2023;MOV;2023;1;VIII;> 34;85;0;0,0;0
02/2023;HAC;2023;2;I;0 a 4;4;2;0,08;8
02/2023;HAC;2023;2;II;5 a 9;8;6;0,48;0
02/2023;HAC;2023;2;III;10 a 14;15;16;2,4;1
02/2023;HAC;2023;2;IV;15 a 19;25;4;1,0;0
02/2023;HAC;2023;2;V;20 a 24;40;5;2,0;1
02/2023;HAC;2023;2;VI;25 a 29;55;1;0,55;0
02/2023;HAC;2023;2;VII;30 a 34;75;1;0,75;0
02/2023;HAC;2023;2;VIII;> 34;85;0;0,0;0
02/2023;HEM;2023;2;I;0 a 4;4;0;0,0;0
02/2023;HEM;2023;2;II;5 a 9;8;0;0,0;0
02/2023;HEM;2023;2;III;10 a 14;15;4;0,6;1
02/2023;HEM;2023;2;IV;15 a 19;25;7;1,75;3
02/2023;HEM;2023;2;V;20 a 24;40;4;1,6;2
02/2023;HEM;2023;2;VI;25 a 29;55;4;2,2;0
02/2023;HEM;2023;2;VII;30 a 34;75;2;1,5;1
02/2023;HEM;2023;2;VIII;> 34;85;0;0,0;0
02/2023;HJK;2023;2;I;0 a 4;4;89;3,5999999999999996;5
02/2023;HJK;2023;2;II;5 a 9;8;192;15,4;20
02/2023;HJK;2023;2;III;10 a 14;15;224;33,75;13
02/2023;HJK;2023;2;IV;15 a 19;25;207;51,85;27
02/2023;HJK;2023;2;V;20 a 24;40;141;56,4;27
02/2023;HJK;2023;2;VI;25 a 29;55;63;34,699999999999996;27
02/2023;HJK;2023;2;VII;30 a 34;75;31;23,35;12
02/2023;HJK;2023;2;VIII;> 34;85;21;17,9;17
02/2023;HJXXIII;2023;2;I;0 a 4;4;16;0,64;0
02/2023;HJXXIII;2023;2;II;5 a 9;8;28;2,24;2
02/2023;HJXXIII;2023;2;III;10 a 14;15;30;4,5;2
02/2023;HJXXIII;2023;2;IV;15 a 19;25;26;6,5;7
02/2023;HJXXIII;2023;2;V;20 a 24;40;14;5,6;6
02/2023;HJXXIII;2023;2;VI;25 a 29;55;9;4,95;8
02/2023;HJXXIII;2023;2;VII;30 a 34;75;2;1,5;2
02/2023;HJXXIII;2023;2;VIII;> 34;85;0;0,0;0
02/2023;HRAD;2023;2;I;0 a 4;4;1;0,04;0
02/2023;HRAD;2023;2;II;5 a 9;8;0;0,0;0
02/2023;HRAD;2023;2;III;10 a 14;15;2;0,3;0
02/2023;HRAD;2023;2;IV;15 a 19;25;4;1,0;2
02/2023;HRAD;2023;2;V;20 a 24;40;5;2,0;0
02/2023;HRAD;2023;2;VI;25 a 29;55;2;1,1;1
02/2023;HRAD;2023;2;VII;30 a 34;75;1;0,75;1
02/2023;HRAD;2023;2;VIII;> 34;85;0;0,0;0
02/2023;HRBJA;2023;2;I;0 a 4;4;0;0,0;0
02/2023;HRBJA;2023;2;II;5 a 9;8;0;0,0;0
02/2023;HRBJA;2023;2;III;10 a 14;15;1;0,15;0
02/2023;HRBJA;2023;2;IV;15 a 19;25;7;1,75;2
02/2023;HRBJA;2023;2;V;20 a 24;40;5;2,0;2
02/2023;HRBJA;2023;2;VI;25 a 29;55;4;2,2;2
02/2023;HRBJA;2023;2;VII;30 a 34;75;0;0,0;0
02/2023;HRBJA;2023;2;VIII;> 34;85;2;1,7;2
02/2023;HRJP;2023;2;I;0 a 4;4;0;0,0;0
02/2023;HRJP;2023;2;II;5 a 9;8;6;0,48;0
02/2023;HRJP;2023;2;III;10 a 14;15;19;2,85;6
02/2023;HRJP;2023;2;IV;15 a 19;25;6;1,5;0
02/2023;HRJP;2023;2;V;20 a 24;40;6;2,4;3
02/2023;HRJP;2023;2;VI;25 a 29;55;2;1,1;1
02/2023;HRJP;2023;2;VII;30 a 34;75;1;0,75;0
02/2023;HRJP;2023;2;VIII;> 34;85;1;0,85;1
02/2023;MOV;2023;2;I;0 a 4;4;1;0,04;0
02/2023;MOV;2023;2;II;5 a 9;8;7;0,56;0
02/2023;MOV;2023;2;III;10 a 14;15;11;1,65;0
02/2023;MOV;2023;2;IV;15 a 19;25;7;1,75;0
02/2023;MOV;2023;2;V;20 a 24;40;1;0,4;0
02/2023;MOV;2023;2;VI;25 a 29;55;1;0,55;0
02/2023;MOV;2023;2;VII;30 a 34;75;1;0,75;0
02/2023;MOV;2023;2;VIII;> 34;85;0;0,0;0
03/2023;HAC;2023;3;I;0 a 4;4;0;0,0;8
03/2023;HAC;2023;3;II;5 a 9;8;7;0,56;0
03/2023;HAC;2023;3;III;10 a 14;15;16;2,4;0
03/2023;HAC;2023;3;IV;15 a 19;25;11;2,75;3
03/2023;HAC;2023;3;V;20 a 24;40;12;4,8;3
03/2023;HAC;2023;3;VI;25 a 29;55;1;0,55;0
03/2023;HAC;2023;3;VII;30 a 34;75;4;3,0;3
03/2023;HAC;2023;3;VIII;> 34;85;2;1,7;1
03/2023;HEM;2023;3;I;0 a 4;4;4;0,16;0
03/2023;HEM;2023;3;II;5 a 9;8;10;0,8;0
03/2023;HEM;2023;3;III;10 a 14;15;10;1,5;1
03/2023;HEM;2023;3;IV;15 a 19;25;9;2,25;3
03/2023;HEM;2023;3;V;20 a 24;40;5;2,0;3
03/2023;HEM;2023;3;VI;25 a 29;55;3;1,65;1
03/2023;HEM;2023;3;VII;30 a 34;75;3;2,25;2
03/2023;HEM;2023;3;VIII;> 34;85;2;1,7;2
03/2023;HJK;2023;3;I;0 a 4;4;89;3,5999999999999996;5
03/2023;HJK;2023;3;II;5 a 9;8;195;15,64;20
03/2023;HJK;2023;3;III;10 a 14;15;228;34,35;14
03/2023;HJK;2023;3;IV;15 a 19;25;211;52,85;28
03/2023;HJK;2023;3;V;20 a 24;40;136;54,4;27
03/2023;HJK;2023;3;VI;25 a 29;55;63;34,699999999999996;26
03/2023;HJK;2023;3;VII;30 a 34;75;33;24,85;14
03/2023;HJK;2023;3;VIII;> 34;85;18;15,350000000000001;13
03/2023;HJXXIII;2023;3;I;0 a 4;4;12;0,48;0
03/2023;HJXXIII;2023;3;II;5 a 9;8;24;1,92;0
03/2023;HJXXIII;2023;3;III;10 a 14;15;41;6,15;2
03/2023;HJXXIII;2023;3;IV;15 a 19;25;43;10,75;5
03/2023;HJXXIII;2023;3;V;20 a 24;40;26;10,4;4
03/2023;HJXXIII;2023;3;VI;25 a 29;55;13;7,15;6
03/2023;HJXXIII;2023;3;VII;30 a 34;75;2;1,5;0
03/2023;HJXXIII;2023;3;VIII;> 34;85;1;0,85;0
03/2023;HRAD;2023;3;I;0 a 4;4;0;0,0;0
03/2023;HRAD;2023;3;II;5 a 9;8;0;0,0;0
03/2023;HRAD;2023;3;III;10 a 14;15;0;0,0;0
03/2023;HRAD;2023;3;IV;15 a 19;25;9;2,25;0
03/2023;HRAD;2023;3;V;20 a 24;40;9;3,6;1
03/2023;HRAD;2023;3;VI;25 a 29;55;4;2,2;2
03/2023;HRAD;2023;3;VII;30 a 34;75;1;0,75;1
03/2023;HRAD;2023;3;VIII;> 34;85;0;0,0;0
03/2023;HRBJA;2023;3;I;0 a 4;4;0;0,0;0
03/2023;HRBJA;2023;3;II;5 a 9;8;0;0,0;0
03/2023;HRBJA;2023;3;III;10 a 14;15;5;0,75;2
03/2023;HRBJA;2023;3;IV;15 a 19;25;1;0,25;1
03/2023;HRBJA;2023;3;V;20 a 24;40;9;3,6;6
03/2023;HRBJA;2023;3;VI;25 a 29;55;2;1,1;2
03/2023;HRBJA;2023;3;VII;30 a 34;75;0;0,0;0
03/2023;HRBJA;2023;3;VIII;> 34;85;0;0,0;0
03/2023;HRJP;2023;3;I;0 a 4;4;5;0,2;1
03/2023;HRJP;2023;3;II;5 a 9;8;6;0,48;0
03/2023;HRJP;2023;3;III;10 a 14;15;17;2,55;1
03/2023;HRJP;2023;3;IV;15 a 19;25;13;3,25;0
03/2023;HRJP;2023;3;V;20 a 24;40;13;5,2;7
03/2023;HRJP;2023;3;VI;25 a 29;55;3;1,65;2
03/2023;HRJP;2023;3;VII;30 a 34;75;1;0,75;0
03/2023;HRJP;2023;3;VIII;> 34;85;2;1,7;2
03/2023;MOV;2023;3;I;0 a 4;4;4;0,16;0
03/2023;MOV;2023;3;II;5 a 9;8;7;0,56;0
03/2023;MOV;2023;3;III;10 a 14;15;7;1,05;0
03/2023;MOV;2023;3;IV;15 a 19;25;16;4,0;0
03/2023;MOV;2023;3;V;20 a 24;40;6;2,4;0
03/2023;MOV;2023;3;VI;25 a 29;55;1;0,55;0
03/2023;MOV;2023;3;VII;30 a 34;75;0;0,0;0
03/2023;MOV;2023;3;VIII;> 34;85;0;0,0;0
04/2023;HAC;2023;4;I;0 a 4;4;0;0,0;0
04/2023;HAC;2023;4;II;5 a 9;8;6;0,48;0
04/2023;HAC;2023;4;III;10 a 14;15;8;1,2;0
04/2023;HAC;2023;4;IV;15 a 19;25;12;3,0;1
04/2023;HAC;2023;4;V;20 a 24;40;7;2,8;1
04/2023;HAC;2023;4;VI;25 a 29;55;1;0,55;1
04/2023;HAC;2023;4;VII;30 a 34;75;1;0,75;1
04/2023;HAC;2023;4;VIII;> 34;85;1;0,85;1
04/2023;HEM;2023;4;I;0 a 4;4;1;0,04;0
04/2023;HEM;2023;4;II;5 a 9;8;3;0,24;0
04/2023;HEM;2023;4;III;10 a 14;15;8;1,2;0
04/2023;HEM;2023;4;IV;15 a 19;25;8;2,0;0
04/2023;HEM;2023;4;V;20 a 24;40;10;4,0;0
04/2023;HEM;2023;4;VI;25 a 29;55;3;1,65;0
04/2023;HEM;2023;4;VII;30 a 34;75;0;0,0;0
04/2023;HEM;2023;4;VIII;> 34;85;0;0,0;0
04/2023;HJK;2023;4;I;0 a 4;4;91;3,6799999999999997;5
04/2023;HJK;2023;4;II;5 a 9;8;196;15,72;20
04/2023;HJK;2023;4;III;10 a 14;15;227;34,2;12
04/2023;HJK;2023;4;IV;15 a 19;25;223;55,85;28
04/2023;HJK;2023;4;V;20 a 24;40;145;58,0;27
04/2023;HJK;2023;4;VI;25 a 29;55;63;34,699999999999996;26
04/2023;HJK;2023;4;VII;30 a 34;75;29;21,85;13
04/2023;HJK;2023;4;VIII;> 34;85;16;13,65;13
04/2023;HJXXIII;2023;4;I;0 a 4;4;21;0,84;0
04/2023;HJXXIII;2023;4;II;5 a 9;8;36;2,88;1
04/2023;HJXXIII;2023;4;III;10 a 14;15;28;4,2;3
04/2023;HJXXIII;2023;4;IV;15 a 19;25;32;8,0;6
04/2023;HJXXIII;2023;4;V;20 a 24;40;15;6,0;5
04/2023;HJXXIII;2023;4;VI;25 a 29;55;11;6,05;4
04/2023;HJXXIII;2023;4;VII;30 a 34;75;1;0,75;1
04/2023;HJXXIII;2023;4;VIII;> 34;85;3;2,55;0
04/2023;HRAD;2023;4;I;0 a 4;4;0;0,0;0
04/2023;HRAD;2023;4;II;5 a 9;8;0;0,0;0
04/2023;HRAD;2023;4;III;10 a 14;15;10;1,5;0
04/2023;HRAD;2023;4;IV;15 a 19;25;3;0,75;2
04/2023;HRAD;2023;4;V;20 a 24;40;5;2,0;3
04/2023;HRAD;2023;4;VI;25 a 29;55;2;1,1;2
04/2023;HRAD;2023;4;VII;30 a 34;75;0;0,0;0
04/2023;HRAD;2023;4;VIII;> 34;85;0;0,0;0
04/2023;HRBJA;2023;4;I;0 a 4;4;0;0,0;0
04/2023;HRBJA;2023;4;II;5 a 9;8;4;0,32;0
04/2023;HRBJA;2023;4;III;10 a 14;15;1;0,15;0
04/2023;HRBJA;2023;4;IV;15 a 19;25;1;0,25;0
04/2023;HRBJA;2023;4;V;20 a 24;40;3;1,2;0
04/2023;HRBJA;2023;4;VI;25 a 29;55;0;0,0;0
04/2023;HRBJA;2023;4;VII;30 a 34;75;1;0,75;1
04/2023;HRBJA;2023;4;VIII;> 34;85;1;0,85;1
04/2023;HRJP;2023;4;I;0 a 4;4;7;0,28;4
04/2023;HRJP;2023;4;II;5 a 9;8;2;0,16;0
04/2023;HRJP;2023;4;III;10 a 14;15;7;1,05;0
04/2023;HRJP;2023;4;IV;15 a 19;25;14;3,5;2
04/2023;HRJP;2023;4;V;20 a 24;40;4;1,6;2
04/2023;HRJP;2023;4;VI;25 a 29;55;7;3,85;5
04/2023;HRJP;2023;4;VII;30 a 34;75;2;1,5;2
04/2023;HRJP;2023;4;VIII;> 34;85;2;1,7;2
04/2023;MOV;2023;4;I;0 a 4;4;0;0,0;0
04/2023;MOV;2023;4;II;5 a 9;8;1;0,08;0
04/2023;MOV;2023;4;III;10 a 14;15;6;0,9;0
04/2023;MOV;2023;4;IV;15 a 19;25;9;2,25;1
04/2023;MOV;2023;4;V;20 a 24;40;3;1,2;0
04/2023;MOV;2023;4;VI;25 a 29;55;3;1,65;1
04/2023;MOV;2023;4;VII;30 a 34;75;1;0,75;0
04/2023;MOV;2023;4;VIII;> 34;85;1;0,85;0
05/2023;HAC;2023;5;I;0 a 4;4;0;0,0;0
05/2023;HAC;2023;5;II;5 a 9;8;1;0,08;0
05/2023;HAC;2023;5;III;10 a 14;15;9;1,35;0
05/2023;HAC;2023;5;IV;15 a 19;25;8;2,0;1
05/2023;HAC;2023;5;V;20 a 24;40;12;4,8;0
05/2023;HAC;2023;5;VI;25 a 29;55;5;2,75;3
05/2023;HAC;2023;5;VII;30 a 34;75;1;0,75;0
05/2023;HAC;2023;5;VIII;> 34;85;4;3,4;4
05/2023;HEM;2023;5;I;0 a 4;4;1;0,04;0
05/2023;HEM;2023;5;II;5 a 9;8;2;0,16;1
05/2023;HEM;2023;5;III;10 a 14;15;5;0,75;1
05/2023;HEM;2023;5;IV;15 a 19;25;16;4,0;1
05/2023;HEM;2023;5;V;20 a 24;40;7;2,8;2
05/2023;HEM;2023;5;VI;25 a 29;55;1;0,55;0
05/2023;HEM;2023;5;VII;30 a 34;75;2;1,5;0
05/2023;HEM;2023;5;VIII;> 34;85;3;2,55;2
05/2023;HJK;2023;5;I;0 a 4;4;91;3,6799999999999997;5
05/2023;HJK;2023;5;II;5 a 9;8;194;15,56;20
05/2023;HJK;2023;5;III;10 a 14;15;242;36,45;15
05/2023;HJK;2023;5;IV;15 a 19;25;219;54,85;29
05/2023;HJK;2023;5;V;20 a 24;40;144;57,6;26
05/2023;HJK;2023;5;VI;25 a 29;55;65;35,8;27
05/2023;HJK;2023;5;VII;30 a 34;75;31;23,35;13
05/2023;HJK;2023;5;VIII;> 34;85;20;17,05;16
05/2023;HJXXIII;2023;5;I;0 a 4;4;8;0,32;1
05/2023;HJXXIII;2023;5;II;5 a 9;8;27;2,16;3
05/2023;HJXXIII;2023;5;III;10 a 14;15;38;5,7;2
05/2023;HJXXIII;2023;5;IV;15 a 19;25;53;13,25;9
05/2023;HJXXIII;2023;5;V;20 a 24;40;18;7,2;4
05/2023;HJXXIII;2023;5;VI;25 a 29;55;10;5,5;5
05/2023;HJXXIII;2023;5;VII;30 a 34;75;2;1,5;1
05/2023;HJXXIII;2023;5;VIII;> 34;85;1;0,85;1
05/2023;HRAD;2023;5;I;0 a 4;4;0;0,0;0
05/2023;HRAD;2023;5;II;5 a 9;8;1;0,08;0
05/2023;HRAD;2023;5;III;10 a 14;15;5;0,75;0
05/2023;HRAD;2023;5;IV;15 a 19;25;8;2,0;2
05/2023;HRAD;2023;5;V;20 a 24;40;2;0,8;1
05/2023;HRAD;2023;5;VI;25 a 29;55;3;1,65;2
05/2023;HRAD;2023;5;VII;30 a 34;75;0;0,0;0
05/2023;HRAD;2023;5;VIII;> 34;85;0;0,0;0
05/2023;HRBJA;2023;5;I;0 a 4;4;0;0,0;0
05/2023;HRBJA;2023;5;II;5 a 9;8;0;0,0;0
05/2023;HRBJA;2023;5;III;10 a 14;15;2;0,3;0
05/2023;HRBJA;2023;5;IV;15 a 19;25;3;0,75;0
05/2023;HRBJA;2023;5;V;20 a 24;40;5;2,0;1
05/2023;HRBJA;2023;5;VI;25 a 29;55;0;0,0;0
05/2023;HRBJA;2023;5;VII;30 a 34;75;2;1,5;1
05/2023;HRBJA;2023;5;VIII;> 34;85;1;0,85;1
05/2023;HRJP;2023;5;I;0 a 4;4;6;0,24;1
05/2023;HRJP;2023;5;II;5 a 9;8;9;0,72;0
05/2023;HRJP;2023;5;III;10 a 14;15;12;1,8;3
05/2023;HRJP;2023;5;IV;15 a 19;25;13;3,25;3
05/2023;HRJP;2023;5;V;20 a 24;40;7;2,8;1
05/2023;HRJP;2023;5;VI;25 a 29;55;8;4,4;4
05/2023;HRJP;2023;5;VII;30 a 34;75;3;2,25;2
05/2023;HRJP;2023;5;VIII;> 34;85;1;0,85;0
05/2023;MOV;2023;5;I;0 a 4;4;3;0,12;0
05/2023;MOV;2023;5;II;5 a 9;8;7;0,56;0
05/2023;MOV;2023;5;III;10 a 14;15;14;2,1;0
05/2023;MOV;2023;5;IV;15 a 19;25;4;1,0;0
05/2023;MOV;2023;5;V;20 a 24;40;3;1,2;0
05/2023;MOV;2023;5;VI;25 a 29;55;3;1,65;1
05/2023;MOV;2023;5;VII;30 a 34;75;0;0,0;0
05/2023;MOV;2023;5;VIII;> 34;85;0;0,0;0
06/2023;HAC;2023;6;I;0 a 4;4;0;0,0;0
06/2023;HAC;2023;6;II;5 a 9;8;1;0,08;0
06/2023;HAC;2023;6;III;10 a 14;15;4;0,6;0
06/2023;HAC;2023;6;IV;15 a 19;25;12;3,0;1
06/2023;HAC;2023;6;V;20 a 24;40;10;4,0;1
06/2023;HAC;2023;6;VI;25 a 29;55;5;2,75;3
06/2023;HAC;2023;6;VII;30 a 34;75;2;1,5;2
06/2023;HAC;2023;6;VIII;> 34;85;1;0,85;1
06/2023;HEM;2023;6;I;0 a 4;4;0;0,0;0
06/2023;HEM;2023;6;II;5 a 9;8;7;0,56;0
06/2023;HEM;2023;6;III;10 a 14;15;6;0,9;1
06/2023;HEM;2023;6;IV;15 a 19;25;12;3,0;2
06/2023;HEM;2023;6;V;20 a 24;40;2;0,8;0
06/2023;HEM;2023;6;VI;25 a 29;55;3;1,65;0
06/2023;HEM;2023;6;VII;30 a 34;75;1;0,75;0
06/2023;HEM;2023;6;VIII;> 34;85;0;0,0;0
06/2023;HJK;2023;6;I;0 a 4;4;93;3,76;5
06/2023;HJK;2023;6;II;5 a 9;8;202;16,2;21
06/2023;HJK;2023;6;III;10 a 14;15;235;35,4;14
06/2023;HJK;2023;6;IV;15 a 19;25;222;55,6;30
06/2023;HJK;2023;6;V;20 a 24;40;147;58,8;32
06/2023;HJK;2023;6;VI;25 a 29;55;74;40,75;24
06/2023;HJK;2023;6;VII;30 a 34;75;33;24,85;13
06/2023;HJK;2023;6;VIII;> 34;85;18;15,350000000000001;14
06/2023;HJXXIII;2023;6;I;0 a 4;4;10;0,4;0
06/2023;HJXXIII;2023;6;II;5 a 9;8;13;1,04;0
06/2023;HJXXIII;2023;6;III;10 a 14;15;42;6,3;5
06/2023;HJXXIII;2023;6;IV;15 a 19;25;27;6,75;3
06/2023;HJXXIII;2023;6;V;20 a 24;40;24;9,6;4
06/2023;HJXXIII;2023;6;VI;25 a 29;55;8;4,4;3
06/2023;HJXXIII;2023;6;VII;30 a 34;75;3;2,25;3
06/2023;HJXXIII;2023;6;VIII;> 34;85;1;0,85;1
06/2023;HRAD;2023;6;I;0 a 4;4;0;0,0;0
06/2023;HRAD;2023;6;II;5 a 9;8;0;0,0;0
06/2023;HRAD;2023;6;III;10 a 14;15;4;0,6;0
06/2023;HRAD;2023;6;IV;15 a 19;25;10;2,5;2
06/2023;HRAD;2023;6;V;20 a 24;40;3;1,2;1
06/2023;HRAD;2023;6;VI;25 a 29;55;1;0,55;1
06/2023;HRAD;2023;6;VII;30 a 34;75;1;0,75;1
06/2023;HRAD;2023;6;VIII;> 34;85;0;0,0;0
06/2023;HRBJA;2023;6;I;0 a 4;4;0;0,0;0
06/2023;HRBJA;2023;6;II;5 a 9;8;1;0,08;0
06/2023;HRBJA;2023;6;III;10 a 14;15;1;0,15;1
06/2023;HRBJA;2023;6;IV;15 a 19;25;5;1,25;0
06/2023;HRBJA;2023;6;V;20 a 24;40;2;0,8;1
06/2023;HRBJA;2023;6;VI;25 a 29;55;2;1,1;1
06/2023;HRBJA;2023;6;VII;30 a 34;75;3;2,25;3
06/2023;HRBJA;2023;6;VIII;> 34;85;1;0,85;1
06/2023;HRJP;2023;6;I;0 a 4;4;0;0,0;0
06/2023;HRJP;2023;6;II;5 a 9;8;0;0,0;0
06/2023;HRJP;2023;6;III;10 a 14;15;2;0,3;1
06/2023;HRJP;2023;6;IV;15 a 19;25;10;2,5;1
06/2023;HRJP;2023;6;V;20 a 24;40;8;3,2;3
06/2023;HRJP;2023;6;VI;25 a 29;55;7;3,85;2
06/2023;HRJP;2023;6;VII;30 a 34;75;6;4,5;1
06/2023;HRJP;2023;6;VIII;> 34;85;4;3,4;1
06/2023;MOV;2023;6;I;0 a 4;4;2;0,08;0
06/2023;MOV;2023;6;II;5 a 9;8;6;0,48;0
06/2023;MOV;2023;6;III;10 a 14;15;10;1,5;0
06/2023;MOV;2023;6;IV;15 a 19;25;6;1,5;0
06/2023;MOV;2023;6;V;20 a 24;40;6;2,4;0
06/2023;MOV;2023;6;VI;25 a 29;55;1;0,55;1
06/2023;MOV;2023;6;VII;30 a 34;75;0;0,0;0
06/2023;MOV;2023;6;VIII;> 34;85;0;0,0;0
07/2023;HAC;2023;7;I;0 a 4;4;2;0,08;0
07/2023;HAC;2023;7;II;5 a 9;8;5;0,4;0
07/2023;HAC;2023;7;III;10 a 14;15;23;3,45;3
07/2023;HAC;2023;7;IV;15 a 19;25;10;2,5;0
07/2023;HAC;2023;7;V;20 a 24;40;2;0,8;1
07/2023;HAC;2023;7;VI;25 a 29;55;1;0,55;1
07/2023;HAC;2023;7;VII;30 a 34;75;0;0,0;0
07/2023;HAC;2023;7;VIII;> 34;85;3;2,55;3
07/2023;HEM;2023;7;I;0 a 4;4;0;0,0;0
07/2023;HEM;2023;7;II;5 a 9;8;0;0,0;0
07/2023;HEM;2023;7;III;10 a 14;15;3;0,45;0
07/2023;HEM;2023;7;IV;15 a 19;25;10;2,5;1
07/2023;HEM;2023;7;V;20 a 24;40;7;2,8;1
07/2023;HEM;2023;7;VI;25 a 29;55;7;3,85;3
07/2023;HEM;2023;7;VII;30 a 34;75;2;1,5;0
07/2023;HEM;2023;7;VIII;> 34;85;2;1,7;1
07/2023;HJK;2023;7;I;0 a 4;4;89;3,5999999999999996;5
07/2023;HJK;2023;7;II;5 a 9;8;195;15,64;20
07/2023;HJK;2023;7;III;10 a 14;15;242;36,45;13
07/2023;HJK;2023;7;IV;15 a 19;25;213;53,35;28
07/2023;HJK;2023;7;V;20 a 24;40;143;57,2;29
07/2023;HJK;2023;7;VI;25 a 29;55;68;37,449999999999996;26
07/2023;HJK;2023;7;VII;30 a 34;75;37;27,85;16
07/2023;HJK;2023;7;VIII;> 34;85;17;14,5;14
07/2023;HJXXIII;2023;7;I;0 a 4;4;8;0,32;0
07/2023;HJXXIII;2023;7;II;5 a 9;8;20;1,6;0
07/2023;HJXXIII;2023;7;III;10 a 14;15;31;4,65;7
07/2023;HJXXIII;2023;7;IV;15 a 19;25;27;6,75;2
07/2023;HJXXIII;2023;7;V;20 a 24;40;16;6,4;3
07/2023;HJXXIII;2023;7;VI;25 a 29;55;13;7,15;4
07/2023;HJXXIII;2023;7;VII;30 a 34;75;2;1,5;2
07/2023;HJXXIII;2023;7;VIII;> 34;85;1;0,85;1
07/2023;HRAD;2023;7;I;0 a 4;4;0;0,0;0
07/2023;HRAD;2023;7;II;5 a 9;8;0;0,0;0
07/2023;HRAD;2023;7;III;10 a 14;15;7;1,05;0
07/2023;HRAD;2023;7;IV;15 a 19;25;10;2,5;2
07/2023;HRAD;2023;7;V;20 a 24;40;3;1,2;0
07/2023;HRAD;2023;7;VI;25 a 29;55;1;0,55;0
07/2023;HRAD;2023;7;VII;30 a 34;75;1;0,75;1
07/2023;HRAD;2023;7;VIII;> 34;85;0;0,0;0
07/2023;HRBJA;2023;7;I;0 a 4;4;0;0,0;0
07/2023;HRBJA;2023;7;II;5 a 9;8;3;0,24;0
07/2023;HRBJA;2023;7;III;10 a 14;15;2;0,3;0
07/2023;HRBJA;2023;7;IV;15 a 19;25;9;2,25;2
07/2023;HRBJA;2023;7;V;20 a 24;40;4;1,6;1
07/2023;HRBJA;2023;7;VI;25 a 29;55;3;1,65;2
07/2023;HRBJA;2023;7;VII;30 a 34;75;0;0,0;0
07/2023;HRBJA;2023;7;VIII;> 34;85;0;0,0;0
07/2023;HRJP;2023;7;I;0 a 4;4;0;0,0;0
07/2023;HRJP;2023;7;II;5 a 9;8;5;0,4;1
07/2023;HRJP;2023;7;III;10 a 14;15;9;1,35;0
07/2023;HRJP;2023;7;IV;15 a 19;25;12;3,0;2
07/2023;HRJP;2023;7;V;20 a 24;40;12;4,8;2
07/2023;HRJP;2023;7;VI;25 a 29;55;2;1,1;1
07/2023;HRJP;2023;7;VII;30 a 34;75;7;5,25;6
07/2023;HRJP;2023;7;VIII;> 34;85;5;4,25;4
07/2023;MOV;2023;7;I;0 a 4;4;4;0,16;0
07/2023;MOV;2023;7;II;5 a 9;8;9;0,72;0
07/2023;MOV;2023;7;III;10 a 14;15;10;1,5;0
07/2023;MOV;2023;7;IV;15 a 19;25;5;1,25;0
07/2023;MOV;2023;7;V;20 a 24;40;3;1,2;0
07/2023;MOV;2023;7;VI;25 a 29;55;1;0,55;0
07/2023;MOV;2023;7;VII;30 a 34;75;0;0,0;0
07/2023;MOV;2023;7;VIII;> 34;85;4;3,4;0
08/2023;HAC;2023;8;I;0 a 4;4;1;0,04;0
08/2023;HAC;2023;8;II;5 a 9;8;7;0,56;1
08/2023;HAC;2023;8;III;10 a 14;15;10;1,5;1
08/2023;HAC;2023;8;IV;15 a 19;25;14;3,5;3
08/2023;HAC;2023;8;V;20 a 24;40;8;3,2;4
08/2023;HAC;2023;8;VI;25 a 29;55;4;2,2;2
08/2023;HAC;2023;8;VII;30 a 34;75;0;0,0;0
08/2023;HAC;2023;8;VIII;> 34;85;0;0,0;0
08/2023;HEM;2023;8;I;0 a 4;4;0;0,0;0
08/2023;HEM;2023;8;II;5 a 9;8;3;0,24;0
08/2023;HEM;2023;8;III;10 a 14;15;7;1,05;1
08/2023;HEM;2023;8;IV;15 a 19;25;2;0,5;0
08/2023;HEM;2023;8;V;20 a 24;40;11;4,4;3
08/2023;HEM;2023;8;VI;25 a 29;55;11;6,05;4
08/2023;HEM;2023;8;VII;30 a 34;75;3;2,25;2
08/2023;HEM;2023;8;VIII;> 34;85;3;2,55;1
08/2023;HJK;2023;8;I;0 a 4;4;91;3,6799999999999997;5
08/2023;HJK;2023;8;II;5 a 9;8;202;16,2;20
08/2023;HJK;2023;8;III;10 a 14;15;240;36,15;13
08/2023;HJK;2023;8;IV;15 a 19;25;234;58,6;29
08/2023;HJK;2023;8;V;20 a 24;40;152;60,8;33
08/2023;HJK;2023;8;VI;25 a 29;55;69;38,0;25
08/2023;HJK;2023;8;VII;30 a 34;75;40;30,1;16
08/2023;HJK;2023;8;VIII;> 34;85;18;15,350000000000001;15
08/2023;HJXXIII;2023;8;I;0 a 4;4;4;0,16;0
08/2023;HJXXIII;2023;8;II;5 a 9;8;16;1,28;1
08/2023;HJXXIII;2023;8;III;10 a 14;15;16;2,4;1
08/2023;HJXXIII;2023;8;IV;15 a 19;25;32;8,0;2
08/2023;HJXXIII;2023;8;V;20 a 24;40;14;5,6;4
08/2023;HJXXIII;2023;8;VI;25 a 29;55;2;1,1;2
08/2023;HJXXIII;2023;8;VII;30 a 34;75;2;1,5;2
08/2023;HJXXIII;2023;8;VIII;> 34;85;0;0,0;0
08/2023;HRAD;2023;8;I;0 a 4;4;0;0,0;0
08/2023;HRAD;2023;8;II;5 a 9;8;2;0,16;0
08/2023;HRAD;2023;8;III;10 a 14;15;3;0,45;0
08/2023;HRAD;2023;8;IV;15 a 19;25;6;1,5;0
08/2023;HRAD;2023;8;V;20 a 24;40;7;2,8;1
08/2023;HRAD;2023;8;VI;25 a 29;55;2;1,1;1
08/2023;HRAD;2023;8;VII;30 a 34;75;2;1,5;2
08/2023;HRAD;2023;8;VIII;> 34;85;0;0,0;0
08/2023;HRBJA;2023;8;I;0 a 4;4;0;0,0;0
08/2023;HRBJA;2023;8;II;5 a 9;8;4;0,32;0
08/2023;HRBJA;2023;8;III;10 a 14;15;3;0,45;0
08/2023;HRBJA;2023;8;IV;15 a 19;25;4;1,0;3
08/2023;HRBJA;2023;8;V;20 a 24;40;3;1,2;2
08/2023;HRBJA;2023;8;VI;25 a 29;55;1;0,55;1
08/2023;HRBJA;2023;8;VII;30 a 34;75;3;2,25;2
08/2023;HRBJA;2023;8;VIII;> 34;85;1;0,85;0
08/2023;HRJP;2023;8;I;0 a 4;4;0;0,0;0
08/2023;HRJP;2023;8;II;5 a 9;8;4;0,32;0
08/2023;HRJP;2023;8;III;10 a 14;15;7;1,05;1
08/2023;HRJP;2023;8;IV;15 a 19;25;12;3,0;1
08/2023;HRJP;2023;8;V;20 a 24;40;9;3,6;2
08/2023;HRJP;2023;8;VI;25 a 29;55;4;2,2;1
08/2023;HRJP;2023;8;VII;30 a 34;75;3;2,25;3
08/2023;HRJP;2023;8;VIII;> 34;85;6;5,1;5
08/2023;MOV;2023;8;I;0 a 4;4;0;0,0;0
08/2023;MOV;2023;8;II;5 a 9;8;9;0,72;0
08/2023;MOV;2023;8;III;10 a 14;15;9;1,35;0
08/2023;MOV;2023;8;IV;15 a 19;25;7;1,75;0
08/2023;MOV;2023;8;V;20 a 24;40;4;1,6;0
08/2023;MOV;2023;8;VI;25 a 29;55;3;1,65;0
08/2023;MOV;2023;8;VII;30 a 34;75;0;0,0;0
08/2023;MOV;2023;8;VIII;> 34;85;0;0,0;0
09/2023;HAC;2023;9;I;0 a 4;4;0;0,0;0
09/2023;HAC;2023;9;II;5 a 9;8;2;0,16;0
09/2023;HAC;2023;9;III;10 a 14;15;14;2,1;0
09/2023;HAC;2023;9;IV;15 a 19;25;13;3,25;1
09/2023;HAC;2023;9;V;20 a 24;40;7;2,8;1
09/2023;HAC;2023;9;VI;25 a 29;55;4;2,2;1
09/2023;HAC;2023;9;VII;30 a 34;75;1;0,75;1
09/2023;HAC;2023;9;VIII;> 34;85;0;0,0;0
09/2023;HEM;2023;9;I;0 a 4;4;0;0,0;0
09/2023;HEM;2023;9;II;5 a 9;8;4;0,32;0
09/2023;HEM;2023;9;III;10 a 14;15;9;1,35;1
09/2023;HEM;2023;9;IV;15 a 19;25;3;0,75;0
09/2023;HEM;2023;9;V;20 a 24;40;6;2,4;1
09/2023;HEM;2023;9;VI;25 a 29;55;4;2,2;2
09/2023;HEM;2023;9;VII;30 a 34;75;2;1,5;1
09/2023;HEM;2023;9;VIII;> 34;85;3;2,55;2
09/2023;HJK;2023;9;I;0 a 4;4;93;3,76;5
09/2023;HJK;2023;9;II;5 a 9;8;202;16,2;20
09/2023;HJK;2023;9;III;10 a 14;15;241;36,3;13
09/2023;HJK;2023;9;IV;15 a 19;25;229;57,35;30
09/2023;HJK;2023;9;V;20 a 24;40;144;57,6;31
09/2023;HJK;2023;9;VI;25 a 29;55;71;39,099999999999994;29
09/2023;HJK;2023;9;VII;30 a 34;75;32;24,1;14
09/2023;HJK;2023;9;VIII;> 34;85;19;16,2;13
09/2023;HJXXIII;2023;9;I;0 a 4;4;19;0,76;0
09/2023;HJXXIII;2023;9;II;5 a 9;8;18;1,44;2
09/2023;HJXXIII;2023;9;III;10 a 14;15;29;4,35;1
09/2023;HJXXIII;2023;9;IV;15 a 19;25;46;11,5;12
09/2023;HJXXIII;2023;9;V;20 a 24;40;15;6,0;3
09/2023;HJXXIII;2023;9;VI;25 a 29;55;7;3,85;4
09/2023;HJXXIII;2023;9;VII;30 a 34;75;4;3,0;4
09/2023;HJXXIII;2023;9;VIII;> 34;85;7;5,95;7
09/2023;HRAD;2023;9;I;0 a 4;4;0;0,0;0
09/2023;HRAD;2023;9;II;5 a 9;8;0;0,0;0
09/2023;HRAD;2023;9;III;10 a 14;15;5;0,75;0
09/2023;HRAD;2023;9;IV;15 a 19;25;9;2,25;1
09/2023;HRAD;2023;9;V;20 a 24;40;6;2,4;1
09/2023;HRAD;2023;9;VI;25 a 29;55;1;0,55;1
09/2023;HRAD;2023;9;VII;30 a 34;75;0;0,0;0
09/2023;HRAD;2023;9;VIII;> 34;85;0;0,0;0
09/2023;HRBJA;2023;9;I;0 a 4;4;0;0,0;0
09/2023;HRBJA;2023;9;II;5 a 9;8;0;0,0;0
09/2023;HRBJA;2023;9;III;10 a 14;15;1;0,15;0
09/2023;HRBJA;2023;9;IV;15 a 19;25;5;1,25;2
09/2023;HRBJA;2023;9;V;20 a 24;40;2;0,8;0
09/2023;HRBJA;2023;9;VI;25 a 29;55;4;2,2;2
09/2023;HRBJA;2023;9;VII;30 a 34;75;3;2,25;2
09/2023;HRBJA;2023;9;VIII;> 34;85;0;0,0;0
09/2023;HRJP;2023;9;I;0 a 4;4;0;0,0;0
09/2023;HRJP;2023;9;II;5 a 9;8;5;0,4;0
09/2023;HRJP;2023;9;III;10 a 14;15;6;0,9;0
09/2023;HRJP;2023;9;IV;15 a 19;25;14;3,5;3
09/2023;HRJP;2023;9;V;20 a 24;40;6;2,4;3
09/2023;HRJP;2023;9;VI;25 a 29;55;3;1,65;2
09/2023;HRJP;2023;9;VII;30 a 34;75;3;2,25;2
09/2023;HRJP;2023;9;VIII;> 34;85;2;1,7;2
09/2023;MOV;2023;9;I;0 a 4;4;5;0,2;2
09/2023;MOV;2023;9;II;5 a 9;8;4;0,32;0
09/2023;MOV;2023;9;III;10 a 14;15;8;1,2;0
09/2023;MOV;2023;9;IV;15 a 19;25;11;2,75;0
09/2023;MOV;2023;9;V;20 a 24;40;3;1,2;0
09/2023;MOV;2023;9;VI;25 a 29;55;0;0,0;0
09/2023;MOV;2023;9;VII;30 a 34;75;0;0,0;0
09/2023;MOV;2023;9;VIII;> 34;85;1;0,85;0
10/2023;HAC;2023;10;I;0 a 4;4;4;0,16;0
10/2023;HAC;2023;10;II;5 a 9;8;12;0,96;1
10/2023;HAC;2023;10;III;10 a 14;15;8;1,2;0
10/2023;HAC;2023;10;IV;15 a 19;25;3;0,75;2
10/2023;HAC;2023;10;V;20 a 24;40;5;2,0;0
10/2023;HAC;2023;10;VI;25 a 29;55;1;0,55;1
10/2023;HAC;2023;10;VII;30 a 34;75;1;0,75;0
10/2023;HAC;2023;10;VIII;> 34;85;1;0,85;1
10/2023;HEM;2023;10;I;0 a 4;4;0;0,0;0
10/2023;HEM;2023;10;II;5 a 9;8;3;0,24;0
10/2023;HEM;2023;10;III;10 a 14;15;10;1,5;0
10/2023;HEM;2023;10;IV;15 a 19;25;8;2,0;1
10/2023;HEM;2023;10;V;20 a 24;40;6;2,4;0
10/2023;HEM;2023;10;VI;25 a 29;55;4;2,2;2
10/2023;HEM;2023;10;VII;30 a 34;75;3;2,25;2
10/2023;HEM;2023;10;VIII;> 34;85;3;2,55;1
10/2023;HJK;2023;10;I;0 a 4;4;94;3,8;5
10/2023;HJK;2023;10;II;5 a 9;8;202;16,2;21
10/2023;HJK;2023;10;III;10 a 14;15;266;40,05;13
10/2023;HJK;2023;10;IV;15 a 19;25;230;57,6;31
10/2023;HJK;2023;10;V;20 a 24;40;142;56,8;31
10/2023;HJK;2023;10;VI;25 a 29;55;71;39,099999999999994;26
10/2023;HJK;2023;10;VII;30 a 34;75;34;25,6;14
10/2023;HJK;2023;10;VIII;> 34;85;18;15,350000000000001;15
10/2023;HJXXIII;2023;10;I;0 a 4;4;11;0,44;1
10/2023;HJXXIII;2023;10;II;5 a 9;8;39;3,12;1
10/2023;HJXXIII;2023;10;III;10 a 14;15;32;4,8;4
10/2023;HJXXIII;2023;10;IV;15 a 19;25;28;7,0;6
10/2023;HJXXIII;2023;10;V;20 a 24;40;14;5,6;5
10/2023;HJXXIII;2023;10;VI;25 a 29;55;6;3,3;3
10/2023;HJXXIII;2023;10;VII;30 a 34;75;1;0,75;1
10/2023;HJXXIII;2023;10;VIII;> 34;85;0;0,0;0
10/2023;HRAD;2023;10;I;0 a 4;4;0;0,0;0
10/2023;HRAD;2023;10;II;5 a 9;8;1;0,08;0
10/2023;HRAD;2023;10;III;10 a 14;15;2;0,3;0
10/2023;HRAD;2023;10;IV;15 a 19;25;0;0,0;0
10/2023;HRAD;2023;10;V;20 a 24;40;11;4,4;3
10/2023;HRAD;2023;10;VI;25 a 29;55;4;2,2;1
10/2023;HRAD;2023;10;VII;30 a 34;75;0;0,0;0
10/2023;HRAD;2023;10;VIII;> 34;85;0;0,0;0
10/2023;HRBJA;2023;10;I;0 a 4;4;1;0,04;0
10/2023;HRBJA;2023;10;II;5 a 9;8;1;0,08;0
10/2023;HRBJA;2023;10;III;10 a 14;15;1;0,15;0
10/2023;HRBJA;2023;10;IV;15 a 19;25;5;1,25;2
10/2023;HRBJA;2023;10;V;20 a 24;40;1;0,4;0
10/2023;HRBJA;2023;10;VI;25 a 29;55;4;2,2;2
10/2023;HRBJA;2023;10;VII;30 a 34;75;3;2,25;2
10/2023;HRBJA;2023;10;VIII;> 34;85;0;0,0;0
10/2023;HRJP;2023;10;I;0 a 4;4;0;0,0;0
10/2023;HRJP;2023;10;II;5 a 9;8;2;0,16;0
10/2023;HRJP;2023;10;III;10 a 14;15;6;0,9;0
10/2023;HRJP;2023;10;IV;15 a 19;25;15;3,75;3
10/2023;HRJP;2023;10;V;20 a 24;40;12;4,8;1
10/2023;HRJP;2023;10;VI;25 a 29;55;5;2,75;3
10/2023;HRJP;2023;10;VII;30 a 34;75;3;2,25;2
10/2023;HRJP;2023;10;VIII;> 34;85;1;0,85;1
10/2023;MOV;2023;10;I;0 a 4;4;2;0,08;2
10/2023;MOV;2023;10;II;5 a 9;8;3;0,24;0
10/2023;MOV;2023;10;III;10 a 14;15;21;3,15;0
10/2023;MOV;2023;10;IV;15 a 19;25;8;2,0;0
10/2023;MOV;2023;10;V;20 a 24;40;4;1,6;0
10/2023;MOV;2023;10;VI;25 a 29;55;5;2,75;0
10/2023;MOV;2023;10;VII;30 a 34;75;1;0,75;0
10/2023;MOV;2023;10;VIII;> 34;85;1;0,85;0
11/2023;HAC;2023;11;I;0 a 4;4;2;0,08;0
11/2023;HAC;2023;11;II;5 a 9;8;9;0,72;0
11/2023;HAC;2023;11;III;10 a 14;15;13;1,95;1
11/2023;HAC;2023;11;IV;15 a 19;25;0;0,0;0
11/2023;HAC;2023;11;V;20 a 24;40;3;1,2;0
11/2023;HAC;2023;11;VI;25 a 29;55;3;1,65;3
11/2023;HAC;2023;11;VII;30 a 34;75;0;0,0;0
11/2023;HAC;2023;11;VIII;> 34;85;1;0,85;1
11/2023;HEM;2023;11;I;0 a 4;4;0;0,0;0
11/2023;HEM;2023;11;II;5 a 9;8;3;0,24;0
11/2023;HEM;2023;11;III;10 a 14;15;4;0,6;2
11/2023;HEM;2023;11;IV;15 a 19;25;9;2,25;1
11/2023;HEM;2023;11;V;20 a 24;40;6;2,4;2
11/2023;HEM;2023;11;VI;25 a 29;55;4;2,2;2
11/2023;HEM;2023;11;VII;30 a 34;75;3;2,25;0
11/2023;HEM;2023;11;VIII;> 34;85;1;0,85;1
11/2023;HJK;2023;11;I;0 a 4;4;91;3,6799999999999997;5
11/2023;HJK;2023;11;II;5 a 9;8;198;15,88;21
11/2023;HJK;2023;11;III;10 a 14;15;246;37,05;13
11/2023;HJK;2023;11;IV;15 a 19;25;235;58,85;27
11/2023;HJK;2023;11;V;20 a 24;40;145;58,0;29
11/2023;HJK;2023;11;VI;25 a 29;55;77;42,4;30
11/2023;HJK;2023;11;VII;30 a 34;75;35;26,35;16
11/2023;HJK;2023;11;VIII;> 34;85;20;17,05;15
11/2023;HJXXIII;2023;11;I;0 a 4;4;15;0,6;0
11/2023;HJXXIII;2023;11;II;5 a 9;8;18;1,44;0
11/2023;HJXXIII;2023;11;III;10 a 14;15;49;7,35;6
11/2023;HJXXIII;2023;11;IV;15 a 19;25;33;8,25;6
11/2023;HJXXIII;2023;11;V;20 a 24;40;24;9,6;7
11/2023;HJXXIII;2023;11;VI;25 a 29;55;12;6,6;8
11/2023;HJXXIII;2023;11;VII;30 a 34;75;5;3,75;4
11/2023;HJXXIII;2023;11;VIII;> 34;85;3;2,55;2
11/2023;HRAD;2023;11;I;0 a 4;4;0;0,0;0
11/2023;HRAD;2023;11;II;5 a 9;8;1;0,08;0
11/2023;HRAD;2023;11;III;10 a 14;15;4;0,6;1
11/2023;HRAD;2023;11;IV;15 a 19;25;3;0,75;0
11/2023;HRAD;2023;11;V;20 a 24;40;3;1,2;2
11/2023;HRAD;2023;11;VI;25 a 29;55;5;2,75;3
11/2023;HRAD;2023;11;VII;30 a 34;75;1;0,75;1
11/2023;HRAD;2023;11;VIII;> 34;85;0;0,0;0
11/2023;HRBJA;2023;11;I;0 a 4;4;1;0,04;1
11/2023;HRBJA;2023;11;II;5 a 9;8;0;0,0;0
11/2023;HRBJA;2023;11;III;10 a 14;15;3;0,45;1
11/2023;HRBJA;2023;11;IV;15 a 19;25;4;1,0;3
11/2023;HRBJA;2023;11;V;20 a 24;40;7;2,8;2
11/2023;HRBJA;2023;11;VI;25 a 29;55;6;3,3;2
11/2023;HRBJA;2023;11;VII;30 a 34;75;3;2,25;2
11/2023;HRBJA;2023;11;VIII;> 34;85;1;0,85;1
11/2023;HRJP;2023;11;I;0 a 4;4;0;0,0;0
11/2023;HRJP;2023;11;II;5 a 9;8;2;0,16;0
11/2023;HRJP;2023;11;III;10 a 14;15;12;1,8;1
11/2023;HRJP;2023;11;IV;15 a 19;25;18;4,5;2
11/2023;HRJP;2023;11;V;20 a 24;40;9;3,6;2
11/2023;HRJP;2023;11;VI;25 a 29;55;6;3,3;1
11/2023;HRJP;2023;11;VII;30 a 34;75;2;1,5;2
11/2023;HRJP;2023;11;VIII;> 34;85;2;1,7;0
11/2023;MOV;2023;11;I;0 a 4;4;1;0,04;1
11/2023;MOV;2023;11;II;5 a 9;8;9;0,72;0
11/2023;MOV;2023;11;III;10 a 14;15;14;2,1;0
11/2023;MOV;2023;11;IV;15 a 19;25;9;2,25;0
11/2023;MOV;2023;11;V;20 a 24;40;10;4,0;0
11/2023;MOV;2023;11;VI;25 a 29;55;3;1,65;0
11/2023;MOV;2023;11;VII;30 a 34;75;0;0,0;0
11/2023;MOV;2023;11;VIII;> 34;85;0;0,0;0
12/2023;HAC;2023;12;I;0 a 4;4;3;0,12;0
12/2023;HAC;2023;12;II;5 a 9;8;12;0,96;1
12/2023;HAC;2023;12;III;10 a 14;15;16;2,4;0
12/2023;HAC;2023;12;IV;15 a 19;25;0;0,0;0
12/2023;HAC;2023;12;V;20 a 24;40;1;0,4;1
12/2023;HAC;2023;12;VI;25 a 29;55;1;0,55;0
12/2023;HAC;2023;12;VII;30 a 34;75;0;0,0;0
12/2023;HAC;2023;12;VIII;> 34;85;0;0,0;0
12/2023;HEM;2023;12;I;0 a 4;4;0;0,0;0
12/2023;HEM;2023;12;II;5 a 9;8;2;0,16;0
12/2023;HEM;2023;12;III;10 a 14;15;7;1,05;2
12/2023;HEM;2023;12;IV;15 a 19;25;6;1,5;3
12/2023;HEM;2023;12;V;20 a 24;40;5;2,0;1
12/2023;HEM;2023;12;VI;25 a 29;55;4;2,2;2
12/2023;HEM;2023;12;VII;30 a 34;75;3;2,25;3
12/2023;HEM;2023;12;VIII;> 34;85;3;2,55;3
12/2023;HJK;2023;12;I;0 a 4;4;90;3,6399999999999997;5
12/2023;HJK;2023;12;II;5 a 9;8;200;16,04;21
12/2023;HJK;2023;12;III;10 a 14;15;266;40,05;14
12/2023;HJK;2023;12;IV;15 a 19;25;237;59,35;32
12/2023;HJK;2023;12;V;20 a 24;40;149;59,6;34
12/2023;HJK;2023;12;VI;25 a 29;55;67;36,9;26
12/2023;HJK;2023;12;VII;30 a 34;75;31;23,35;14
12/2023;HJK;2023;12;VIII;> 34;85;18;15,350000000000001;15
12/2023;HJXXIII;2023;12;I;0 a 4;4;16;0,64;0
12/2023;HJXXIII;2023;12;II;5 a 9;8;19;1,52;1
12/2023;HJXXIII;2023;12;III;10 a 14;15;42;6,3;5
12/2023;HJXXIII;2023;12;IV;15 a 19;25;31;7,75;4
12/2023;HJXXIII;2023;12;V;20 a 24;40;15;6,0;4
12/2023;HJXXIII;2023;12;VI;25 a 29;55;4;2,2;1
12/2023;HJXXIII;2023;12;VII;30 a 34;75;5;3,75;3
12/2023;HJXXIII;2023;12;VIII;> 34;85;4;3,4;4
12/2023;HRAD;2023;12;I;0 a 4;4;0;0,0;0
12/2023;HRAD;2023;12;II;5 a 9;8;0;0,0;0
12/2023;HRAD;2023;12;III;10 a 14;15;4;0,6;0
12/2023;HRAD;2023;12;IV;15 a 19;25;9;2,25;0
12/2023;HRAD;2023;12;V;20 a 24;40;4;1,6;1
12/2023;HRAD;2023;12;VI;25 a 29;55;4;2,2;3
12/2023;HRAD;2023;12;VII;30 a 34;75;1;0,75;0
12/2023;HRAD;2023;12;VIII;> 34;85;0;0,0;0
12/2023;HRBJA;2023;12;I;0 a 4;4;0;0,0;0
12/2023;HRBJA;2023;12;II;5 a 9;8;0;0,0;0
12/2023;HRBJA;2023;12;III;10 a 14;15;2;0,3;0
12/2023;HRBJA;2023;12;IV;15 a 19;25;5;1,25;1
12/2023;HRBJA;2023;12;V;20 a 24;40;4;1,6;2
12/2023;HRBJA;2023;12;VI;25 a 29;55;1;0,55;1
12/2023;HRBJA;2023;12;VII;30 a 34;75;3;2,25;2
12/2023;HRBJA;2023;12;VIII;> 34;85;0;0,0;0
12/2023;HRJP;2023;12;I;0 a 4;4;0;0,0;0
12/2023;HRJP;2023;12;II;5 a 9;8;3;0,24;0
12/2023;HRJP;2023;12;III;10 a 14;15;5;0,75;1
12/2023;HRJP;2023;12;IV;15 a 19;25;11;2,75;3
12/2023;HRJP;2023;12;V;20 a 24;40;19;7,6;3
12/2023;HRJP;2023;12;VI;25 a 29;55;5;2,75;3
12/2023;HRJP;2023;12;VII;30 a 34;75;4;3,0;0
12/2023;HRJP;2023;12;VIII;> 34;85;3;2,55;2
12/2023;MOV;2023;12;I;0 a 4;4;0;0,0;0
12/2023;MOV;2023;12;II;5 a 9;8;6;0,48;0
12/2023;MOV;2023;12;III;10 a 14;15;11;1,65;0
12/2023;MOV;2023;12;IV;15 a 19;25;5;1,25;0
12/2023;MOV;2023;12;V;20 a 24;40;5;2,0;0
12/2023;MOV;2023;12;VI;25 a 29;55;2;1,1;0
12/2023;MOV;2023;12;VII;30 a 34;75;1;0,75;1
12/2023;MOV;2023;12;VIII;> 34;85;0;0,0;0
01/2024;HAC;2024;1;I;0 a 4;4;0;0,0;0
01/2024;HAC;2024;1;II;5 a 9;8;11;0,88;0
01/2024;HAC;2024;1;III;10 a 14;15;12;1,8;2
01/2024;HAC;2024;1;IV;15 a 19;25;8;2,0;1
01/2024;HAC;2024;1;V;20 a 24;40;4;1,6;0
01/2024;HAC;2024;1;VI;25 a 29;55;1;0,55;1
01/2024;HAC;2024;1;VII;30 a 34;75;2;1,5;1
01/2024;HAC;2024;1;VIII;> 34;85;2;1,7;2
01/2024;HEM;2024;1;I;0 a 4;4;3;0,12;0
01/2024;HEM;2024;1;II;5 a 9;8;8;0,64;0
01/2024;HEM;2024;1;III;10 a 14;15;10;1,5;0
01/2024;HEM;2024;1;IV;15 a 19;25;7;1,75;1
01/2024;HEM;2024;1;V;20 a 24;40;7;2,8;1
01/2024;HEM;2024;1;VI;25 a 29;55;5;2,75;3
01/2024;HEM;2024;1;VII;30 a 34;75;5;3,75;3
01/2024;HEM;2024;1;VIII;> 34;85;3;2,55;3
01/2024;HJK;2024;1;I;0 a 4;4;90;3,6399999999999997;5
01/2024;HJK;2024;1;II;5 a 9;8;199;15,96;21
01/2024;HJK;2024;1;III;10 a 14;15;253;38,1;13
01/2024;HJK;2024;1;IV;15 a 19;25;232;58,1;32
01/2024;HJK;2024;1;V;20 a 24;40;156;62,4;28
01/2024;HJK;2024;1;VI;25 a 29;55;62;34,15;24
01/2024;HJK;2024;1;VII;30 a 34;75;36;27,1;12
01/2024;HJK;2024;1;VIII;> 34;85;20;17,05;15
01/2024;HJXXIII;2024;1;I;0 a 4;4;16;0,64;2
01/2024;HJXXIII;2024;1;II;5 a 9;8;18;1,44;0
01/2024;HJXXIII;2024;1;III;10 a 14;15;36;5,4;0
01/2024;HJXXIII;2024;1;IV;15 a 19;25;43;10,75;10
01/2024;HJXXIII;2024;1;V;20 a 24;40;28;11,2;14
01/2024;HJXXIII;2024;1;VI;25 a 29;55;8;4,4;4
01/2024;HJXXIII;2024;1;VII;30 a 34;75;7;5,25;6
01/2024;HJXXIII;2024;1;VIII;> 34;85;0;0,0;0
01/2024;HRAD;2024;1;I;0 a 4;4;0;0,0;0
01/2024;HRAD;2024;1;II;5 a 9;8;2;0,16;0
01/2024;HRAD;2024;1;III;10 a 14;15;5;0,75;0
01/2024;HRAD;2024;1;IV;15 a 19;25;4;1,0;0
01/2024;HRAD;2024;1;V;20 a 24;40;6;2,4;4
01/2024;HRAD;2024;1;VI;25 a 29;55;1;0,55;1
01/2024;HRAD;2024;1;VII;30 a 34;75;0;0,0;0
01/2024;HRAD;2024;1;VIII;> 34;85;0;0,0;0
01/2024;HRBJA;2024;1;I;0 a 4;4;0;0,0;0
01/2024;HRBJA;2024;1;II;5 a 9;8;1;0,08;1
01/2024;HRBJA;2024;1;III;10 a 14;15;4;0,6;0
01/2024;HRBJA;2024;1;IV;15 a 19;25;8;2,0;2
01/2024;HRBJA;2024;1;V;20 a 24;40;5;2,0;5
01/2024;HRBJA;2024;1;VI;25 a 29;55;3;1,65;2
01/2024;HRBJA;2024;1;VII;30 a 34;75;1;0,75;1
01/2024;HRBJA;2024;1;VIII;> 34;85;1;0,85;0
01/2024;HRJP;2024;1;I;0 a 4;4;0;0,0;0
01/2024;HRJP;2024;1;II;5 a 9;8;5;0,4;0
01/2024;HRJP;2024;1;III;10 a 14;15;11;1,65;0
01/2024;HRJP;2024;1;IV;15 a 19;25;15;3,75;2
01/2024;HRJP;2024;1;V;20 a 24;40;13;5,2;3
01/2024;HRJP;2024;1;VI;25 a 29;55;5;2,75;1
01/2024;HRJP;2024;1;VII;30 a 34;75;5;3,75;3
01/2024;HRJP;2024;1;VIII;> 34;85;2;1,7;2
01/2024;MOV;2024;1;I;0 a 4;4;3;0,12;0
01/2024;MOV;2024;1;II;5 a 9;8;12;0,96;0
01/2024;MOV;2024;1;III;10 a 14;15;18;2,7;0
01/2024;MOV;2024;1;IV;15 a 19;25;6;1,5;0
01/2024;MOV;2024;1;V;20 a 24;40;2;0,8;0
01/2024;MOV;2024;1;VI;25 a 29;55;1;0,55;1
01/2024;MOV;2024;1;VII;30 a 34;75;0;0,0;0
01/2024;MOV;2024;1;VIII;> 34;85;1;0,85;0
02/2024;HAC;2024;2;I;0 a 4;4;0;0,0;0
02/2024;HAC;2024;2;II;5 a 9;8;5;0,4;0
02/2024;HAC;2024;2;III;10 a 14;15;20;3,0;3
02/2024;HAC;2024;2;IV;15 a 19;25;13;3,25;0
02/2024;HAC;2024;2;V;20 a 24;40;2;0,8;1
02/2024;HAC;2024;2;VI;25 a 29;55;0;0,0;0
02/2024;HAC;2024;2;VII;30 a 34;75;0;0,0;0
02/2024;HAC;2024;2;VIII;> 34;85;0;0,0;0
02/2024;HEM;2024;2;I;0 a 4;4;10;0,4;0
02/2024;HEM;2024;2;II;5 a 9;8;13;1,04;0
02/2024;HEM;2024;2;III;10 a 14;15;14;2,1;0
02/2024;HEM;2024;2;IV;15 a 19;25;5;1,25;0
02/2024;HEM;2024;2;V;20 a 24;40;2;0,8;1
02/2024;HEM;2024;2;VI;25 a 29;55;3;1,65;2
02/2024;HEM;2024;2;VII;30 a 34;75;0;0,0;0
02/2024;HEM;2024;2;VIII;> 34;85;0;0,0;0
02/2024;HJK;2024;2;I;0 a 4;4;89;3,5999999999999996;5
02/2024;HJK;2024;2;II;5 a 9;8;199;15,96;20
02/2024;HJK;2024;2;III;10 a 14;15;257;38,7;13
02/2024;HJK;2024;2;IV;15 a 19;25;227;56,85;29
02/2024;HJK;2024;2;V;20 a 24;40;145;58,0;29
02/2024;HJK;2024;2;VI;25 a 29;55;67;36,9;27
02/2024;HJK;2024;2;VII;30 a 34;75;35;26,35;14
02/2024;HJK;2024;2;VIII;> 34;85;19;16,2;15
02/2024;HJXXIII;2024;2;I;0 a 4;4;9;0,36;1
02/2024;HJXXIII;2024;2;II;5 a 9;8;26;2,08;1
02/2024;HJXXIII;2024;2;III;10 a 14;15;32;4,8;0
02/2024;HJXXIII;2024;2;IV;15 a 19;25;32;8,0;6
02/2024;HJXXIII;2024;2;V;20 a 24;40;23;9,2;5
02/2024;HJXXIII;2024;2;VI;25 a 29;55;11;6,05;3
02/2024;HJXXIII;2024;2;VII;30 a 34;75;8;6,0;5
02/2024;HJXXIII;2024;2;VIII;> 34;85;0;0,0;0
02/2024;HRAD;2024;2;I;0 a 4;4;0;0,0;0
02/2024;HRAD;2024;2;II;5 a 9;8;2;0,16;0
02/2024;HRAD;2024;2;III;10 a 14;15;6;0,9;0
02/2024;HRAD;2024;2;IV;15 a 19;25;6;1,5;1
02/2024;HRAD;2024;2;V;20 a 24;40;4;1,6;1
02/2024;HRAD;2024;2;VI;25 a 29;55;1;0,55;0
02/2024;HRAD;2024;2;VII;30 a 34;75;0;0,0;0
02/2024;HRAD;2024;2;VIII;> 34;85;0;0,0;0
02/2024;HRBJA;2024;2;I;0 a 4;4;0;0,0;0
02/2024;HRBJA;2024;2;II;5 a 9;8;2;0,16;0
02/2024;HRBJA;2024;2;III;10 a 14;15;2;0,3;0
02/2024;HRBJA;2024;2;IV;15 a 19;25;9;2,25;2
02/2024;HRBJA;2024;2;V;20 a 24;40;3;1,2;1
02/2024;HRBJA;2024;2;VI;25 a 29;55;4;2,2;3
02/2024;HRBJA;2024;2;VII;30 a 34;75;1;0,75;0
02/2024;HRBJA;2024;2;VIII;> 34;85;0;0,0;0
02/2024;HRJP;2024;2;I;0 a 4;4;0;0,0;0
02/2024;HRJP;2024;2;II;5 a 9;8;4;0,32;0
02/2024;HRJP;2024;2;III;10 a 14;15;6;0,9;0
02/2024;HRJP;2024;2;IV;15 a 19;25;10;2,5;2
02/2024;HRJP;2024;2;V;20 a 24;40;14;5,6;4
02/2024;HRJP;2024;2;VI;25 a 29;55;3;1,65;3
02/2024;HRJP;2024;2;VII;30 a 34;75;5;3,75;4
02/2024;HRJP;2024;2;VIII;> 34;85;2;1,7;2
02/2024;MOV;2024;2;I;0 a 4;4;2;0,08;0
02/2024;MOV;2024;2;II;5 a 9;8;14;1,12;0
02/2024;MOV;2024;2;III;10 a 14;15;14;2,1;0
02/2024;MOV;2024;2;IV;15 a 19;25;12;3,0;0
02/2024;MOV;2024;2;V;20 a 24;40;1;0,4;0
02/2024;MOV;2024;2;VI;25 a 29;55;2;1,1;1
02/2024;MOV;2024;2;VII;30 a 34;75;0;0,0;0
02/2024;MOV;2024;2;VIII;> 34;85;0;0,0;0
03/2024;HAC;2024;3;I;0 a 4;4;0;0,0;0
03/2024;HAC;2024;3;II;5 a 9;8;7;0,56;0
03/2024;HAC;2024;3;III;10 a 14;15;10;1,5;1
03/2024;HAC;2024;3;IV;15 a 19;25;9;2,25;0
03/2024;HAC;2024;3;V;20 a 24;40;5;2,0;0
03/2024;HAC;2024;3;VI;25 a 29;55;1;0,55;0
03/2024;HAC;2024;3;VII;30 a 34;75;0;0,0;0
03/2024;HAC;2024;3;VIII;> 34;85;0;0,0;0
03/2024;HEM;2024;3;I;0 a 4;4;10;0,4;0
03/2024;HEM;2024;3;II;5 a 9;8;20;1,6;0
03/2024;HEM;2024;3;III;10 a 14;15;16;2,4;0
03/2024;HEM;2024;3;IV;15 a 19;25;2;0,5;0
03/2024;HEM;2024;3;V;20 a 24;40;6;2,4;3
03/2024;HEM;2024;3;VI;25 a 29;55;1;0,55;1
03/2024;HEM;2024;3;VII;30 a 34;75;1;0,75;1
03/2024;HEM;2024;3;VIII;> 34;85;0;0,0;0
03/2024;HJK;2024;3;I;0 a 4;4;90;3,6399999999999997;5
03/2024;HJK;2024;3;II;5 a 9;8;195;15,64;20
03/2024;HJK;2024;3;III;10 a 14;15;242;36,45;15
03/2024;HJK;2024;3;IV;15 a 19;25;240;60,1;31
03/2024;HJK;2024;3;V;20 a 24;40;155;62,0;28
03/2024;HJK;2024;3;VI;25 a 29;55;69;38,0;26
03/2024;HJK;2024;3;VII;30 a 34;75;34;25,6;14
03/2024;HJK;2024;3;VIII;> 34;85;20;17,05;15
03/2024;HJXXIII;2024;3;I;0 a 4;4;21;0,84;0
03/2024;HJXXIII;2024;3;II;5 a 9;8;32;2,56;0
03/2024;HJXXIII;2024;3;III;10 a 14;15;42;6,3;3
03/2024;HJXXIII;2024;3;IV;15 a 19;25;37;9,25;5
03/2024;HJXXIII;2024;3;V;20 a 24;40;23;9,2;10
03/2024;HJXXIII;2024;3;VI;25 a 29;55;3;1,65;1
03/2024;HJXXIII;2024;3;VII;30 a 34;75;7;5,25;6
03/2024;HJXXIII;2024;3;VIII;> 34;85;0;0,0;0
03/2024;HRAD;2024;3;I;0 a 4;4;0;0,0;0
03/2024;HRAD;2024;3;II;5 a 9;8;0;0,0;0
03/2024;HRAD;2024;3;III;10 a 14;15;4;0,6;0
03/2024;HRAD;2024;3;IV;15 a 19;25;10;2,5;2
03/2024;HRAD;2024;3;V;20 a 24;40;9;3,6;2
03/2024;HRAD;2024;3;VI;25 a 29;55;3;1,65;2
03/2024;HRAD;2024;3;VII;30 a 34;75;0;0,0;0
03/2024;HRAD;2024;3;VIII;> 34;85;0;0,0;0
03/2024;HRBJA;2024;3;I;0 a 4;4;0;0,0;0
03/2024;HRBJA;2024;3;II;5 a 9;8;3;0,24;0
03/2024;HRBJA;2024;3;III;10 a 14;15;1;0,15;0
03/2024;HRBJA;2024;3;IV;15 a 19;25;3;0,75;1
03/2024;HRBJA;2024;3;V;20 a 24;40;4;1,6;2
03/2024;HRBJA;2024;3;VI;25 a 29;55;2;1,1;2
03/2024;HRBJA;2024;3;VII;30 a 34;75;1;0,75;1
03/2024;HRBJA;2024;3;VIII;> 34;85;0;0,0;0
03/2024;HRJP;2024;3;I;0 a 4;4;1;0,04;0
03/2024;HRJP;2024;3;II;5 a 9;8;3;0,24;0
03/2024;HRJP;2024;3;III;10 a 14;15;7;1,05;0
03/2024;HRJP;2024;3;IV;15 a 19;25;16;4,0;4
03/2024;HRJP;2024;3;V;20 a 24;40;7;2,8;0
03/2024;HRJP;2024;3;VI;25 a 29;55;9;4,95;4
03/2024;HRJP;2024;3;VII;30 a 34;75;1;0,75;1
03/2024;HRJP;2024;3;VIII;> 34;85;5;4,25;4
03/2024;MOV;2024;3;I;0 a 4;4;4;0,16;0
03/2024;MOV;2024;3;II;5 a 9;8;10;0,8;0
03/2024;MOV;2024;3;III;10 a 14;15;9;1,35;0
03/2024;MOV;2024;3;IV;15 a 19;25;9;2,25;0
03/2024;MOV;2024;3;V;20 a 24;40;3;1,2;0
03/2024;MOV;2024;3;VI;25 a 29;55;0;0,0;0
03/2024;MOV;2024;3;VII;30 a 34;75;1;0,75;0
03/2024;MOV;2024;3;VIII;> 34;85;2;1,7;0
04/2024;HAC;2024;4;I;0 a 4;4;1;0,04;0
04/2024;HAC;2024;4;II;5 a 9;8;11;0,88;0
04/2024;HAC;2024;4;III;10 a 14;15;18;2,7;3
04/2024;HAC;2024;4;IV;15 a 19;25;9;2,25;2
04/2024;HAC;2024;4;V;20 a 24;40;2;0,8;1
04/2024;HAC;2024;4;VI;25 a 29;55;0;0,0;0
04/2024;HAC;2024;4;VII;30 a 34;75;0;0,0;0
04/2024;HAC;2024;4;VIII;> 34;85;0;0,0;0
04/2024;HEM;2024;4;I;0 a 4;4;4;0,16;1
04/2024;HEM;2024;4;II;5 a 9;8;11;0,88;0
04/2024;HEM;2024;4;III;10 a 14;15;12;1,8;0
04/2024;HEM;2024;4;IV;15 a 19;25;3;0,75;0
04/2024;HEM;2024;4;V;20 a 24;40;7;2,8;4
04/2024;HEM;2024;4;VI;25 a 29;55;1;0,55;0
04/2024;HEM;2024;4;VII;30 a 34;75;0;0,0;0
04/2024;HEM;2024;4;VIII;> 34;85;0;0,0;0
04/2024;HJK;2024;4;I;0 a 4;4;92;3,7199999999999998;5
04/2024;HJK;2024;4;II;5 a 9;8;204;16,36;20
04/2024;HJK;2024;4;III;10 a 14;15;240;36,15;13
04/2024;HJK;2024;4;IV;15 a 19;25;225;56,35;29
04/2024;HJK;2024;4;V;20 a 24;40;156;62,4;28
04/2024;HJK;2024;4;VI;25 a 29;55;66;36,349999999999994;27
04/2024;HJK;2024;4;VII;30 a 34;75;34;25,6;13
04/2024;HJK;2024;4;VIII;> 34;85;16;13,65;13
04/2024;HJXXIII;2024;4;I;0 a 4;4;13;0,52;0
04/2024;HJXXIII;2024;4;II;5 a 9;8;22;1,76;1
04/2024;HJXXIII;2024;4;III;10 a 14;15;37;5,55;1
04/2024;HJXXIII;2024;4;IV;15 a 19;25;36;9,0;5
04/2024;HJXXIII;2024;4;V;20 a 24;40;16;6,4;6
04/2024;HJXXIII;2024;4;VI;25 a 29;55;6;3,3;4
04/2024;HJXXIII;2024;4;VII;30 a 34;75;4;3,0;3
04/2024;HJXXIII;2024;4;VIII;> 34;85;0;0,0;0
04/2024;HRAD;2024;4;I;0 a 4;4;0;0,0;0
04/2024;HRAD;2024;4;II;5 a 9;8;6;0,48;1
04/2024;HRAD;2024;4;III;10 a 14;15;3;0,45;0
04/2024;HRAD;2024;4;IV;15 a 19;25;6;1,5;0
04/2024;HRAD;2024;4;V;20 a 24;40;5;2,0;2
04/2024;HRAD;2024;4;VI;25 a 29;55;11;6,05;2
04/2024;HRAD;2024;4;VII;30 a 34;75;0;0,0;0
04/2024;HRAD;2024;4;VIII;> 34;85;0;0,0;0
04/2024;HRBJA;2024;4;I;0 a 4;4;0;0,0;0
04/2024;HRBJA;2024;4;II;5 a 9;8;1;0,08;0
04/2024;HRBJA;2024;4;III;10 a 14;15;2;0,3;1
04/2024;HRBJA;2024;4;IV;15 a 19;25;6;1,5;3
04/2024;HRBJA;2024;4;V;20 a 24;40;3;1,2;2
04/2024;HRBJA;2024;4;VI;25 a 29;55;1;0,55;1
04/2024;HRBJA;2024;4;VII;30 a 34;75;2;1,5;2
04/2024;HRBJA;2024;4;VIII;> 34;85;0;0,0;0
04/2024;HRJP;2024;4;I;0 a 4;4;0;0,0;0
04/2024;HRJP;2024;4;II;5 a 9;8;0;0,0;0
04/2024;HRJP;2024;4;III;10 a 14;15;9;1,35;0
04/2024;HRJP;2024;4;IV;15 a 19;25;17;4,25;0
04/2024;HRJP;2024;4;V;20 a 24;40;9;3,6;1
04/2024;HRJP;2024;4;VI;25 a 29;55;3;1,65;3
04/2024;HRJP;2024;4;VII;30 a 34;75;2;1,5;0
04/2024;HRJP;2024;4;VIII;> 34;85;3;2,55;3
04/2024;MOV;2024;4;I;0 a 4;4;4;0,16;0
04/2024;MOV;2024;4;II;5 a 9;8;10;0,8;0
04/2024;MOV;2024;4;III;10 a 14;15;10;1,5;0
04/2024;MOV;2024;4;IV;15 a 19;25;7;1,75;0
04/2024;MOV;2024;4;V;20 a 24;40;4;1,6;0
04/2024;MOV;2024;4;VI;25 a 29;55;0;0,0;0
04/2024;MOV;2024;4;VII;30 a 34;75;0;0,0;0
04/2024;MOV;2024;4;VIII;> 34;85;0;0,0;0
05/2024;HAC;2024;5;I;0 a 4;4;1;0,04;0
05/2024;HAC;2024;5;II;5 a 9;8;16;1,28;0
05/2024;HAC;2024;5;III;10 a 14;15;12;1,8;0
05/2024;HAC;2024;5;IV;15 a 19;25;8;2,0;1
05/2024;HAC;2024;5;V;20 a 24;40;4;1,6;0
05/2024;HAC;2024;5;VI;25 a 29;55;2;1,1;0
05/2024;HAC;2024;5;VII;30 a 34;75;2;1,5;1
05/2024;HAC;2024;5;VIII;> 34;85;0;0,0;0
05/2024;HEM;2024;5;I;0 a 4;4;1;0,04;0
05/2024;HEM;2024;5;II;5 a 9;8;7;0,56;0
05/2024;HEM;2024;5;III;10 a 14;15;6;0,9;1
05/2024;HEM;2024;5;IV;15 a 19;25;4;1,0;0
05/2024;HEM;2024;5;V;20 a 24;40;5;2,0;4
05/2024;HEM;2024;5;VI;25 a 29;55;3;1,65;0
05/2024;HEM;2024;5;VII;30 a 34;75;1;0,75;1
05/2024;HEM;2024;5;VIII;> 34;85;0;0,0;0
05/2024;HJK;2024;5;I;0 a 4;4;91;3,6799999999999997;5
05/2024;HJK;2024;5;II;5 a 9;8;203;16,28;20
05/2024;HJK;2024;5;III;10 a 14;15;254;38,25;13
05/2024;HJK;2024;5;IV;15 a 19;25;230;57,6;30
05/2024;HJK;2024;5;V;20 a 24;40;156;62,4;33
05/2024;HJK;2024;5;VI;25 a 29;55;74;40,75;29
05/2024;HJK;2024;5;VII;30 a 34;75;35;26,35;15
05/2024;HJK;2024;5;VIII;> 34;85;18;15,350000000000001;15
05/2024;HJXXIII;2024;5;I;0 a 4;4;17;0,68;0
05/2024;HJXXIII;2024;5;II;5 a 9;8;28;2,24;2
05/2024;HJXXIII;2024;5;III;10 a 14;15;38;5,7;4
05/2024;HJXXIII;2024;5;IV;15 a 19;25;49;12,25;7
05/2024;HJXXIII;2024;5;V;20 a 24;40;29;11,6;8
05/2024;HJXXIII;2024;5;VI;25 a 29;55;10;5,5;6
05/2024;HJXXIII;2024;5;VII;30 a 34;75;6;4,5;4
05/2024;HJXXIII;2024;5;VIII;> 34;85;3;2,55;3
05/2024;HRAD;2024;5;I;0 a 4;4;2;0,08;0
05/2024;HRAD;2024;5;II;5 a 9;8;2;0,16;0
05/2024;HRAD;2024;5;III;10 a 14;15;4;0,6;0
05/2024;HRAD;2024;5;IV;15 a 19;25;5;1,25;0
05/2024;HRAD;2024;5;V;20 a 24;40;6;2,4;1
05/2024;HRAD;2024;5;VI;25 a 29;55;5;2,75;1
05/2024;HRAD;2024;5;VII;30 a 34;75;3;2,25;2
05/2024;HRAD;2024;5;VIII;> 34;85;0;0,0;0
05/2024;HRBJA;2024;5;I;0 a 4;4;1;0,04;1
05/2024;HRBJA;2024;5;II;5 a 9;8;0;0,0;0
05/2024;HRBJA;2024;5;III;10 a 14;15;4;0,6;0
05/2024;HRBJA;2024;5;IV;15 a 19;25;5;1,25;0
05/2024;HRBJA;2024;5;V;20 a 24;40;5;2,0;1
05/2024;HRBJA;2024;5;VI;25 a 29;55;4;2,2;0
05/2024;HRBJA;2024;5;VII;30 a 34;75;2;1,5;2
05/2024;HRBJA;2024;5;VIII;> 34;85;1;0,85;1
05/2024;HRJP;2024;5;I;0 a 4;4;2;0,08;0
05/2024;HRJP;2024;5;II;5 a 9;8;6;0,48;0
05/2024;HRJP;2024;5;III;10 a 14;15;17;2,55;1
05/2024;HRJP;2024;5;IV;15 a 19;25;17;4,25;3
05/2024;HRJP;2024;5;V;20 a 24;40;15;6,0;7
05/2024;HRJP;2024;5;VI;25 a 29;55;7;3,85;2
05/2024;HRJP;2024;5;VII;30 a 34;75;2;1,5;2
05/2024;HRJP;2024;5;VIII;> 34;85;3;2,55;2
05/2024;MOV;2024;5;I;0 a 4;4;3;0,12;0
05/2024;MOV;2024;5;II;5 a 9;8;5;0,4;0
05/2024;MOV;2024;5;III;10 a 14;15;15;2,25;0
05/2024;MOV;2024;5;IV;15 a 19;25;3;0,75;0
05/2024;MOV;2024;5;V;20 a 24;40;2;0,8;0
05/2024;MOV;2024;5;VI;25 a 29;55;0;0,0;0
05/2024;MOV;2024;5;VII;30 a 34;75;1;0,75;0
05/2024;MOV;2024;5;VIII;> 34;85;2;1,7;0
06/2024;HAC;2024;6;I;0 a 4;4;0;0,0;0
06/2024;HAC;2024;6;II;5 a 9;8;8;0,64;0
06/2024;HAC;2024;6;III;10 a 14;15;17;2,55;0
06/2024;HAC;2024;6;IV;15 a 19;25;13;3,25;0
06/2024;HAC;2024;6;V;20 a 24;40;3;1,2;0
06/2024;HAC;2024;6;VI;25 a 29;55;1;0,55;0
06/2024;HAC;2024;6;VII;30 a 34;75;1;0,75;0
06/2024;HAC;2024;6;VIII;> 34;85;1;0,85;0
06/2024;HEM;2024;6;I;0 a 4;4;3;0,12;1
06/2024;HEM;2024;6;II;5 a 9;8;11;0,88;0
06/2024;HEM;2024;6;III;10 a 14;15;8;1,2;1
06/2024;HEM;2024;6;IV;15 a 19;25;4;1,0;1
06/2024;HEM;2024;6;V;20 a 24;40;7;2,8;3
06/2024;HEM;2024;6;VI;25 a 29;55;2;1,1;0
06/2024;HEM;2024;6;VII;30 a 34;75;2;1,5;1
06/2024;HEM;2024;6;VIII;> 34;85;2;1,7;2
06/2024;HJK;2024;6;I;0 a 4;4;91;3,6799999999999997;5
06/2024;HJK;2024;6;II;5 a 9;8;207;16,6;21
06/2024;HJK;2024;6;III;10 a 14;15;247;37,2;13
06/2024;HJK;2024;6;IV;15 a 19;25;238;59,6;32
06/2024;HJK;2024;6;V;20 a 24;40;155;62,0;30
06/2024;HJK;2024;6;VI;25 a 29;55;72;39,65;31
06/2024;HJK;2024;6;VII;30 a 34;75;36;27,1;14
06/2024;HJK;2024;6;VIII;> 34;85;20;17,05;16
06/2024;HJXXIII;2024;6;I;0 a 4;4;12;0,48;0
06/2024;HJXXIII;2024;6;II;5 a 9;8;30;2,4;1
06/2024;HJXXIII;2024;6;III;10 a 14;15;36;5,4;1
06/2024;HJXXIII;2024;6;IV;15 a 19;25;42;10,5;6
06/2024;HJXXIII;2024;6;V;20 a 24;40;21;8,4;5
06/2024;HJXXIII;2024;6;VI;25 a 29;55;7;3,85;1
06/2024;HJXXIII;2024;6;VII;30 a 34;75;0;0,0;0
06/2024;HJXXIII;2024;6;VIII;> 34;85;4;3,4;2
06/2024;HRAD;2024;6;I;0 a 4;4;0;0,0;0
06/2024;HRAD;2024;6;II;5 a 9;8;1;0,08;0
06/2024;HRAD;2024;6;III;10 a 14;15;5;0,75;0
06/2024;HRAD;2024;6;IV;15 a 19;25;8;2,0;2
06/2024;HRAD;2024;6;V;20 a 24;40;8;3,2;2
06/2024;HRAD;2024;6;VI;25 a 29;55;3;1,65;1
06/2024;HRAD;2024;6;VII;30 a 34;75;3;2,25;3
06/2024;HRAD;2024;6;VIII;> 34;85;4;3,4;3
06/2024;HRBJA;2024;6;I;0 a 4;4;0;0,0;0
06/2024;HRBJA;2024;6;II;5 a 9;8;0;0,0;0
06/2024;HRBJA;2024;6;III;10 a 14;15;6;0,9;1
06/2024;HRBJA;2024;6;IV;15 a 19;25;8;2,0;1
06/2024;HRBJA;2024;6;V;20 a 24;40;4;1,6;2
06/2024;HRBJA;2024;6;VI;25 a 29;55;4;2,2;2
06/2024;HRBJA;2024;6;VII;30 a 34;75;1;0,75;1
06/2024;HRBJA;2024;6;VIII;> 34;85;1;0,85;1
06/2024;HRJP;2024;6;I;0 a 4;4;1;0,04;0
06/2024;HRJP;2024;6;II;5 a 9;8;3;0,24;0
06/2024;HRJP;2024;6;III;10 a 14;15;1;0,15;0
06/2024;HRJP;2024;6;IV;15 a 19;25;8;2,0;1
06/2024;HRJP;2024;6;V;20 a 24;40;8;3,2;2
06/2024;HRJP;2024;6;VI;25 a 29;55;4;2,2;0
06/2024;HRJP;2024;6;VII;30 a 34;75;7;5,25;4
06/2024;HRJP;2024;6;VIII;> 34;85;4;3,4;3
06/2024;MOV;2024;6;I;0 a 4;4;2;0,08;0
06/2024;MOV;2024;6;II;5 a 9;8;4;0,32;0
06/2024;MOV;2024;6;III;10 a 14;15;12;1,8;0
06/2024;MOV;2024;6;IV;15 a 19;25;0;0,0;0
06/2024;MOV;2024;6;V;20 a 24;40;4;1,6;0
06/2024;MOV;2024;6;VI;25 a 29;55;0;0,0;0
06/2024;MOV;2024;6;VII;30 a 34;75;2;1,5;0
06/2024;MOV;2024;6;VIII;> 34;85;0;0,0;0
07/2024;HAC;2024;7;I;0 a 4;4;4;0,16;0
07/2024;HAC;2024;7;II;5 a 9;8;15;1,2;0
07/2024;HAC;2024;7;III;10 a 14;15;8;1,2;1
07/2024;HAC;2024;7;IV;15 a 19;25;5;1,25;0
07/2024;HAC;2024;7;V;20 a 24;40;2;0,8;2
07/2024;HAC;2024;7;VI;25 a 29;55;0;0,0;0
07/2024;HAC;2024;7;VII;30 a 34;75;0;0,0;0
07/2024;HAC;2024;7;VIII;> 34;85;1;0,85;1
07/2024;HEM;2024;7;I;0 a 4;4;2;0,08;0
07/2024;HEM;2024;7;II;5 a 9;8;7;0,56;1
07/2024;HEM;2024;7;III;10 a 14;15;5;0,75;0
07/2024;HEM;2024;7;IV;15 a 19;25;8;2,0;0
07/2024;HEM;2024;7;V;20 a 24;40;8;3,2;0
07/2024;HEM;2024;7;VI;25 a 29;55;2;1,1;0
07/2024;HEM;2024;7;VII;30 a 34;75;0;0,0;0
07/2024;HEM;2024;7;VIII;> 34;85;1;0,85;1
07/2024;HJK;2024;7;I;0 a 4;4;92;3,7199999999999998;5
07/2024;HJK;2024;7;II;5 a 9;8;206;16,52;20
07/2024;HJK;2024;7;III;10 a 14;15;250;37,65;14
07/2024;HJK;2024;7;IV;15 a 19;25;233;58,35;30
07/2024;HJK;2024;7;V;20 a 24;40;152;60,8;32
07/2024;HJK;2024;7;VI;25 a 29;55;68;37,449999999999996;28
07/2024;HJK;2024;7;VII;30 a 34;75;36;27,1;15
07/2024;HJK;2024;7;VIII;> 34;85;19;16,2;14
07/2024;HJXXIII;2024;7;I;0 a 4;4;14;0,56;0
07/2024;HJXXIII;2024;7;II;5 a 9;8;27;2,16;2
07/2024;HJXXIII;2024;7;III;10 a 14;15;48;7,2;0
07/2024;HJXXIII;2024;7;IV;15 a 19;25;40;10,0;7
07/2024;HJXXIII;2024;7;V;20 a 24;40;18;7,2;8
07/2024;HJXXIII;2024;7;VI;25 a 29;55;17;9,35;7
07/2024;HJXXIII;2024;7;VII;30 a 34;75;9;6,75;9
07/2024;HJXXIII;2024;7;VIII;> 34;85;3;2,55;3
07/2024;HRAD;2024;7;I;0 a 4;4;0;0,0;0
07/2024;HRAD;2024;7;II;5 a 9;8;2;0,16;0
07/2024;HRAD;2024;7;III;10 a 14;15;5;0,75;0
07/2024;HRAD;2024;7;IV;15 a 19;25;13;3,25;0
07/2024;HRAD;2024;7;V;20 a 24;40;7;2,8;2
07/2024;HRAD;2024;7;VI;25 a 29;55;10;5,5;5
07/2024;HRAD;2024;7;VII;30 a 34;75;10;7,5;6
07/2024;HRAD;2024;7;VIII;> 34;85;4;3,4;3
07/2024;HRBJA;2024;7;I;0 a 4;4;1;0,04;0
07/2024;HRBJA;2024;7;II;5 a 9;8;1;0,08;0
07/2024;HRBJA;2024;7;III;10 a 14;15;4;0,6;0
07/2024;HRBJA;2024;7;IV;15 a 19;25;6;1,5;0
07/2024;HRBJA;2024;7;V;20 a 24;40;8;3,2;2
07/2024;HRBJA;2024;7;VI;25 a 29;55;8;4,4;5
07/2024;HRBJA;2024;7;VII;30 a 34;75;2;1,5;1
07/2024;HRBJA;2024;7;VIII;> 34;85;0;0,0;0
07/2024;HRJP;2024;7;I;0 a 4;4;0;0,0;0
07/2024;HRJP;2024;7;II;5 a 9;8;1;0,08;0
07/2024;HRJP;2024;7;III;10 a 14;15;14;2,1;2
07/2024;HRJP;2024;7;IV;15 a 19;25;17;4,25;0
07/2024;HRJP;2024;7;V;20 a 24;40;8;3,2;2
07/2024;HRJP;2024;7;VI;25 a 29;55;13;7,15;6
07/2024;HRJP;2024;7;VII;30 a 34;75;5;3,75;1
07/2024;HRJP;2024;7;VIII;> 34;85;6;5,1;2
07/2024;MOV;2024;7;I;0 a 4;4;5;0,2;0
07/2024;MOV;2024;7;II;5 a 9;8;9;0,72;0
07/2024;MOV;2024;7;III;10 a 14;15;4;0,6;0
07/2024;MOV;2024;7;IV;15 a 19;25;8;2,0;0
07/2024;MOV;2024;7;V;20 a 24;40;4;1,6;0
07/2024;MOV;2024;7;VI;25 a 29;55;3;1,65;1
07/2024;MOV;2024;7;VII;30 a 34;75;0;0,0;0
07/2024;MOV;2024;7;VIII;> 34;85;1;0,85;1
08/2024;HAC;2024;8;I;0 a 4;4;0;0,0;0
08/2024;HAC;2024;8;II;5 a 9;8;12;0,96;0
08/2024;HAC;2024;8;III;10 a 14;15;14;2,1;0
08/2024;HAC;2024;8;IV;15 a 19;25;17;4,25;1
08/2024;HAC;2024;8;V;20 a 24;40;5;2,0;2
08/2024;HAC;2024;8;VI;25 a 29;55;2;1,1;1
08/2024;HAC;2024;8;VII;30 a 34;75;1;0,75;0
08/2024;HAC;2024;8;VIII;> 34;85;0;0,0;0
08/2024;HEM;2024;8;I;0 a 4;4;0;0,0;0
08/2024;HEM;2024;8;II;5 a 9;8;6;0,48;1
08/2024;HEM;2024;8;III;10 a 14;15;10;1,5;0
08/2024;HEM;2024;8;IV;15 a 19;25;3;0,75;0
08/2024;HEM;2024;8;V;20 a 24;40;3;1,2;1
08/2024;HEM;2024;8;VI;25 a 29;55;2;1,1;0
08/2024;HEM;2024;8;VII;30 a 34;75;2;1,5;1
08/2024;HEM;2024;8;VIII;> 34;85;1;0,85;0
08/2024;HJK;2024;8;I;0 a 4;4;90;3,6399999999999997;5
08/2024;HJK;2024;8;II;5 a 9;8;208;16,68;20
08/2024;HJK;2024;8;III;10 a 14;15;250;37,65;16
08/2024;HJK;2024;8;IV;15 a 19;25;231;57,85;35
08/2024;HJK;2024;8;V;20 a 24;40;158;63,2;31
08/2024;HJK;2024;8;VI;25 a 29;55;72;39,65;26
08/2024;HJK;2024;8;VII;30 a 34;75;30;22,6;14
08/2024;HJK;2024;8;VIII;> 34;85;20;17,05;15
08/2024;HJXXIII;2024;8;I;0 a 4;4;14;0,56;1
08/2024;HJXXIII;2024;8;II;5 a 9;8;29;2,32;0
08/2024;HJXXIII;2024;8;III;10 a 14;15;50;7,5;6
08/2024;HJXXIII;2024;8;IV;15 a 19;25;33;8,25;4
08/2024;HJXXIII;2024;8;V;20 a 24;40;25;10,0;7
08/2024;HJXXIII;2024;8;VI;25 a 29;55;9;4,95;6
08/2024;HJXXIII;2024;8;VII;30 a 34;75;10;7,5;9
08/2024;HJXXIII;2024;8;VIII;> 34;85;0;0,0;0
08/2024;HRAD;2024;8;I;0 a 4;4;0;0,0;0
08/2024;HRAD;2024;8;II;5 a 9;8;2;0,16;0
08/2024;HRAD;2024;8;III;10 a 14;15;10;1,5;0
08/2024;HRAD;2024;8;IV;15 a 19;25;13;3,25;1
08/2024;HRAD;2024;8;V;20 a 24;40;8;3,2;0
08/2024;HRAD;2024;8;VI;25 a 29;55;10;5,5;3
08/2024;HRAD;2024;8;VII;30 a 34;75;4;3,0;0
08/2024;HRAD;2024;8;VIII;> 34;85;19;16,15;8
08/2024;HRBJA;2024;8;I;0 a 4;4;0;0,0;0
08/2024;HRBJA;2024;8;II;5 a 9;8;0;0,0;0
08/2024;HRBJA;2024;8;III;10 a 14;15;6;0,9;1
08/2024;HRBJA;2024;8;IV;15 a 19;25;11;2,75;2
08/2024;HRBJA;2024;8;V;20 a 24;40;4;1,6;1
08/2024;HRBJA;2024;8;VI;25 a 29;55;6;3,3;4
08/2024;HRBJA;2024;8;VII;30 a 34;75;6;4,5;3
08/2024;HRBJA;2024;8;VIII;> 34;85;0;0,0;0
08/2024;HRJP;2024;8;I;0 a 4;4;0;0,0;0
08/2024;HRJP;2024;8;II;5 a 9;8;0;0,0;0
08/2024;HRJP;2024;8;III;10 a 14;15;2;0,3;0
08/2024;HRJP;2024;8;IV;15 a 19;25;12;3,0;4
08/2024;HRJP;2024;8;V;20 a 24;40;12;4,8;0
08/2024;HRJP;2024;8;VI;25 a 29;55;6;3,3;5
08/2024;HRJP;2024;8;VII;30 a 34;75;3;2,25;2
08/2024;HRJP;2024;8;VIII;> 34;85;1;0,85;0
08/2024;MOV;2024;8;I;0 a 4;4;2;0,08;0
08/2024;MOV;2024;8;II;5 a 9;8;8;0,64;0
08/2024;MOV;2024;8;III;10 a 14;15;7;1,05;0
08/2024;MOV;2024;8;IV;15 a 19;25;8;2,0;0
08/2024;MOV;2024;8;V;20 a 24;40;5;2,0;0
08/2024;MOV;2024;8;VI;25 a 29;55;3;1,65;0
08/2024;MOV;2024;8;VII;30 a 34;75;1;0,75;0
08/2024;MOV;2024;8;VIII;> 34;85;1;0,85;0
09/2024;HAC;2024;9;I;0 a 4;4;0;0,0;0
09/2024;HAC;2024;9;II;5 a 9;8;9;0,72;0
09/2024;HAC;2024;9;III;10 a 14;15;14;2,1;1
09/2024;HAC;2024;9;IV;15 a 19;25;8;2,0;0
09/2024;HAC;2024;9;V;20 a 24;40;8;3,2;1
09/2024;HAC;2024;9;VI;25 a 29;55;2;1,1;0
09/2024;HAC;2024;9;VII;30 a 34;75;1;0,75;0
09/2024;HAC;2024;9;VIII;> 34;85;1;0,85;1
09/2024;HEM;2024;9;I;0 a 4;4;1;0,04;0
09/2024;HEM;2024;9;II;5 a 9;8;10;0,8;0
09/2024;HEM;2024;9;III;10 a 14;15;6;0,9;0
09/2024;HEM;2024;9;IV;15 a 19;25;6;1,5;1
09/2024;HEM;2024;9;V;20 a 24;40;5;2,0;4
09/2024;HEM;2024;9;VI;25 a 29;55;7;3,85;4
09/2024;HEM;2024;9;VII;30 a 34;75;0;0,0;0
09/2024;HEM;2024;9;VIII;> 34;85;1;0,85;1
09/2024;HJK;2024;9;I;0 a 4;4;98;3,96;5
09/2024;HJK;2024;9;II;5 a 9;8;213;17,08;20
09/2024;HJK;2024;9;III;10 a 14;15;268;40,35;13
09/2024;HJK;2024;9;IV;15 a 19;25;232;58,1;31
09/2024;HJK;2024;9;V;20 a 24;40;145;58,0;29
09/2024;HJK;2024;9;VI;25 a 29;55;72;39,65;25
09/2024;HJK;2024;9;VII;30 a 34;75;30;22,6;12
09/2024;HJK;2024;9;VIII;> 34;85;18;15,350000000000001;15
09/2024;HJXXIII;2024;9;I;0 a 4;4;15;0,6;0
09/2024;HJXXIII;2024;9;II;5 a 9;8;20;1,6;0
09/2024;HJXXIII;2024;9;III;10 a 14;15;48;7,2;3
09/2024;HJXXIII;2024;9;IV;15 a 19;25;30;7,5;6
09/2024;HJXXIII;2024;9;V;20 a 24;40;14;5,6;3
09/2024;HJXXIII;2024;9;VI;25 a 29;55;9;4,95;3
09/2024;HJXXIII;2024;9;VII;30 a 34;75;4;3,0;2
09/2024;HJXXIII;2024;9;VIII;> 34;85;2;1,7;2
09/2024;HRAD;2024;9;I;0 a 4;4;0;0,0;0
09/2024;HRAD;2024;9;II;5 a 9;8;1;0,08;0
09/2024;HRAD;2024;9;III;10 a 14;15;4;0,6;0
09/2024;HRAD;2024;9;IV;15 a 19;25;9;2,25;0
09/2024;HRAD;2024;9;V;20 a 24;40;8;3,2;0
09/2024;HRAD;2024;9;VI;25 a 29;55;10;5,5;2
09/2024;HRAD;2024;9;VII;30 a 34;75;10;7,5;3
09/2024;HRAD;2024;9;VIII;> 34;85;5;4,25;2
09/2024;HRBJA;2024;9;I;0 a 4;4;0;0,0;0
09/2024;HRBJA;2024;9;II;5 a 9;8;3;0,24;0
09/2024;HRBJA;2024;9;III;10 a 14;15;8;1,2;2
09/2024;HRBJA;2024;9;IV;15 a 19;25;15;3,75;2
09/2024;HRBJA;2024;9;V;20 a 24;40;6;2,4;4
09/2024;HRBJA;2024;9;VI;25 a 29;55;3;1,65;2
09/2024;HRBJA;2024;9;VII;30 a 34;75;0;0,0;0
09/2024;HRBJA;2024;9;VIII;> 34;85;0;0,0;0
09/2024;HRJP;2024;9;I;0 a 4;4;0;0,0;0
09/2024;HRJP;2024;9;II;5 a 9;8;0;0,0;0
09/2024;HRJP;2024;9;III;10 a 14;15;4;0,6;2
09/2024;HRJP;2024;9;IV;15 a 19;25;9;2,25;1
09/2024;HRJP;2024;9;V;20 a 24;40;9;3,6;3
09/2024;HRJP;2024;9;VI;25 a 29;55;2;1,1;1
09/2024;HRJP;2024;9;VII;30 a 34;75;2;1,5;1
09/2024;HRJP;2024;9;VIII;> 34;85;5;4,25;3
09/2024;MOV;2024;9;I;0 a 4;4;2;0,08;0
09/2024;MOV;2024;9;II;5 a 9;8;15;1,2;0
09/2024;MOV;2024;9;III;10 a 14;15;10;1,5;0
09/2024;MOV;2024;9;IV;15 a 19;25;6;1,5;0
09/2024;MOV;2024;9;V;20 a 24;40;0;0,0;0
09/2024;MOV;2024;9;VI;25 a 29;55;0;0,0;0
09/2024;MOV;2024;9;VII;30 a 34;75;1;0,75;0
09/2024;MOV;2024;9;VIII;> 34;85;0;0,0;0
10/2024;HAC;2024;10;I;0 a 4;4;2;0,08;0
10/2024;HAC;2024;10;II;5 a 9;8;23;1,84;0
10/2024;HAC;2024;10;III;10 a 14;15;18;2,7;1
10/2024;HAC;2024;10;IV;15 a 19;25;3;0,75;0
10/2024;HAC;2024;10;V;20 a 24;40;4;1,6;1
10/2024;HAC;2024;10;VI;25 a 29;55;0;0,0;0
10/2024;HAC;2024;10;VII;30 a 34;75;0;0,0;0
10/2024;HAC;2024;10;VIII;> 34;85;1;0,85;1
10/2024;HEM;2024;10;I;0 a 4;4;1;0,04;0
10/2024;HEM;2024;10;II;5 a 9;8;6;0,48;0
10/2024;HEM;2024;10;III;10 a 14;15;10;1,5;0
10/2024;HEM;2024;10;IV;15 a 19;25;7;1,75;2
10/2024;HEM;2024;10;V;20 a 24;40;5;2,0;0
10/2024;HEM;2024;10;VI;25 a 29;55;1;0,55;0
10/2024;HEM;2024;10;VII;30 a 34;75;1;0,75;0
10/2024;HEM;2024;10;VIII;> 34;85;0;0,0;0
10/2024;HJK;2024;10;I;0 a 4;4;111;4,48;5
10/2024;HJK;2024;10;II;5 a 9;8;237;19,0;20
10/2024;HJK;2024;10;III;10 a 14;15;258;38,85;14
10/2024;HJK;2024;10;IV;15 a 19;25;227;56,85;31
10/2024;HJK;2024;10;V;20 a 24;40;144;57,6;30
10/2024;HJK;2024;10;VI;25 a 29;55;68;37,449999999999996;27
10/2024;HJK;2024;10;VII;30 a 34;75;31;23,35;14
10/2024;HJK;2024;10;VIII;> 34;85;17;14,5;13
10/2024;HJXXIII;2024;10;I;0 a 4;4;10;0,4;0
10/2024;HJXXIII;2024;10;II;5 a 9;8;17;1,36;1
10/2024;HJXXIII;2024;10;III;10 a 14;15;23;3,45;5
10/2024;HJXXIII;2024;10;IV;15 a 19;25;24;6,0;8
10/2024;HJXXIII;2024;10;V;20 a 24;40;10;4,0;2
10/2024;HJXXIII;2024;10;VI;25 a 29;55;11;6,05;4
10/2024;HJXXIII;2024;10;VII;30 a 34;75;2;1,5;2
10/2024;HJXXIII;2024;10;VIII;> 34;85;1;0,85;1
10/2024;HRAD;2024;10;I;0 a 4;4;0;0,0;0
10/2024;HRAD;2024;10;II;5 a 9;8;5;0,4;0
10/2024;HRAD;2024;10;III;10 a 14;15;2;0,3;0
10/2024;HRAD;2024;10;IV;15 a 19;25;10;2,5;0
10/2024;HRAD;2024;10;V;20 a 24;40;12;4,8;1
10/2024;HRAD;2024;10;VI;25 a 29;55;12;6,6;2
10/2024;HRAD;2024;10;VII;30 a 34;75;7;5,25;2
10/2024;HRAD;2024;10;VIII;> 34;85;10;8,5;7
10/2024;HRBJA;2024;10;I;0 a 4;4;0;0,0;0
10/2024;HRBJA;2024;10;II;5 a 9;8;2;0,16;0
10/2024;HRBJA;2024;10;III;10 a 14;15;16;2,4;2
10/2024;HRBJA;2024;10;IV;15 a 19;25;10;2,5;4
10/2024;HRBJA;2024;10;V;20 a 24;40;7;2,8;2
10/2024;HRBJA;2024;10;VI;25 a 29;55;7;3,85;5
10/2024;HRBJA;2024;10;VII;30 a 34;75;1;0,75;0
10/2024;HRBJA;2024;10;VIII;> 34;85;0;0,0;0
10/2024;HRJP;2024;10;I;0 a 4;4;0;0,0;0
10/2024;HRJP;2024;10;II;5 a 9;8;1;0,08;1
10/2024;HRJP;2024;10;III;10 a 14;15;10;1,5;1
10/2024;HRJP;2024;10;IV;15 a 19;25;10;2,5;2
10/2024;HRJP;2024;10;V;20 a 24;40;7;2,8;3
10/2024;HRJP;2024;10;VI;25 a 29;55;5;2,75;3
10/2024;HRJP;2024;10;VII;30 a 34;75;4;3,0;2
10/2024;HRJP;2024;10;VIII;> 34;85;2;1,7;0
10/2024;MOV;2024;10;I;0 a 4;4;4;0,16;0
10/2024;MOV;2024;10;II;5 a 9;8;8;0,64;0
10/2024;MOV;2024;10;III;10 a 14;15;17;2,55;0
10/2024;MOV;2024;10;IV;15 a 19;25;7;1,75;0
10/2024;MOV;2024;10;V;20 a 24;40;2;0,8;1
10/2024;MOV;2024;10;VI;25 a 29;55;2;1,1;1
10/2024;MOV;2024;10;VII;30 a 34;75;1;0,75;0
10/2024;MOV;2024;10;VIII;> 34;85;0;0,0;0
11/2024;HAC;2024;11;I;0 a 4;4;4;0,16;0
11/2024;HAC;2024;11;II;5 a 9;8;22;1,76;0
11/2024;HAC;2024;11;III;10 a 14;15;10;1,5;0
11/2024;HAC;2024;11;IV;15 a 19;25;3;0,75;0
11/2024;HAC;2024;11;V;20 a 24;40;3;1,2;3
11/2024;HAC;2024;11;VI;25 a 29;55;3;1,65;2
11/2024;HAC;2024;11;VII;30 a 34;75;2;1,5;2
11/2024;HAC;2024;11;VIII;> 34;85;0;0,0;0
11/2024;HEM;2024;11;I;0 a 4;4;1;0,04;0
11/2024;HEM;2024;11;II;5 a 9;8;8;0,64;2
11/2024;HEM;2024;11;III;10 a 14;15;3;0,45;0
11/2024;HEM;2024;11;IV;15 a 19;25;4;1,0;1
11/2024;HEM;2024;11;V;20 a 24;40;2;0,8;0
11/2024;HEM;2024;11;VI;25 a 29;55;4;2,2;2
11/2024;HEM;2024;11;VII;30 a 34;75;1;0,75;1
11/2024;HEM;2024;11;VIII;> 34;85;2;1,7;2
11/2024;HJK;2024;11;I;0 a 4;4;99;4,0;5
11/2024;HJK;2024;11;II;5 a 9;8;216;17,32;20
11/2024;HJK;2024;11;III;10 a 14;15;255;38,4;17
11/2024;HJK;2024;11;IV;15 a 19;25;226;56,6;32
11/2024;HJK;2024;11;V;20 a 24;40;139;55,6;29
11/2024;HJK;2024;11;VI;25 a 29;55;65;35,8;25
11/2024;HJK;2024;11;VII;30 a 34;75;32;24,1;12
11/2024;HJK;2024;11;VIII;> 34;85;17;14,5;13
11/2024;HJXXIII;2024;11;I;0 a 4;4;7;0,28;0
11/2024;HJXXIII;2024;11;II;5 a 9;8;23;1,84;2
11/2024;HJXXIII;2024;11;III;10 a 14;15;41;6,15;5
11/2024;HJXXIII;2024;11;IV;15 a 19;25;48;12,0;18
11/2024;HJXXIII;2024;11;V;20 a 24;40;20;8,0;8
11/2024;HJXXIII;2024;11;VI;25 a 29;55;15;8,25;10
11/2024;HJXXIII;2024;11;VII;30 a 34;75;2;1,5;2
11/2024;HJXXIII;2024;11;VIII;> 34;85;2;1,7;2
11/2024;HRAD;2024;11;I;0 a 4;4;0;0,0;0
11/2024;HRAD;2024;11;II;5 a 9;8;1;0,08;0
11/2024;HRAD;2024;11;III;10 a 14;15;4;0,6;0
11/2024;HRAD;2024;11;IV;15 a 19;25;9;2,25;0
11/2024;HRAD;2024;11;V;20 a 24;40;8;3,2;0
11/2024;HRAD;2024;11;VI;25 a 29;55;10;5,5;2
11/2024;HRAD;2024;11;VII;30 a 34;75;10;7,5;3
11/2024;HRAD;2024;11;VIII;> 34;85;5;4,25;2
11/2024;HRBJA;2024;11;I;0 a 4;4;3;0,12;0
11/2024;HRBJA;2024;11;II;5 a 9;8;9;0,72;1
11/2024;HRBJA;2024;11;III;10 a 14;15;19;2,85;2
11/2024;HRBJA;2024;11;IV;15 a 19;25;9;2,25;4
11/2024;HRBJA;2024;11;V;20 a 24;40;4;1,6;2
11/2024;HRBJA;2024;11;VI;25 a 29;55;1;0,55;1
11/2024;HRBJA;2024;11;VII;30 a 34;75;2;1,5;1
11/2024;HRBJA;2024;11;VIII;> 34;85;0;0,0;0
11/2024;HRJP;2024;11;I;0 a 4;4;0;0,0;0
11/2024;HRJP;2024;11;II;5 a 9;8;5;0,4;0
11/2024;HRJP;2024;11;III;10 a 14;15;9;1,35;0
11/2024;HRJP;2024;11;IV;15 a 19;25;8;2,0;1
11/2024;HRJP;2024;11;V;20 a 24;40;9;3,6;3
11/2024;HRJP;2024;11;VI;25 a 29;55;5;2,75;4
11/2024;HRJP;2024;11;VII;30 a 34;75;1;0,75;0
11/2024;HRJP;2024;11;VIII;> 34;85;0;0,0;0
11/2024;MOV;2024;11;I;0 a 4;4;2;0,08;0
11/2024;MOV;2024;11;II;5 a 9;8;2;0,16;0
11/2024;MOV;2024;11;III;10 a 14;15;9;1,35;0
11/2024;MOV;2024;11;IV;15 a 19;25;7;1,75;0
11/2024;MOV;2024;11;V;20 a 24;40;2;0,8;1
11/2024;MOV;2024;11;VI;25 a 29;55;1;0,55;1
11/2024;MOV;2024;11;VII;30 a 34;75;1;0,75;0
11/2024;MOV;2024;11;VIII;> 34;85;0;0,0;0
12/2024;HAC;2024;12;I;0 a 4;4;2;0,08;0
12/2024;HAC;2024;12;II;5 a 9;8;14;1,12;0
12/2024;HAC;2024;12;III;10 a 14;15;14;2,1;0
12/2024;HAC;2024;12;IV;15 a 19;25;4;1,0;0
12/2024;HAC;2024;12;V;20 a 24;40;0;0,0;0
12/2024;HAC;2024;12;VI;25 a 29;55;2;1,1;0
12/2024;HAC;2024;12;VII;30 a 34;75;1;0,75;1
12/2024;HAC;2024;12;VIII;> 34;85;0;0,0;0
12/2024;HEM;2024;12;I;0 a 4;4;2;0,08;0
12/2024;HEM;2024;12;II;5 a 9;8;12;0,96;1
12/2024;HEM;2024;12;III;10 a 14;15;11;1,65;1
12/2024;HEM;2024;12;IV;15 a 19;25;5;1,25;3
12/2024;HEM;2024;12;V;20 a 24;40;4;1,6;2
12/2024;HEM;2024;12;VI;25 a 29;55;4;2,2;3
12/2024;HEM;2024;12;VII;30 a 34;75;0;0,0;0
12/2024;HEM;2024;12;VIII;> 34;85;0;0,0;0
12/2024;HJK;2024;12;I;0 a 4;4;94;3,8;5
12/2024;HJK;2024;12;II;5 a 9;8;227;18,200000000000003;23
12/2024;HJK;2024;12;III;10 a 14;15;257;38,7;18
12/2024;HJK;2024;12;IV;15 a 19;25;230;57,6;26
12/2024;HJK;2024;12;V;20 a 24;40;152;60,8;34
12/2024;HJK;2024;12;VI;25 a 29;55;74;40,75;31
12/2024;HJK;2024;12;VII;30 a 34;75;33;24,85;14
12/2024;HJK;2024;12;VIII;> 34;85;17;14,5;14
12/2024;HJXXIII;2024;12;I;0 a 4;4;14;0,56;0
12/2024;HJXXIII;2024;12;II;5 a 9;8;21;1,68;0
12/2024;HJXXIII;2024;12;III;10 a 14;15;27;4,05;4
12/2024;HJXXIII;2024;12;IV;15 a 19;25;33;8,25;6
12/2024;HJXXIII;2024;12;V;20 a 24;40;24;9,6;7
12/2024;HJXXIII;2024;12;VI;25 a 29;55;12;6,6;6
12/2024;HJXXIII;2024;12;VII;30 a 34;75;7;5,25;6
12/2024;HJXXIII;2024;12;VIII;> 34;85;0;0,0;0
12/2024;HRAD;2024;12;I;0 a 4;4;0;0,0;0
12/2024;HRAD;2024;12;II;5 a 9;8;0;0,0;0
12/2024;HRAD;2024;12;III;10 a 14;15;3;0,45;0
12/2024;HRAD;2024;12;IV;15 a 19;25;7;1,75;0
12/2024;HRAD;2024;12;V;20 a 24;40;4;1,6;1
12/2024;HRAD;2024;12;VI;25 a 29;55;6;3,3;1
12/2024;HRAD;2024;12;VII;30 a 34;75;12;9,0;2
12/2024;HRAD;2024;12;VIII;> 34;85;7;5,95;5
12/2024;HRBJA;2024;12;I;0 a 4;4;3;0,12;0
12/2024;HRBJA;2024;12;II;5 a 9;8;6;0,48;1
12/2024;HRBJA;2024;12;III;10 a 14;15;11;1,65;0
12/2024;HRBJA;2024;12;IV;15 a 19;25;18;4,5;4
12/2024;HRBJA;2024;12;V;20 a 24;40;3;1,2;1
12/2024;HRBJA;2024;12;VI;25 a 29;55;3;1,65;2
12/2024;HRBJA;2024;12;VII;30 a 34;75;3;2,25;3
12/2024;HRBJA;2024;12;VIII;> 34;85;1;0,85;1
12/2024;HRJP;2024;12;I;0 a 4;4;1;0,04;0
12/2024;HRJP;2024;12;II;5 a 9;8;5;0,4;1
12/2024;HRJP;2024;12;III;10 a 14;15;10;1,5;1
12/2024;HRJP;2024;12;IV;15 a 19;25;12;3,0;1
12/2024;HRJP;2024;12;V;20 a 24;40;12;4,8;7
12/2024;HRJP;2024;12;VI;25 a 29;55;5;2,75;4
12/2024;HRJP;2024;12;VII;30 a 34;75;4;3,0;4
12/2024;HRJP;2024;12;VIII;> 34;85;1;0,85;1
12/2024;MOV;2024;12;I;0 a 4;4;0;0,0;0
12/2024;MOV;2024;12;II;5 a 9;8;3;0,24;0
12/2024;MOV;2024;12;III;10 a 14;15;5;0,75;0
12/2024;MOV;2024;12;IV;15 a 19;25;5;1,25;0
12/2024;MOV;2024;12;V;20 a 24;40;0;0,0;0
12/2024;MOV;2024;12;VI;25 a 29;55;0;0,0;0
12/2024;MOV;2024;12;VII;30 a 34;75;0;0,0;0
12/2024;MOV;2024;12;VIII;> 34;85;0;0,0;0
01/2025;HAC;2025;1;I;0 a 4;4;3;0,12;0
01/2025;HAC;2025;1;II;5 a 9;8;17;1,36;0
01/2025;HAC;2025;1;III;10 a 14;15;12;1,8;1
01/2025;HAC;2025;1;IV;15 a 19;25;7;1,75;1
01/2025;HAC;2025;1;V;20 a 24;40;4;1,6;3
01/2025;HAC;2025;1;VI;25 a 29;55;2;1,1;1
01/2025;HAC;2025;1;VII;30 a 34;75;1;0,75;1
01/2025;HAC;2025;1;VIII;> 34;85;0;0,0;0
01/2025;HEM;2025;1;I;0 a 4;4;1;0,04;0
01/2025;HEM;2025;1;II;5 a 9;8;11;0,88;1
01/2025;HEM;2025;1;III;10 a 14;15;10;1,5;0
01/2025;HEM;2025;1;IV;15 a 19;25;6;1,5;1
01/2025;HEM;2025;1;V;20 a 24;40;5;2,0;0
01/2025;HEM;2025;1;VI;25 a 29;55;5;2,75;1
01/2025;HEM;2025;1;VII;30 a 34;75;0;0,0;0
01/2025;HEM;2025;1;VIII;> 34;85;2;1,7;1
01/2025;HJK;2025;1;I;0 a 4;4;94;3,8;5
01/2025;HJK;2025;1;II;5 a 9;8;226;18,119999999999997;22
01/2025;HJK;2025;1;III;10 a 14;15;246;37,05;16
01/2025;HJK;2025;1;IV;15 a 19;25;230;57,6;33
01/2025;HJK;2025;1;V;20 a 24;40;139;55,6;27
01/2025;HJK;2025;1;VI;25 a 29;55;66;36,349999999999994;27
01/2025;HJK;2025;1;VII;30 a 34;75;31;23,35;13
01/2025;HJK;2025;1;VIII;> 34;85;16;13,65;13
01/2025;HJXXIII;2025;1;I;0 a 4;4;12;0,48;0
01/2025;HJXXIII;2025;1;II;5 a 9;8;29;2,32;1
01/2025;HJXXIII;2025;1;III;10 a 14;15;42;6,3;3
01/2025;HJXXIII;2025;1;IV;15 a 19;25;40;10,0;2
01/2025;HJXXIII;2025;1;V;20 a 24;40;21;8,4;6
01/2025;HJXXIII;2025;1;VI;25 a 29;55;6;3,3;2
01/2025;HJXXIII;2025;1;VII;30 a 34;75;6;4,5;6
01/2025;HJXXIII;2025;1;VIII;> 34;85;1;0,85;0
01/2025;HRAD;2025;1;I;0 a 4;4;0;0,0;0
01/2025;HRAD;2025;1;II;5 a 9;8;0;0,0;0
01/2025;HRAD;2025;1;III;10 a 14;15;1;0,15;0
01/2025;HRAD;2025;1;IV;15 a 19;25;6;1,5;1
01/2025;HRAD;2025;1;V;20 a 24;40;6;2,4;1
01/2025;HRAD;2025;1;VI;25 a 29;55;12;6,6;0
01/2025;HRAD;2025;1;VII;30 a 34;75;5;3,75;1
01/2025;HRAD;2025;1;VIII;> 34;85;6;5,1;0
01/2025;HRBJA;2025;1;I;0 a 4;4;5;0,2;2
01/2025;HRBJA;2025;1;II;5 a 9;8;11;0,88;0
01/2025;HRBJA;2025;1;III;10 a 14;15;23;3,45;6
01/2025;HRBJA;2025;1;IV;15 a 19;25;22;5,5;8
01/2025;HRBJA;2025;1;V;20 a 24;40;5;2,0;4
01/2025;HRBJA;2025;1;VI;25 a 29;55;4;2,2;3
01/2025;HRBJA;2025;1;VII;30 a 34;75;2;1,5;2
01/2025;HRBJA;2025;1;VIII;> 34;85;1;0,85;1
01/2025;HRJP;2025;1;I;0 a 4;4;1;0,04;0
01/2025;HRJP;2025;1;II;5 a 9;8;1;0,08;0
01/2025;HRJP;2025;1;III;10 a 14;15;3;0,45;0
01/2025;HRJP;2025;1;IV;15 a 19;25;1;0,25;0
01/2025;HRJP;2025;1;V;20 a 24;40;4;1,6;0
01/2025;HRJP;2025;1;VI;25 a 29;55;2;1,1;2
01/2025;HRJP;2025;1;VII;30 a 34;75;4;3,0;2
01/2025;HRJP;2025;1;VIII;> 34;85;1;0,85;0
01/2025;MOV;2025;1;I;0 a 4;4;0;0,0;0
01/2025;MOV;2025;1;II;5 a 9;8;2;0,16;0
01/2025;MOV;2025;1;III;10 a 14;15;0;0,0;0
01/2025;MOV;2025;1;IV;15 a 19;25;3;0,75;0
01/2025;MOV;2025;1;V;20 a 24;40;0;0,0;0
01/2025;MOV;2025;1;VI;25 a 29;55;0;0,0;0
01/2025;MOV;2025;1;VII;30 a 34;75;1;0,75;1
01/2025;MOV;2025;1;VIII;> 34;85;0;0,0;0
02/2025;HAC;2025;2;I;0 a 4;4;2;0,08;0
02/2025;HAC;2025;2;II;5 a 9;8;23;1,84;0
02/2025;HAC;2025;2;III;10 a 14;15;14;2,1;1
02/2025;HAC;2025;2;IV;15 a 19;25;4;1,0;2
02/2025;HAC;2025;2;V;20 a 24;40;1;0,4;1
02/2025;HAC;2025;2;VI;25 a 29;55;0;0,0;0
02/2025;HAC;2025;2;VII;30 a 34;75;1;0,75;1
02/2025;HAC;2025;2;VIII;> 34;85;1;0,85;1
02/2025;HEM;2025;2;I;0 a 4;4;2;0,08;1
02/2025;HEM;2025;2;II;5 a 9;8;10;0,8;0
02/2025;HEM;2025;2;III;10 a 14;15;8;1,2;3
02/2025;HEM;2025;2;IV;15 a 19;25;5;1,25;2
02/2025;HEM;2025;2;V;20 a 24;40;4;1,6;2
02/2025;HEM;2025;2;VI;25 a 29;55;2;1,1;0
02/2025;HEM;2025;2;VII;30 a 34;75;1;0,75;0
02/2025;HEM;2025;2;VIII;> 34;85;0;0,0;0
02/2025;HJK;2025;2;I;0 a 4;4;95;3,84;5
02/2025;HJK;2025;2;II;5 a 9;8;215;17,240000000000002;20
02/2025;HJK;2025;2;III;10 a 14;15;257;38,7;13
02/2025;HJK;2025;2;IV;15 a 19;25;214;53,6;30
02/2025;HJK;2025;2;V;20 a 24;40;147;58,8;31
02/2025;HJK;2025;2;VI;25 a 29;55;67;36,9;26
02/2025;HJK;2025;2;VII;30 a 34;75;30;22,6;14
02/2025;HJK;2025;2;VIII;> 34;85;20;17,05;16
02/2025;HJXXIII;2025;2;I;0 a 4;4;12;0,48;0
02/2025;HJXXIII;2025;2;II;5 a 9;8;27;2,16;0
02/2025;HJXXIII;2025;2;III;10 a 14;15;36;5,4;1
02/2025;HJXXIII;2025;2;IV;15 a 19;25;27;6,75;5
02/2025;HJXXIII;2025;2;V;20 a 24;40;26;10,4;6
02/2025;HJXXIII;2025;2;VI;25 a 29;55;9;4,95;4
02/2025;HJXXIII;2025;2;VII;30 a 34;75;4;3,0;2
02/2025;HJXXIII;2025;2;VIII;> 34;85;1;0,85;1
02/2025;HRAD;2025;2;I;0 a 4;4;0;0,0;0
02/2025;HRAD;2025;2;II;5 a 9;8;1;0,08;0
02/2025;HRAD;2025;2;III;10 a 14;15;3;0,45;0
02/2025;HRAD;2025;2;IV;15 a 19;25;6;1,5;0
02/2025;HRAD;2025;2;V;20 a 24;40;9;3,6;1
02/2025;HRAD;2025;2;VI;25 a 29;55;14;7,7;5
02/2025;HRAD;2025;2;VII;30 a 34;75;8;6,0;4
02/2025;HRAD;2025;2;VIII;> 34;85;10;8,5;3
02/2025;HRBJA;2025;2;I;0 a 4;4;3;0,12;0
02/2025;HRBJA;2025;2;II;5 a 9;8;9;0,72;0
02/2025;HRBJA;2025;2;III;10 a 14;15;15;2,25;4
02/2025;HRBJA;2025;2;IV;15 a 19;25;13;3,25;4
02/2025;HRBJA;2025;2;V;20 a 24;40;5;2,0;3
02/2025;HRBJA;2025;2;VI;25 a 29;55;2;1,1;0
02/2025;HRBJA;2025;2;VII;30 a 34;75;1;0,75;0
02/2025;HRBJA;2025;2;VIII;> 34;85;0;0,0;0
02/2025;HRJP;2025;2;I;0 a 4;4;0;0,0;0
02/2025;HRJP;2025;2;II;5 a 9;8;3;0,24;0
02/2025;HRJP;2025;2;III;10 a 14;15;5;0,75;0
02/2025;HRJP;2025;2;IV;15 a 19;25;2;0,5;0
02/2025;HRJP;2025;2;V;20 a 24;40;3;1,2;0
02/2025;HRJP;2025;2;VI;25 a 29;55;6;3,3;2
02/2025;HRJP;2025;2;VII;30 a 34;75;2;1,5;1
02/2025;HRJP;2025;2;VIII;> 34;85;0;0,0;0
02/2025;MOV;2025;2;I;0 a 4;4;0;0,0;0
02/2025;MOV;2025;2;II;5 a 9;8;1;0,08;0
02/2025;MOV;2025;2;III;10 a 14;15;2;0,3;0
02/2025;MOV;2025;2;IV;15 a 19;25;0;0,0;0
02/2025;MOV;2025;2;V;20 a 24;40;1;0,4;0
02/2025;MOV;2025;2;VI;25 a 29;55;1;0,55;0
02/2025;MOV;2025;2;VII;30 a 34;75;0;0,0;0
02/2025;MOV;2025;2;VIII;> 34;85;0;0,0;0
03/2025;HAC;2025;3;I;0 a 4;4;0;0,0;0
03/2025;HAC;2025;3;II;5 a 9;8;6;0,48;0
03/2025;HAC;2025;3;III;10 a 14;15;17;2,55;0
03/2025;HAC;2025;3;IV;15 a 19;25;14;3,5;1
03/2025;HAC;2025;3;V;20 a 24;40;7;2,8;0
03/2025;HAC;2025;3;VI;25 a 29;55;2;1,1;1
03/2025;HAC;2025;3;VII;30 a 34;75;2;1,5;2
03/2025;HAC;2025;3;VIII;> 34;85;0;0,0;0
03/2025;HEM;2025;3;I;0 a 4;4;3;0,12;0
03/2025;HEM;2025;3;II;5 a 9;8;12;0,96;0
03/2025;HEM;2025;3;III;10 a 14;15;7;1,05;0
03/2025;HEM;2025;3;IV;15 a 19;25;5;1,25;1
03/2025;HEM;2025;3;V;20 a 24;40;2;0,8;1
03/2025;HEM;2025;3;VI;25 a 29;55;4;2,2;4
03/2025;HEM;2025;3;VII;30 a 34;75;3;2,25;3
03/2025;HEM;2025;3;VIII;> 34;85;1;0,85;0
03/2025;HJK;2025;3;I;0 a 4;4;95;3,84;5
03/2025;HJK;2025;3;II;5 a 9;8;219;17,560000000000002;21
03/2025;HJK;2025;3;III;10 a 14;15;278;41,85;17
03/2025;HJK;2025;3;IV;15 a 19;25;224;56,1;29
03/2025;HJK;2025;3;V;20 a 24;40;143;57,2;28
03/2025;HJK;2025;3;VI;25 a 29;55;60;33,05;24
03/2025;HJK;2025;3;VII;30 a 34;75;29;21,85;13
03/2025;HJK;2025;3;VIII;> 34;85;18;15,350000000000001;13
03/2025;HJXXIII;2025;3;I;0 a 4;4;11;0,44;0
03/2025;HJXXIII;2025;3;II;5 a 9;8;31;2,48;0
03/2025;HJXXIII;2025;3;III;10 a 14;15;36;5,4;3
03/2025;HJXXIII;2025;3;IV;15 a 19;25;44;11,0;4
03/2025;HJXXIII;2025;3;V;20 a 24;40;23;9,2;8
03/2025;HJXXIII;2025;3;VI;25 a 29;55;11;6,05;10
03/2025;HJXXIII;2025;3;VII;30 a 34;75;8;6,0;6
03/2025;HJXXIII;2025;3;VIII;> 34;85;0;0,0;0
03/2025;HRAD;2025;3;I;0 a 4;4;0;0,0;0
03/2025;HRAD;2025;3;II;5 a 9;8;0;0,0;0
03/2025;HRAD;2025;3;III;10 a 14;15;4;0,6;0
03/2025;HRAD;2025;3;IV;15 a 19;25;9;2,25;0
03/2025;HRAD;2025;3;V;20 a 24;40;3;1,2;0
03/2025;HRAD;2025;3;VI;25 a 29;55;9;4,95;1
03/2025;HRAD;2025;3;VII;30 a 34;75;9;6,75;1
03/2025;HRAD;2025;3;VIII;> 34;85;12;10,2;4
03/2025;HRBJA;2025;3;I;0 a 4;4;7;0,28;0
03/2025;HRBJA;2025;3;II;5 a 9;8;13;1,04;0
03/2025;HRBJA;2025;3;III;10 a 14;15;15;2,25;1
03/2025;HRBJA;2025;3;IV;15 a 19;25;15;3,75;2
03/2025;HRBJA;2025;3;V;20 a 24;40;17;6,8;6
03/2025;HRBJA;2025;3;VI;25 a 29;55;9;4,95;6
03/2025;HRBJA;2025;3;VII;30 a 34;75;4;3,0;3
03/2025;HRBJA;2025;3;VIII;> 34;85;3;2,55;3
03/2025;HRJP;2025;3;I;0 a 4;4;1;0,04;0
03/2025;HRJP;2025;3;II;5 a 9;8;7;0,56;1
03/2025;HRJP;2025;3;III;10 a 14;15;18;2,7;1
03/2025;HRJP;2025;3;IV;15 a 19;25;7;1,75;2
03/2025;HRJP;2025;3;V;20 a 24;40;1;0,4;1
03/2025;HRJP;2025;3;VI;25 a 29;55;2;1,1;2
03/2025;HRJP;2025;3;VII;30 a 34;75;1;0,75;1
03/2025;HRJP;2025;3;VIII;> 34;85;1;0,85;1
03/2025;MOV;2025;3;I;0 a 4;4;2;0,08;0
03/2025;MOV;2025;3;II;5 a 9;8;8;0,64;0
03/2025;MOV;2025;3;III;10 a 14;15;9;1,35;0
03/2025;MOV;2025;3;IV;15 a 19;25;7;1,75;1
03/2025;MOV;2025;3;V;20 a 24;40;0;0,0;0
03/2025;MOV;2025;3;VI;25 a 29;55;1;0,55;0
03/2025;MOV;2025;3;VII;30 a 34;75;0;0,0;0
03/2025;MOV;2025;3;VIII;> 34;85;0;0,0;0
04/2025;HAC;2025;4;I;0 a 4;4;0;0,0;0
04/2025;HAC;2025;4;II;5 a 9;8;3;0,24;0
04/2025;HAC;2025;4;III;10 a 14;15;7;1,05;1
04/2025;HAC;2025;4;IV;15 a 19;25;10;2,5;2
04/2025;HAC;2025;4;V;20 a 24;40;4;1,6;0
04/2025;HAC;2025;4;VI;25 a 29;55;1;0,55;1
04/2025;HAC;2025;4;VII;30 a 34;75;0;0,0;0
04/2025;HAC;2025;4;VIII;> 34;85;2;1,7;2
04/2025;HEM;2025;4;I;0 a 4;4;4;0,16;0
04/2025;HEM;2025;4;II;5 a 9;8;8;0,64;2
04/2025;HEM;2025;4;III;10 a 14;15;9;1,35;1
04/2025;HEM;2025;4;IV;15 a 19;25;4;1,0;0
04/2025;HEM;2025;4;V;20 a 24;40;4;1,6;3
04/2025;HEM;2025;4;VI;25 a 29;55;3;1,65;2
04/2025;HEM;2025;4;VII;30 a 34;75;3;2,25;2
04/2025;HEM;2025;4;VIII;> 34;85;0;0,0;0
04/2025;HJK;2025;4;I;0 a 4;4;99;4,0;5
04/2025;HJK;2025;4;II;5 a 9;8;226;18,119999999999997;22
04/2025;HJK;2025;4;III;10 a 14;15;236;35,55;17
04/2025;HJK;2025;4;IV;15 a 19;25;217;54,35;29
04/2025;HJK;2025;4;V;20 a 24;40;147;58,8;29
04/2025;HJK;2025;4;VI;25 a 29;55;63;34,699999999999996;28
04/2025;HJK;2025;4;VII;30 a 34;75;32;24,1;14
04/2025;HJK;2025;4;VIII;> 34;85;17;14,5;14
04/2025;HJXXIII;2025;4;I;0 a 4;4;11;0,44;0
04/2025;HJXXIII;2025;4;II;5 a 9;8;34;2,72;0
04/2025;HJXXIII;2025;4;III;10 a 14;15;34;5,1;1
04/2025;HJXXIII;2025;4;IV;15 a 19;25;39;9,75;6
04/2025;HJXXIII;2025;4;V;20 a 24;40;28;11,2;8
04/2025;HJXXIII;2025;4;VI;25 a 29;55;10;5,5;4
04/2025;HJXXIII;2025;4;VII;30 a 34;75;5;3,75;4
04/2025;HJXXIII;2025;4;VIII;> 34;85;1;0,85;1
04/2025;HRAD;2025;4;I;0 a 4;4;0;0,0;0
04/2025;HRAD;2025;4;II;5 a 9;8;0;0,0;0
04/2025;HRAD;2025;4;III;10 a 14;15;0;0,0;0
04/2025;HRAD;2025;4;IV;15 a 19;25;3;0,75;0
04/2025;HRAD;2025;4;V;20 a 24;40;8;3,2;1
04/2025;HRAD;2025;4;VI;25 a 29;55;6;3,3;1
04/2025;HRAD;2025;4;VII;30 a 34;75;12;9,0;4
04/2025;HRAD;2025;4;VIII;> 34;85;12;10,2;6
04/2025;HRBJA;2025;4;I;0 a 4;4;4;0,16;0
04/2025;HRBJA;2025;4;II;5 a 9;8;11;0,88;0
04/2025;HRBJA;2025;4;III;10 a 14;15;12;1,8;0
04/2025;HRBJA;2025;4;IV;15 a 19;25;18;4,5;2
04/2025;HRBJA;2025;4;V;20 a 24;40;11;4,4;2
04/2025;HRBJA;2025;4;VI;25 a 29;55;11;6,05;3
04/2025;HRBJA;2025;4;VII;30 a 34;75;5;3,75;2
04/2025;HRBJA;2025;4;VIII;> 34;85;4;3,4;2
04/2025;HRJP;2025;4;I;0 a 4;4;0;0,0;0
04/2025;HRJP;2025;4;II;5 a 9;8;3;0,24;1
04/2025;HRJP;2025;4;III;10 a 14;15;9;1,35;2
04/2025;HRJP;2025;4;IV;15 a 19;25;10;2,5;2
04/2025;HRJP;2025;4;V;20 a 24;40;3;1,2;1
04/2025;HRJP;2025;4;VI;25 a 29;55;3;1,65;1
04/2025;HRJP;2025;4;VII;30 a 34;75;1;0,75;1
04/2025;HRJP;2025;4;VIII;> 34;85;1;0,85;1
04/2025;MOV;2025;4;I;0 a 4;4;0;0,0;0
04/2025;MOV;2025;4;II;5 a 9;8;5;0,4;0
04/2025;MOV;2025;4;III;10 a 14;15;9;1,35;0
04/2025;MOV;2025;4;IV;15 a 19;25;8;2,0;1
04/2025;MOV;2025;4;V;20 a 24;40;1;0,4;0
04/2025;MOV;2025;4;VI;25 a 29;55;0;0,0;0
04/2025;MOV;2025;4;VII;30 a 34;75;0;0,0;0
04/2025;MOV;2025;4;VIII;> 34;85;1;0,85;1
05/2025;HAC;2025;5;I;0 a 4;4;1;0,04;0
05/2025;HAC;2025;5;II;5 a 9;8;6;0,48;1
05/2025;HAC;2025;5;III;10 a 14;15;17;2,55;2
05/2025;HAC;2025;5;IV;15 a 19;25;13;3,25;0
05/2025;HAC;2025;5;V;20 a 24;40;4;1,6;3
05/2025;HAC;2025;5;VI;25 a 29;55;0;0,0;0
05/2025;HAC;2025;5;VII;30 a 34;75;1;0,75;1
05/2025;HAC;2025;5;VIII;> 34;85;1;0,85;1
05/2025;HEM;2025;5;I;0 a 4;4;4;0,16;1
05/2025;HEM;2025;5;II;5 a 9;8;6;0,48;0
05/2025;HEM;2025;5;III;10 a 14;15;7;1,05;0
05/2025;HEM;2025;5;IV;15 a 19;25;7;1,75;0
05/2025;HEM;2025;5;V;20 a 24;40;1;0,4;0
05/2025;HEM;2025;5;VI;25 a 29;55;3;1,65;2
05/2025;HEM;2025;5;VII;30 a 34;75;4;3,0;4
05/2025;HEM;2025;5;VIII;> 34;85;3;2,55;1
05/2025;HJK;2025;5;I;0 a 4;4;97;3,92;5
05/2025;HJK;2025;5;II;5 a 9;8;221;17,72;20
05/2025;HJK;2025;5;III;10 a 14;15;249;37,5;15
05/2025;HJK;2025;5;IV;15 a 19;25;230;57,6;32
05/2025;HJK;2025;5;V;20 a 24;40;155;62,0;32
05/2025;HJK;2025;5;VI;25 a 29;55;69;38,0;31
05/2025;HJK;2025;5;VII;30 a 34;75;34;25,6;13
05/2025;HJK;2025;5;VIII;> 34;85;17;14,5;13
05/2025;HJXXIII;2025;5;I;0 a 4;4;11;0,44;0
05/2025;HJXXIII;2025;5;II;5 a 9;8;18;1,44;0
05/2025;HJXXIII;2025;5;III;10 a 14;15;43;6,45;2
05/2025;HJXXIII;2025;5;IV;15 a 19;25;40;10,0;4
05/2025;HJXXIII;2025;5;V;20 a 24;40;24;9,6;4
05/2025;HJXXIII;2025;5;VI;25 a 29;55;7;3,85;4
05/2025;HJXXIII;2025;5;VII;30 a 34;75;7;5,25;5
05/2025;HJXXIII;2025;5;VIII;> 34;85;5;4,25;3
05/2025;HRAD;2025;5;I;0 a 4;4;0;0,0;0
05/2025;HRAD;2025;5;II;5 a 9;8;0;0,0;0
05/2025;HRAD;2025;5;III;10 a 14;15;1;0,15;0
05/2025;HRAD;2025;5;IV;15 a 19;25;1;0,25;0
05/2025;HRAD;2025;5;V;20 a 24;40;5;2,0;0
05/2025;HRAD;2025;5;VI;25 a 29;55;15;8,25;4
05/2025;HRAD;2025;5;VII;30 a 34;75;10;7,5;1
05/2025;HRAD;2025;5;VIII;> 34;85;9;7,65;6
05/2025;HRBJA;2025;5;I;0 a 4;4;4;0,16;0
05/2025;HRBJA;2025;5;II;5 a 9;8;8;0,64;2
05/2025;HRBJA;2025;5;III;10 a 14;15;7;1,05;0
05/2025;HRBJA;2025;5;IV;15 a 19;25;15;3,75;5
05/2025;HRBJA;2025;5;V;20 a 24;40;14;5,6;4
05/2025;HRBJA;2025;5;VI;25 a 29;55;11;6,05;4
05/2025;HRBJA;2025;5;VII;30 a 34;75;6;4,5;4
05/2025;HRBJA;2025;5;VIII;> 34;85;1;0,85;1
05/2025;HRJP;2025;5;I;0 a 4;4;0;0,0;0
05/2025;HRJP;2025;5;II;5 a 9;8;6;0,48;0
05/2025;HRJP;2025;5;III;10 a 14;15;7;1,05;1
05/2025;HRJP;2025;5;IV;15 a 19;25;2;0,5;1
05/2025;HRJP;2025;5;V;20 a 24;40;2;0,8;0
05/2025;HRJP;2025;5;VI;25 a 29;55;7;3,85;2
05/2025;HRJP;2025;5;VII;30 a 34;75;0;0,0;0
05/2025;HRJP;2025;5;VIII;> 34;85;2;1,7;2
05/2025;MOV;2025;5;I;0 a 4;4;0;0,0;0
05/2025;MOV;2025;5;II;5 a 9;8;2;0,16;0
05/2025;MOV;2025;5;III;10 a 14;15;6;0,9;0
05/2025;MOV;2025;5;IV;15 a 19;25;5;1,25;0
05/2025;MOV;2025;5;V;20 a 24;40;3;1,2;0
05/2025;MOV;2025;5;VI;25 a 29;55;3;1,65;1
05/2025;MOV;2025;5;VII;30 a 34;75;1;0,75;1
05/2025;MOV;2025;5;VIII;> 34;85;0;0,0;0
06/2025;HAC;2025;6;I;0 a 4;4;0;0,0;0
06/2025;HAC;2025;6;II;5 a 9;8;9;0,72;0
06/2025;HAC;2025;6;III;10 a 14;15;9;1,35;0
06/2025;HAC;2025;6;IV;15 a 19;25;7;1,75;1
06/2025;HAC;2025;6;V;20 a 24;40;5;2,0;3
06/2025;HAC;2025;6;VI;25 a 29;55;2;1,1;1
06/2025;HAC;2025;6;VII;30 a 34;75;3;2,25;1
06/2025;HAC;2025;6;VIII;> 34;85;0;0,0;0
06/2025;HEM;2025;6;I;0 a 4;4;3;0,12;0
06/2025;HEM;2025;6;II;5 a 9;8;13;1,04;1
06/2025;HEM;2025;6;III;10 a 14;15;14;2,1;3
06/2025;HEM;2025;6;IV;15 a 19;25;3;0,75;2
06/2025;HEM;2025;6;V;20 a 24;40;7;2,8;1
06/2025;HEM;2025;6;VI;25 a 29;55;4;2,2;4
06/2025;HEM;2025;6;VII;30 a 34;75;4;3,0;3
06/2025;HEM;2025;6;VIII;> 34;85;0;0,0;0
06/2025;HJK;2025;6;I;0 a 4;4;99;4,0;5
06/2025;HJK;2025;6;II;5 a 9;8;233;18,68;20
06/2025;HJK;2025;6;III;10 a 14;15;261;39,3;16
06/2025;HJK;2025;6;IV;15 a 19;25;232;58,1;30
06/2025;HJK;2025;6;V;20 a 24;40;156;62,4;33
06/2025;HJK;2025;6;VI;25 a 29;55;71;39,099999999999994;26
06/2025;HJK;2025;6;VII;30 a 34;75;40;30,1;19
06/2025;HJK;2025;6;VIII;> 34;85;19;16,2;14
06/2025;HJXXIII;2025;6;I;0 a 4;4;7;0,28;0
06/2025;HJXXIII;2025;6;II;5 a 9;8;30;2,4;0
06/2025;HJXXIII;2025;6;III;10 a 14;15;47;7,05;1
06/2025;HJXXIII;2025;6;IV;15 a 19;25;42;10,5;6
06/2025;HJXXIII;2025;6;V;20 a 24;40;31;12,4;10
06/2025;HJXXIII;2025;6;VI;25 a 29;55;5;2,75;2
06/2025;HJXXIII;2025;6;VII;30 a 34;75;4;3,0;3
06/2025;HJXXIII;2025;6;VIII;> 34;85;4;3,4;4
06/2025;HRAD;2025;6;I;0 a 4;4;0;0,0;0
06/2025;HRAD;2025;6;II;5 a 9;8;1;0,08;0
06/2025;HRAD;2025;6;III;10 a 14;15;1;0,15;0
06/2025;HRAD;2025;6;IV;15 a 19;25;6;1,5;0
06/2025;HRAD;2025;6;V;20 a 24;40;9;3,6;0
06/2025;HRAD;2025;6;VI;25 a 29;55;8;4,4;2
06/2025;HRAD;2025;6;VII;30 a 34;75;5;3,75;2
06/2025;HRAD;2025;6;VIII;> 34;85;16;13,6;9
06/2025;HRBJA;2025;6;I;0 a 4;4;2;0,08;0
06/2025;HRBJA;2025;6;II;5 a 9;8;10;0,8;0
06/2025;HRBJA;2025;6;III;10 a 14;15;22;3,3;1
06/2025;HRBJA;2025;6;IV;15 a 19;25;22;5,5;2
06/2025;HRBJA;2025;6;V;20 a 24;40;11;4,4;1
06/2025;HRBJA;2025;6;VI;25 a 29;55;11;6,05;3
06/2025;HRBJA;2025;6;VII;30 a 34;75;6;4,5;4
06/2025;HRBJA;2025;6;VIII;> 34;85;6;5,1;4
06/2025;HRJP;2025;6;I;0 a 4;4;0;0,0;0
06/2025;HRJP;2025;6;II;5 a 9;8;4;0,32;0
06/2025;HRJP;2025;6;III;10 a 14;15;9;1,35;0
06/2025;HRJP;2025;6;IV;15 a 19;25;8;2,0;0
06/2025;HRJP;2025;6;V;20 a 24;40;7;2,8;1
06/2025;HRJP;2025;6;VI;25 a 29;55;5;2,75;2
06/2025;HRJP;2025;6;VII;30 a 34;75;1;0,75;1
06/2025;HRJP;2025;6;VIII;> 34;85;2;1,7;2
06/2025;MOV;2025;6;I;0 a 4;4;0;0,0;0
06/2025;MOV;2025;6;II;5 a 9;8;3;0,24;0
06/2025;MOV;2025;6;III;10 a 14;15;8;1,2;0
06/2025;MOV;2025;6;IV;15 a 19;25;2;0,5;0
06/2025;MOV;2025;6;V;20 a 24;40;2;0,8;0
06/2025;MOV;2025;6;VI;25 a 29;55;0;0,0;0
06/2025;MOV;2025;6;VII;30 a 34;75;0;0,0;0
06/2025;MOV;2025;6;VIII;> 34;85;0;0,0;0
07/2025;HAC;2025;7;I;0 a 4;4;2;0,08;0
07/2025;HAC;2025;7;II;5 a 9;8;6;0,48;0
07/2025;HAC;2025;7;III;10 a 14;15;11;1,65;1
07/2025;HAC;2025;7;IV;15 a 19;25;9;2,25;0
07/2025;HAC;2025;7;V;20 a 24;40;6;2,4;1
07/2025;HAC;2025;7;VI;25 a 29;55;4;2,2;0
07/2025;HAC;2025;7;VII;30 a 34;75;0;0,0;0
07/2025;HAC;2025;7;VIII;> 34;85;1;0,85;1
07/2025;HEM;2025;7;I;0 a 4;4;0;0,0;0
07/2025;HEM;2025;7;II;5 a 9;8;7;0,56;1
07/2025;HEM;2025;7;III;10 a 14;15;15;2,25;0
07/2025;HEM;2025;7;IV;15 a 19;25;11;2,75;0
07/2025;HEM;2025;7;V;20 a 24;40;5;2,0;0
07/2025;HEM;2025;7;VI;25 a 29;55;11;6,05;5
07/2025;HEM;2025;7;VII;30 a 34;75;3;2,25;2
07/2025;HEM;2025;7;VIII;> 34;85;0;0,0;0
07/2025;HJK;2025;7;I;0 a 4;4;100;4,04;5
07/2025;HJK;2025;7;II;5 a 9;8;226;18,119999999999997;23
07/2025;HJK;2025;7;III;10 a 14;15;260;39,15;20
07/2025;HJK;2025;7;IV;15 a 19;25;245;61,35;34
07/2025;HJK;2025;7;V;20 a 24;40;149;59,6;32
07/2025;HJK;2025;7;VI;25 a 29;55;67;36,9;27
07/2025;HJK;2025;7;VII;30 a 34;75;36;27,1;16
07/2025;HJK;2025;7;VIII;> 34;85;20;17,05;16
07/2025;HJXXIII;2025;7;I;0 a 4;4;13;0,52;0
07/2025;HJXXIII;2025;7;II;5 a 9;8;38;3,04;0
07/2025;HJXXIII;2025;7;III;10 a 14;15;40;6,0;0
07/2025;HJXXIII;2025;7;IV;15 a 19;25;37;9,25;5
07/2025;HJXXIII;2025;7;V;20 a 24;40;13;5,2;6
07/2025;HJXXIII;2025;7;VI;25 a 29;55;8;4,4;5
07/2025;HJXXIII;2025;7;VII;30 a 34;75;2;1,5;0
07/2025;HJXXIII;2025;7;VIII;> 34;85;1;0,85;1
07/2025;HRAD;2025;7;I;0 a 4;4;0;0,0;0
07/2025;HRAD;2025;7;II;5 a 9;8;0;0,0;0
07/2025;HRAD;2025;7;III;10 a 14;15;1;0,15;0
07/2025;HRAD;2025;7;IV;15 a 19;25;2;0,5;0
07/2025;HRAD;2025;7;V;20 a 24;40;7;2,8;2
07/2025;HRAD;2025;7;VI;25 a 29;55;10;5,5;1
07/2025;HRAD;2025;7;VII;30 a 34;75;11;8,25;3
07/2025;HRAD;2025;7;VIII;> 34;85;11;9,35;4
07/2025;HRBJA;2025;7;I;0 a 4;4;0;0,0;0
07/2025;HRBJA;2025;7;II;5 a 9;8;3;0,24;0
07/2025;HRBJA;2025;7;III;10 a 14;15;13;1,95;2
07/2025;HRBJA;2025;7;IV;15 a 19;25;15;3,75;1
07/2025;HRBJA;2025;7;V;20 a 24;40;8;3,2;0
07/2025;HRBJA;2025;7;VI;25 a 29;55;8;4,4;1
07/2025;HRBJA;2025;7;VII;30 a 34;75;10;7,5;7
07/2025;HRBJA;2025;7;VIII;> 34;85;7;5,95;4
07/2025;HRJP;2025;7;I;0 a 4;4;2;0,08;0
07/2025;HRJP;2025;7;II;5 a 9;8;7;0,56;0
07/2025;HRJP;2025;7;III;10 a 14;15;6;0,9;0
07/2025;HRJP;2025;7;IV;15 a 19;25;3;0,75;0
07/2025;HRJP;2025;7;V;20 a 24;40;5;2,0;2
07/2025;HRJP;2025;7;VI;25 a 29;55;1;0,55;1
07/2025;HRJP;2025;7;VII;30 a 34;75;2;1,5;0
07/2025;HRJP;2025;7;VIII;> 34;85;3;2,55;1
07/2025;MOV;2025;7;I;0 a 4;4;0;0,0;0
07/2025;MOV;2025;7;II;5 a 9;8;1;0,08;0
07/2025;MOV;2025;7;III;10 a 14;15;3;0,45;0
07/2025;MOV;2025;7;IV;15 a 19;25;2;0,5;0
07/2025;MOV;2025;7;V;20 a 24;40;2;0,8;0
07/2025;MOV;2025;7;VI;25 a 29;55;4;2,2;0
07/2025;MOV;2025;7;VII;30 a 34;75;1;0,75;0
07/2025;MOV;2025;7;VIII;> 34;85;0;0,0;1
08/2025;HAC;2025;8;I;0 a 4;4;2;0,08;0
08/2025;HAC;2025;8;II;5 a 9;8;7;0,56;0
08/2025;HAC;2025;8;III;10 a 14;15;17;2,55;2
08/2025;HAC;2025;8;IV;15 a 19;25;9;2,25;2
08/2025;HAC;2025;8;V;20 a 24;40;5;2,0;4
08/2025;HAC;2025;8;VI;25 a 29;55;1;0,55;1
08/2025;HAC;2025;8;VII;30 a 34;75;0;0,0;0
08/2025;HAC;2025;8;VIII;> 34;85;0;0,0;0
08/2025;HEM;2025;8;I;0 a 4;4;2;0,08;0
08/2025;HEM;2025;8;II;5 a 9;8;12;0,96;0
08/2025;HEM;2025;8;III;10 a 14;15;18;2,7;2
08/2025;HEM;2025;8;IV;15 a 19;25;6;1,5;1
08/2025;HEM;2025;8;V;20 a 24;40;6;2,4;3
08/2025;HEM;2025;8;VI;25 a 29;55;4;2,2;2
08/2025;HEM;2025;8;VII;30 a 34;75;1;0,75;1
08/2025;HEM;2025;8;VIII;> 34;85;1;0,85;1
08/2025;HJK;2025;8;I;0 a 4;4;98;3,96;5
08/2025;HJK;2025;8;II;5 a 9;8;217;17,4;21
08/2025;HJK;2025;8;III;10 a 14;15;266;40,05;19
08/2025;HJK;2025;8;IV;15 a 19;25;235;58,85;28
08/2025;HJK;2025;8;V;20 a 24;40;153;61,2;31
08/2025;HJK;2025;8;VI;25 a 29;55;65;35,8;27
08/2025;HJK;2025;8;VII;30 a 34;75;38;28,6;19
08/2025;HJK;2025;8;VIII;> 34;85;17;14,5;13
08/2025;HJXXIII;2025;8;I;0 a 4;4;6;0,24;0
08/2025;HJXXIII;2025;8;II;5 a 9;8;18;1,44;0
08/2025;HJXXIII;2025;8;III;10 a 14;15;37;5,55;0
08/2025;HJXXIII;2025;8;IV;15 a 19;25;48;12,0;5
08/2025;HJXXIII;2025;8;V;20 a 24;40;23;9,2;4
08/2025;HJXXIII;2025;8;VI;25 a 29;55;8;4,4;0
08/2025;HJXXIII;2025;8;VII;30 a 34;75;3;2,25;1
08/2025;HJXXIII;2025;8;VIII;> 34;85;2;1,7;2
08/2025;HRAD;2025;8;I;0 a 4;4;0;0,0;0
08/2025;HRAD;2025;8;II;5 a 9;8;0;0,0;0
08/2025;HRAD;2025;8;III;10 a 14;15;4;0,6;0
08/2025;HRAD;2025;8;IV;15 a 19;25;5;1,25;0
08/2025;HRAD;2025;8;V;20 a 24;40;7;2,8;1
08/2025;HRAD;2025;8;VI;25 a 29;55;14;7,7;1
08/2025;HRAD;2025;8;VII;30 a 34;75;8;6,0;3
08/2025;HRAD;2025;8;VIII;> 34;85;9;7,65;4
08/2025;HRBJA;2025;8;I;0 a 4;4;0;0,0;0
08/2025;HRBJA;2025;8;II;5 a 9;8;11;0,88;0
08/2025;HRBJA;2025;8;III;10 a 14;15;14;2,1;0
08/2025;HRBJA;2025;8;IV;15 a 19;25;25;6,25;3
08/2025;HRBJA;2025;8;V;20 a 24;40;11;4,4;1
08/2025;HRBJA;2025;8;VI;25 a 29;55;7;3,85;4
08/2025;HRBJA;2025;8;VII;30 a 34;75;7;5,25;3
08/2025;HRBJA;2025;8;VIII;> 34;85;15;12,75;8
08/2025;HRJP;2025;8;I;0 a 4;4;2;0,08;0
08/2025;HRJP;2025;8;II;5 a 9;8;10;0,8;0
08/2025;HRJP;2025;8;III;10 a 14;15;8;1,2;1
08/2025;HRJP;2025;8;IV;15 a 19;25;1;0,25;0
08/2025;HRJP;2025;8;V;20 a 24;40;1;0,4;1
08/2025;HRJP;2025;8;VI;25 a 29;55;3;1,65;0
08/2025;HRJP;2025;8;VII;30 a 34;75;0;0,0;0
08/2025;HRJP;2025;8;VIII;> 34;85;0;0,0;0
08/2025;MOV;2025;8;I;0 a 4;4;0;0,0;0
08/2025;MOV;2025;8;II;5 a 9;8;1;0,08;0
08/2025;MOV;2025;8;III;10 a 14;15;2;0,3;0
08/2025;MOV;2025;8;IV;15 a 19;25;2;0,5;0
08/2025;MOV;2025;8;V;20 a 24;40;1;0,4;0
08/2025;MOV;2025;8;VI;25 a 29;55;0;0,0;0
08/2025;MOV;2025;8;VII;30 a 34;75;2;1,5;0
08/2025;MOV;2025;8;VIII;> 34;85;0;0,0;0
09/2025;HAC;2025;9;I;0 a 4;4;2;0,08;0
09/2025;HAC;2025;9;II;5 a 9;8;9;0,72;0
09/2025;HAC;2025;9;III;10 a 14;15;20;3,0;2
09/2025;HAC;2025;9;IV;15 a 19;25;6;1,5;0
09/2025;HAC;2025;9;V;20 a 24;40;7;2,8;1
09/2025;HAC;2025;9;VI;25 a 29;55;1;0,55;1
09/2025;HAC;2025;9;VII;30 a 34;75;0;0,0;0
09/2025;HAC;2025;9;VIII;> 34;85;1;0,85;1
09/2025;HEM;2025;9;I;0 a 4;4;0;0,0;0
09/2025;HEM;2025;9;II;5 a 9;8;8;0,64;0
09/2025;HEM;2025;9;III;10 a 14;15;20;3,0;3
09/2025;HEM;2025;9;IV;15 a 19;25;12;3,0;1
09/2025;HEM;2025;9;V;20 a 24;40;1;0,4;0
09/2025;HEM;2025;9;VI;25 a 29;55;5;2,75;2
09/2025;HEM;2025;9;VII;30 a 34;75;2;1,5;2
09/2025;HEM;2025;9;VIII;> 34;85;1;0,85;1
09/2025;HJK;2025;9;I;0 a 4;4;93;3,76;5
09/2025;HJK;2025;9;II;5 a 9;8;218;17,48;20
09/2025;HJK;2025;9;III;10 a 14;15;272;40,95;15
09/2025;HJK;2025;9;IV;15 a 19;25;244;61,1;31
09/2025;HJK;2025;9;V;20 a 24;40;157;62,8;30
09/2025;HJK;2025;9;VI;25 a 29;55;70;38,55;27
09/2025;HJK;2025;9;VII;30 a 34;75;33;24,85;17
09/2025;HJK;2025;9;VIII;> 34;85;21;17,9;15
09/2025;HJXXIII;2025;9;I;0 a 4;4;12;0,48;0
09/2025;HJXXIII;2025;9;II;5 a 9;8;21;1,68;0
09/2025;HJXXIII;2025;9;III;10 a 14;15;47;7,05;2
09/2025;HJXXIII;2025;9;IV;15 a 19;25;46;11,5;4
09/2025;HJXXIII;2025;9;V;20 a 24;40;27;10,8;4
09/2025;HJXXIII;2025;9;VI;25 a 29;55;14;7,7;2
09/2025;HJXXIII;2025;9;VII;30 a 34;75;10;7,5;4
09/2025;HJXXIII;2025;9;VIII;> 34;85;1;0,85;0
09/2025;HRAD;2025;9;I;0 a 4;4;0;0,0;0
09/2025;HRAD;2025;9;II;5 a 9;8;0;0,0;0
09/2025;HRAD;2025;9;III;10 a 14;15;1;0,15;0
09/2025;HRAD;2025;9;IV;15 a 19;25;8;2,0;0
09/2025;HRAD;2025;9;V;20 a 24;40;8;3,2;0
09/2025;HRAD;2025;9;VI;25 a 29;55;10;5,5;2
09/2025;HRAD;2025;9;VII;30 a 34;75;11;8,25;5
09/2025;HRAD;2025;9;VIII;> 34;85;5;4,25;2
09/2025;HRBJA;2025;9;I;0 a 4;4;0;0,0;0
09/2025;HRBJA;2025;9;II;5 a 9;8;8;0,64;0
09/2025;HRBJA;2025;9;III;10 a 14;15;16;2,4;0
09/2025;HRBJA;2025;9;IV;15 a 19;25;14;3,5;1
09/2025;HRBJA;2025;9;V;20 a 24;40;13;5,2;2
09/2025;HRBJA;2025;9;VI;25 a 29;55;9;4,95;5
09/2025;HRBJA;2025;9;VII;30 a 34;75;9;6,75;1
09/2025;HRBJA;2025;9;VIII;> 34;85;6;5,1;6
09/2025;HRJP;2025;9;I;0 a 4;4;0;0,0;0
09/2025;HRJP;2025;9;II;5 a 9;8;2;0,16;0
09/2025;HRJP;2025;9;III;10 a 14;15;9;1,35;1
09/2025;HRJP;2025;9;IV;15 a 19;25;5;1,25;1
09/2025;HRJP;2025;9;V;20 a 24;40;9;3,6;2
09/2025;HRJP;2025;9;VI;25 a 29;55;4;2,2;3
09/2025;HRJP;2025;9;VII;30 a 34;75;1;0,75;1
09/2025;HRJP;2025;9;VIII;> 34;85;1;0,85;0
09/2025;MOV;2025;9;I;0 a 4;4;1;0,04;0
09/2025;MOV;2025;9;II;5 a 9;8;14;1,12;0
09/2025;MOV;2025;9;III;10 a 14;15;9;1,35;0
09/2025;MOV;2025;9;IV;15 a 19;25;4;1,0;0
09/2025;MOV;2025;9;V;20 a 24;40;2;0,8;0
09/2025;MOV;2025;9;VI;25 a 29;55;2;1,1;0
09/2025;MOV;2025;9;VII;30 a 34;75;0;0,0;0
09/2025;MOV;2025;9;VIII;> 34;85;0;0,0;0
10/2025;HAC;2025;10;I;0 a 4;4;2;0,08;0
10/2025;HAC;2025;10;II;5 a 9;8;17;1,36;0
10/2025;HAC;2025;10;III;10 a 14;15;20;3,0;1
10/2025;HAC;2025;10;IV;15 a 19;25;10;2,5;1
10/2025;HAC;2025;10;V;20 a 24;40;3;1,2;2
10/2025;HAC;2025;10;VI;25 a 29;55;2;1,1;2
10/2025;HAC;2025;10;VII;30 a 34;75;0;0,0;0
10/2025;HAC;2025;10;VIII;> 34;85;0;0,0;0
10/2025;HEM;2025;10;I;0 a 4;4;2;0,08;0
10/2025;HEM;2025;10;II;5 a 9;8;11;0,88;2
10/2025;HEM;2025;10;III;10 a 14;15;12;1,8;2
10/2025;HEM;2025;10;IV;15 a 19;25;8;2,0;3
10/2025;HEM;2025;10;V;20 a 24;40;6;2,4;3
10/2025;HEM;2025;10;VI;25 a 29;55;2;1,1;1
10/2025;HEM;2025;10;VII;30 a 34;75;1;0,75;1
10/2025;HEM;2025;10;VIII;> 34;85;0;0,0;0
10/2025;HJK;2025;10;I;0 a 4;4;103;4,16;5
10/2025;HJK;2025;10;II;5 a 9;8;236;18,92;23
10/2025;HJK;2025;10;III;10 a 14;15;277;41,7;15
10/2025;HJK;2025;10;IV;15 a 19;25;247;61,85;36
10/2025;HJK;2025;10;V;20 a 24;40;150;60,0;28
10/2025;HJK;2025;10;VI;25 a 29;55;68;37,449999999999996;29
10/2025;HJK;2025;10;VII;30 a 34;75;31;23,35;14
10/2025;HJK;2025;10;VIII;> 34;85;17;14,5;13
10/2025;HJXXIII;2025;10;I;0 a 4;4;8;0,32;1
10/2025;HJXXIII;2025;10;II;5 a 9;8;34;2,72;1
10/2025;HJXXIII;2025;10;III;10 a 14;15;52;7,8;3
10/2025;HJXXIII;2025;10;IV;15 a 19;25;36;9,0;5
10/2025;HJXXIII;2025;10;V;20 a 24;40;22;8,8;4
10/2025;HJXXIII;2025;10;VI;25 a 29;55;10;5,5;4
10/2025;HJXXIII;2025;10;VII;30 a 34;75;5;3,75;4
10/2025;HJXXIII;2025;10;VIII;> 34;85;2;1,7;2
10/2025;HRAD;2025;10;I;0 a 4;4;0;0,0;0
10/2025;HRAD;2025;10;II;5 a 9;8;1;0,08;0
10/2025;HRAD;2025;10;III;10 a 14;15;10;1,5;0
10/2025;HRAD;2025;10;IV;15 a 19;25;9;2,25;2
10/2025;HRAD;2025;10;V;20 a 24;40;8;3,2;1
10/2025;HRAD;2025;10;VI;25 a 29;55;13;7,15;2
10/2025;HRAD;2025;10;VII;30 a 34;75;7;5,25;2
10/2025;HRAD;2025;10;VIII;> 34;85;9;7,65;7
10/2025;HRBJA;2025;10;I;0 a 4;4;0;0,0;0
10/2025;HRBJA;2025;10;II;5 a 9;8;4;0,32;0
10/2025;HRBJA;2025;10;III;10 a 14;15;20;3,0;2
10/2025;HRBJA;2025;10;IV;15 a 19;25;27;6,75;3
10/2025;HRBJA;2025;10;V;20 a 24;40;18;7,2;1
10/2025;HRBJA;2025;10;VI;25 a 29;55;8;4,4;2
10/2025;HRBJA;2025;10;VII;30 a 34;75;8;6,0;6
10/2025;HRBJA;2025;10;VIII;> 34;85;4;3,4;2
10/2025;HRJP;2025;10;I;0 a 4;4;0;0,0;0
10/2025;HRJP;2025;10;II;5 a 9;8;1;0,08;0
10/2025;HRJP;2025;10;III;10 a 14;15;13;1,95;1
10/2025;HRJP;2025;10;IV;15 a 19;25;12;3,0;5
10/2025;HRJP;2025;10;V;20 a 24;40;6;2,4;4
10/2025;HRJP;2025;10;VI;25 a 29;55;7;3,85;3
10/2025;HRJP;2025;10;VII;30 a 34;75;4;3,0;3
10/2025;HRJP;2025;10;VIII;> 34;85;0;0,0;0
10/2025;MOV;2025;10;I;0 a 4;4;5;0,2;0
10/2025;MOV;2025;10;II;5 a 9;8;9;0,72;0
10/2025;MOV;2025;10;III;10 a 14;15;11;1,65;0
10/2025;MOV;2025;10;IV;15 a 19;25;6;1,5;0
10/2025;MOV;2025;10;V;20 a 24;40;0;0,0;0
10/2025;MOV;2025;10;VI;25 a 29;55;1;0,55;0
10/2025;MOV;2025;10;VII;30 a 34;75;0;0,0;0
10/2025;MOV;2025;10;VIII;> 34;85;0;0,0;0
11/2025;HAC;2025;11;I;0 a 4;4;0;0,0;0
11/2025;HAC;2025;11;II;5 a 9;8;8;0,64;0
11/2025;HAC;2025;11;III;10 a 14;15;12;1,8;1
11/2025;HAC;2025;11;IV;15 a 19;25;11;2,75;1
11/2025;HAC;2025;11;V;20 a 24;40;3;1,2;1
11/2025;HAC;2025;11;VI;25 a 29;55;0;0,0;0
11/2025;HAC;2025;11;VII;30 a 34;75;0;0,0;0
11/2025;HAC;2025;11;VIII;> 34;85;0;0,0;0
11/2025;HEM;2025;11;I;0 a 4;4;0;0,0;0
11/2025;HEM;2025;11;II;5 a 9;8;7;0,56;0
11/2025;HEM;2025;11;III;10 a 14;15;11;1,65;2
11/2025;HEM;2025;11;IV;15 a 19;25;3;0,75;0
11/2025;HEM;2025;11;V;20 a 24;40;5;2,0;2
11/2025;HEM;2025;11;VI;25 a 29;55;3;1,65;3
11/2025;HEM;2025;11;VII;30 a 34;75;2;1,5;1
11/2025;HEM;2025;11;VIII;> 34;85;0;0,0;0
11/2025;HJK;2025;11;I;0 a 4;4;106;4,279999999999999;5
11/2025;HJK;2025;11;II;5 a 9;8;226;18,119999999999997;20
11/2025;HJK;2025;11;III;10 a 14;15;269;40,5;15
11/2025;HJK;2025;11;IV;15 a 19;25;231;57,85;32
11/2025;HJK;2025;11;V;20 a 24;40;140;56,0;30
11/2025;HJK;2025;11;VI;25 a 29;55;72;39,65;31
11/2025;HJK;2025;11;VII;30 a 34;75;37;27,85;18
11/2025;HJK;2025;11;VIII;> 34;85;16;13,65;13
11/2025;HJXXIII;2025;11;I;0 a 4;4;6;0,24;1
11/2025;HJXXIII;2025;11;II;5 a 9;8;28;2,24;2
11/2025;HJXXIII;2025;11;III;10 a 14;15;39;5,85;3
11/2025;HJXXIII;2025;11;IV;15 a 19;25;52;13,0;6
11/2025;HJXXIII;2025;11;V;20 a 24;40;19;7,6;5
11/2025;HJXXIII;2025;11;VI;25 a 29;55;11;6,05;3
11/2025;HJXXIII;2025;11;VII;30 a 34;75;6;4,5;4
11/2025;HJXXIII;2025;11;VIII;> 34;85;1;0,85;0
11/2025;HRAD;2025;11;I;0 a 4;4;0;0,0;0
11/2025;HRAD;2025;11;II;5 a 9;8;0;0,0;0
11/2025;HRAD;2025;11;III;10 a 14;15;5;0,75;0
11/2025;HRAD;2025;11;IV;15 a 19;25;4;1,0;0
11/2025;HRAD;2025;11;V;20 a 24;40;9;3,6;1
11/2025;HRAD;2025;11;VI;25 a 29;55;8;4,4;1
11/2025;HRAD;2025;11;VII;30 a 34;75;10;7,5;2
11/2025;HRAD;2025;11;VIII;> 34;85;21;17,85;12
11/2025;HRBJA;2025;11;I;0 a 4;4;0;0,0;0
11/2025;HRBJA;2025;11;II;5 a 9;8;13;1,04;0
11/2025;HRBJA;2025;11;III;10 a 14;15;11;1,65;0
11/2025;HRBJA;2025;11;IV;15 a 19;25;22;5,5;1
11/2025;HRBJA;2025;11;V;20 a 24;40;11;4,4;3
11/2025;HRBJA;2025;11;VI;25 a 29;55;5;2,75;1
11/2025;HRBJA;2025;11;VII;30 a 34;75;7;5,25;1
11/2025;HRBJA;2025;11;VIII;> 34;85;9;7,65;7
11/2025;HRJP;2025;11;I;0 a 4;4;0;0,0;0
11/2025;HRJP;2025;11;II;5 a 9;8;4;0,32;0
11/2025;HRJP;2025;11;III;10 a 14;15;8;1,2;1
11/2025;HRJP;2025;11;IV;15 a 19;25;10;2,5;3
11/2025;HRJP;2025;11;V;20 a 24;40;2;0,8;1
11/2025;HRJP;2025;11;VI;25 a 29;55;1;0,55;0
11/2025;HRJP;2025;11;VII;30 a 34;75;2;1,5;2
11/2025;HRJP;2025;11;VIII;> 34;85;2;1,7;0
11/2025;MOV;2025;11;I;0 a 4;4;3;0,12;0
11/2025;MOV;2025;11;II;5 a 9;8;5;0,4;0
11/2025;MOV;2025;11;III;10 a 14;15;16;2,4;0
11/2025;MOV;2025;11;IV;15 a 19;25;2;0,5;0
11/2025;MOV;2025;11;V;20 a 24;40;4;1,6;0
11/2025;MOV;2025;11;VI;25 a 29;55;2;1,1;0
11/2025;MOV;2025;11;VII;30 a 34;75;1;0,75;0
11/2025;MOV;2025;11;VIII;> 34;85;0;0,0;0
12/2025;HAC;2025;12;I;0 a 4;4;0;0,0;0
12/2025;HAC;2025;12;II;5 a 9;8;2;0,16;0
12/2025;HAC;2025;12;III;10 a 14;15;11;1,65;3
12/2025;HAC;2025;12;IV;15 a 19;25;5;1,25;2
12/2025;HAC;2025;12;V;20 a 24;40;1;0,4;0
12/2025;HAC;2025;12;VI;25 a 29;55;1;0,55;0
12/2025;HAC;2025;12;VII;30 a 34;75;0;0,0;0
12/2025;HAC;2025;12;VIII;> 34;85;1;0,85;1
12/2025;HEM;2025;12;I;0 a 4;4;0;0,0;0
12/2025;HEM;2025;12;II;5 a 9;8;10;0,8;1
12/2025;HEM;2025;12;III;10 a 14;15;10;1,5;1
12/2025;HEM;2025;12;IV;15 a 19;25;7;1,75;1
12/2025;HEM;2025;12;V;20 a 24;40;3;1,2;1
12/2025;HEM;2025;12;VI;25 a 29;55;5;2,75;3
12/2025;HEM;2025;12;VII;30 a 34;75;1;0,75;1
12/2025;HEM;2025;12;VIII;> 34;85;0;0,0;0
12/2025;HJK;2025;12;I;0 a 4;4;102;4,12;5
12/2025;HJK;2025;12;II;5 a 9;8;234;18,759999999999998;22
12/2025;HJK;2025;12;III;10 a 14;15;253;38,1;18
12/2025;HJK;2025;12;IV;15 a 19;25;247;61,85;34
12/2025;HJK;2025;12;V;20 a 24;40;143;57,2;29
12/2025;HJK;2025;12;VI;25 a 29;55;71;39,099999999999994;32
12/2025;HJK;2025;12;VII;30 a 34;75;36;27,1;18
12/2025;HJK;2025;12;VIII;> 34;85;17;14,5;13
12/2025;HJXXIII;2025;12;I;0 a 4;4;8;0,32;0
12/2025;HJXXIII;2025;12;II;5 a 9;8;18;1,44;0
12/2025;HJXXIII;2025;12;III;10 a 14;15;26;3,9;1
12/2025;HJXXIII;2025;12;IV;15 a 19;25;34;8,5;6
12/2025;HJXXIII;2025;12;V;20 a 24;40;23;9,2;4
12/2025;HJXXIII;2025;12;VI;25 a 29;55;13;7,15;3
12/2025;HJXXIII;2025;12;VII;30 a 34;75;2;1,5;1
12/2025;HJXXIII;2025;12;VIII;> 34;85;1;0,85;1
12/2025;HRAD;2025;12;I;0 a 4;4;2;0,08;0
12/2025;HRAD;2025;12;II;5 a 9;8;1;0,08;0
12/2025;HRAD;2025;12;III;10 a 14;15;12;1,8;0
12/2025;HRAD;2025;12;IV;15 a 19;25;2;0,5;0
12/2025;HRAD;2025;12;V;20 a 24;40;4;1,6;0
12/2025;HRAD;2025;12;VI;25 a 29;55;2;1,1;1
12/2025;HRAD;2025;12;VII;30 a 34;75;8;6,0;5
12/2025;HRAD;2025;12;VIII;> 34;85;5;4,25;3
12/2025;HRBJA;2025;12;I;0 a 4;4;0;0,0;0
12/2025;HRBJA;2025;12;II;5 a 9;8;5;0,4;0
12/2025;HRBJA;2025;12;III;10 a 14;15;14;2,1;0
12/2025;HRBJA;2025;12;IV;15 a 19;25;18;4,5;4
12/2025;HRBJA;2025;12;V;20 a 24;40;18;7,2;2
12/2025;HRBJA;2025;12;VI;25 a 29;55;9;4,95;5
12/2025;HRBJA;2025;12;VII;30 a 34;75;5;3,75;2
12/2025;HRBJA;2025;12;VIII;> 34;85;6;5,1;4
12/2025;HRJP;2025;12;I;0 a 4;4;0;0,0;0
12/2025;HRJP;2025;12;II;5 a 9;8;7;0,56;1
12/2025;HRJP;2025;12;III;10 a 14;15;10;1,5;1
12/2025;HRJP;2025;12;IV;15 a 19;25;4;1,0;0
12/2025;HRJP;2025;12;V;20 a 24;40;6;2,4;1
12/2025;HRJP;2025;12;VI;25 a 29;55;4;2,2;2
12/2025;HRJP;2025;12;VII;30 a 34;75;3;2,25;3
12/2025;HRJP;2025;12;VIII;> 34;85;2;1,7;2
12/2025;MOV;2025;12;I;0 a 4;4;1;0,04;0
12/2025;MOV;2025;12;II;5 a 9;8;4;0,32;0
12/2025;MOV;2025;12;III;10 a 14;15;10;1,5;0
12/2025;MOV;2025;12;IV;15 a 19;25;11;2,75;1
12/2025;MOV;2025;12;V;20 a 24;40;5;2,0;0
12/2025;MOV;2025;12;VI;25 a 29;55;0;0,0;0
12/2025;MOV;2025;12;VII;30 a 34;75;0;0,0;0
12/2025;MOV;2025;12;VIII;> 34;85;0;0,0;0
01/2026;HAC;2026;1;I;0 a 4;4;4;0,2;0
01/2026;HAC;2026;1;II;5 a 9;8;5;0,4;0
01/2026;HAC;2026;1;III;10 a 14;15;7;1,1;0
01/2026;HAC;2026;1;IV;15 a 19;25;5;1,3;0
01/2026;HAC;2026;1;V;20 a 24;40;3;1,2;2
01/2026;HAC;2026;1;VI;25 a 29;55;2;1,1;2
01/2026;HAC;2026;1;VII;30 a 34;75;3;2,3;0
01/2026;HAC;2026;1;VIII;> 34;85;1;0,9;0
01/2026;HEM;2026;1;I;0 a 4;4;0;0,0;0
01/2026;HEM;2026;1;II;5 a 9;8;4;0,3;0
01/2026;HEM;2026;1;III;10 a 14;15;8;1,2;0
01/2026;HEM;2026;1;IV;15 a 19;25;5;1,3;0
01/2026;HEM;2026;1;V;20 a 24;40;6;2,4;5
01/2026;HEM;2026;1;VI;25 a 29;55;3;1,7;1
01/2026;HEM;2026;1;VII;30 a 34;75;1;0,8;0
01/2026;HEM;2026;1;VIII;> 34;85;0;0,0;0
01/2026;HJK;2026;1;I;0 a 4;4;89;3,5999999999999996;5
01/2026;HJK;2026;1;II;5 a 9;8;191;15,32;20
01/2026;HJK;2026;1;III;10 a 14;15;214;32,25;12
01/2026;HJK;2026;1;IV;15 a 19;25;195;48,85;26
01/2026;HJK;2026;1;V;20 a 24;40;128;51,2;26
01/2026;HJK;2026;1;VI;25 a 29;55;56;30,849999999999998;23
01/2026;HJK;2026;1;VII;30 a 34;75;28;21,1;12
01/2026;HJK;2026;1;VIII;> 34;85;16;13,65;13
01/2026;HJXXIII;2026;1;I;0 a 4;4;16;0,64;0
01/2026;HJXXIII;2026;1;II;5 a 9;8;25;2,0;1
01/2026;HJXXIII;2026;1;III;10 a 14;15;44;6,6;2
01/2026;HJXXIII;2026;1;IV;15 a 19;25;38;9,5;4
01/2026;HJXXIII;2026;1;V;20 a 24;40;25;10,0;3
01/2026;HJXXIII;2026;1;VI;25 a 29;55;12;6,6;2
01/2026;HJXXIII;2026;1;VII;30 a 34;75;4;3,0;3
01/2026;HJXXIII;2026;1;VIII;> 34;85;3;2,55;2
01/2026;HRAD;2026;1;I;0 a 4;4;1;0,04;0
01/2026;HRAD;2026;1;II;5 a 9;8;8;0,64;0
01/2026;HRAD;2026;1;III;10 a 14;15;9;1,35;0
01/2026;HRAD;2026;1;IV;15 a 19;25;7;1,75;1
01/2026;HRAD;2026;1;V;20 a 24;40;7;2,8;1
01/2026;HRAD;2026;1;VI;25 a 29;55;8;4,4;4
01/2026;HRAD;2026;1;VII;30 a 34;75;2;1,5;1
01/2026;HRAD;2026;1;VIII;> 34;85;4;3,4;3
01/2026;HRBJA;2026;1;I;0 a 4;4;0;0,0;0
01/2026;HRBJA;2026;1;II;5 a 9;8;11;0,9;1
01/2026;HRBJA;2026;1;III;10 a 14;15;13;2,0;1
01/2026;HRBJA;2026;1;IV;15 a 19;25;20;5,0;4
01/2026;HRBJA;2026;1;V;20 a 24;40;9;3,6;3
01/2026;HRBJA;2026;1;VI;25 a 29;55;10;5,5;2
01/2026;HRBJA;2026;1;VII;30 a 34;75;4;3,0;3
01/2026;HRBJA;2026;1;VIII;> 34;85;5;4,3;4
01/2026;HRJP;2026;1;I;0 a 4;4;0;0,0;0
01/2026;HRJP;2026;1;II;5 a 9;8;2;0,2;0
01/2026;HRJP;2026;1;III;10 a 14;15;8;1,2;1
01/2026;HRJP;2026;1;IV;15 a 19;25;14;3,5;4
01/2026;HRJP;2026;1;V;20 a 24;40;5;2,0;0
01/2026;HRJP;2026;1;VI;25 a 29;55;4;2,2;0
01/2026;HRJP;2026;1;VII;30 a 34;75;2;1,5;1
01/2026;HRJP;2026;1;VIII;> 34;85;1;0,9;1
01/2026;MOV;2026;1;I;0 a 4;4;4;0,2;0
01/2026;MOV;2026;1;II;5 a 9;8;9;0,7;0
01/2026;MOV;2026;1;III;10 a 14;15;11;1,7;0
01/2026;MOV;2026;1;IV;15 a 19;25;7;1,8;0
01/2026;MOV;2026;1;V;20 a 24;40;4;1,6;1
01/2026;MOV;2026;1;VI;25 a 29;55;1;0,6;0
01/2026;MOV;2026;1;VII;30 a 34;75;1;0,8;0
01/2026;MOV;2026;1;VIII;> 34;85;1;0,9;1
02/2026;HAC;2026;2;I;0 a 4;4;0;0,0;0
02/2026;HAC;2026;2;II;5 a 9;8;3;0,2;0
02/2026;HAC;2026;2;III;10 a 14;15;10;1,5;0
02/2026;HAC;2026;2;IV;15 a 19;25;6;1,5;0
02/2026;HAC;2026;2;V;20 a 24;40;5;2,0;1
02/2026;HAC;2026;2;VI;25 a 29;55;1;0,6;1
02/2026;HAC;2026;2;VII;30 a 34;75;1;0,8;1
02/2026;HAC;2026;2;VIII;> 34;85;0;0,0;0
02/2026;HEM;2026;2;I;0 a 4;4;0;0,0;0
02/2026;HEM;2026;2;II;5 a 9;8;2;0,2;0
02/2026;HEM;2026;2;III;10 a 14;15;8;1,2;1
02/2026;HEM;2026;2;IV;15 a 19;25;4;1,0;0
02/2026;HEM;2026;2;V;20 a 24;40;6;2,4;2
02/2026;HEM;2026;2;VI;25 a 29;55;3;1,7;2
02/2026;HEM;2026;2;VII;30 a 34;75;1;0,8;0
02/2026;HEM;2026;2;VIII;> 34;85;0;0,0;0
02/2026;HJK;2026;2;I;0 a 4;4;89;3,5999999999999996;5
02/2026;HJK;2026;2;II;5 a 9;8;191;15,32;20
02/2026;HJK;2026;2;III;10 a 14;15;214;32,25;12
02/2026;HJK;2026;2;IV;15 a 19;25;195;48,85;26
02/2026;HJK;2026;2;V;20 a 24;40;128;51,2;26
02/2026;HJK;2026;2;VI;25 a 29;55;56;30,849999999999998;23
02/2026;HJK;2026;2;VII;30 a 34;75;28;21,1;12
02/2026;HJK;2026;2;VIII;> 34;85;16;13,65;13
02/2026;HJXXIII;2026;2;I;0 a 4;4;3;0,12;1
02/2026;HJXXIII;2026;2;II;5 a 9;8;16;1,28;0
02/2026;HJXXIII;2026;2;III;10 a 14;15;17;2,55;0
02/2026;HJXXIII;2026;2;IV;15 a 19;25;18;4,5;4
02/2026;HJXXIII;2026;2;V;20 a 24;40;20;8,0;7
02/2026;HJXXIII;2026;2;VI;25 a 29;55;12;6,6;1
02/2026;HJXXIII;2026;2;VII;30 a 34;75;3;2,25;2
02/2026;HJXXIII;2026;2;VIII;> 34;85;2;1,7;2
02/2026;HRAD;2026;2;I;0 a 4;4;2;0,08;0
02/2026;HRAD;2026;2;II;5 a 9;8;7;0,56;0
02/2026;HRAD;2026;2;III;10 a 14;15;5;0,75;0
02/2026;HRAD;2026;2;IV;15 a 19;25;4;1,0;0
02/2026;HRAD;2026;2;V;20 a 24;40;6;2,4;1
02/2026;HRAD;2026;2;VI;25 a 29;55;8;4,4;3
02/2026;HRAD;2026;2;VII;30 a 34;75;0;0,0;0
02/2026;HRAD;2026;2;VIII;> 34;85;4;3,4;3
02/2026;HRBJA;2026;2;I;0 a 4;4;2;0,1;1
02/2026;HRBJA;2026;2;II;5 a 9;8;8;0,6;1
02/2026;HRBJA;2026;2;III;10 a 14;15;13;2,0;3
02/2026;HRBJA;2026;2;IV;15 a 19;25;13;3,3;1
02/2026;HRBJA;2026;2;V;20 a 24;40;6;2,4;2
02/2026;HRBJA;2026;2;VI;25 a 29;55;8;4,4;5
02/2026;HRBJA;2026;2;VII;30 a 34;75;5;3,8;3
02/2026;HRBJA;2026;2;VIII;> 34;85;5;4,3;2
02/2026;HRJP;2026;2;I;0 a 4;4;0;0,0;0
02/2026;HRJP;2026;2;II;5 a 9;8;4;0,3;0
02/2026;HRJP;2026;2;III;10 a 14;15;10;1,5;2
02/2026;HRJP;2026;2;IV;15 a 19;25;9;2,3;2
02/2026;HRJP;2026;2;V;20 a 24;40;7;2,8;1
02/2026;HRJP;2026;2;VI;25 a 29;55;2;1,1;1
02/2026;HRJP;2026;2;VII;30 a 34;75;2;1,5;2
02/2026;HRJP;2026;2;VIII;> 34;85;1;0,9;1
02/2026;MOV;2026;2;I;0 a 4;4;3;0,1;0
02/2026;MOV;2026;2;II;5 a 9;8;8;0,6;0
02/2026;MOV;2026;2;III;10 a 14;15;11;1,7;0
02/2026;MOV;2026;2;IV;15 a 19;25;7;1,8;0
02/2026;MOV;2026;2;V;20 a 24;40;2;0,8;0
02/2026;MOV;2026;2;VI;25 a 29;55;0;0,0;0
02/2026;MOV;2026;2;VII;30 a 34;75;1;0,8;1
02/2026;MOV;2026;2;VIII;> 34;85;1;0,9;1
03/2026;HAC;2026;3;I;0 a 4;4;0;0,0;0
03/2026;HAC;2026;3;II;5 a 9;8;2;0,2;0
03/2026;HAC;2026;3;III;10 a 14;15;12;1,8;1
03/2026;HAC;2026;3;IV;15 a 19;25;12;3,0;1
03/2026;HAC;2026;3;V;20 a 24;40;7;2,8;1
03/2026;HAC;2026;3;VI;25 a 29;55;4;2,2;2
03/2026;HAC;2026;3;VII;30 a 34;75;1;0,8;1
03/2026;HAC;2026;3;VIII;> 34;85;0;0,0;0
03/2026;HEM;2026;3;I;0 a 4;4;0;0,0;0
03/2026;HEM;2026;3;II;5 a 9;8;0;0,0;0
03/2026;HEM;2026;3;III;10 a 14;15;11;1,7;4
03/2026;HEM;2026;3;IV;15 a 19;25;7;1,8;2
03/2026;HEM;2026;3;V;20 a 24;40;3;1,2;0
03/2026;HEM;2026;3;VI;25 a 29;55;6;3,3;4
03/2026;HEM;2026;3;VII;30 a 34;75;1;0,8;1
03/2026;HEM;2026;3;VIII;> 34;85;0;0,0;0
03/2026;HJK;2026;3;I;0 a 4;4;89;3,5999999999999996;5
03/2026;HJK;2026;3;II;5 a 9;8;191;15,32;20
03/2026;HJK;2026;3;III;10 a 14;15;214;32,25;12
03/2026;HJK;2026;3;IV;15 a 19;25;195;48,85;26
03/2026;HJK;2026;3;V;20 a 24;40;128;51,2;26
03/2026;HJK;2026;3;VI;25 a 29;55;56;30,849999999999998;23
03/2026;HJK;2026;3;VII;30 a 34;75;28;21,1;12
03/2026;HJK;2026;3;VIII;> 34;85;16;13,65;13
03/2026;HJXXIII;2026;3;I;0 a 4;4;3;0,12;0
03/2026;HJXXIII;2026;3;II;5 a 9;8;16;1,28;2
03/2026;HJXXIII;2026;3;III;10 a 14;15;34;5,1;1
03/2026;HJXXIII;2026;3;IV;15 a 19;25;16;4,0;3
03/2026;HJXXIII;2026;3;V;20 a 24;40;17;6,8;3
03/2026;HJXXIII;2026;3;VI;25 a 29;55;7;3,85;4
03/2026;HJXXIII;2026;3;VII;30 a 34;75;4;3,0;2
03/2026;HJXXIII;2026;3;VIII;> 34;85;4;3,4;2
03/2026;HRAD;2026;3;I;0 a 4;4;1;0,04;0
03/2026;HRAD;2026;3;II;5 a 9;8;5;0,4;0
03/2026;HRAD;2026;3;III;10 a 14;15;9;1,35;0
03/2026;HRAD;2026;3;IV;15 a 19;25;11;2,75;2
03/2026;HRAD;2026;3;V;20 a 24;40;6;2,4;1
03/2026;HRAD;2026;3;VI;25 a 29;55;5;2,75;2
03/2026;HRAD;2026;3;VII;30 a 34;75;3;2,25;2
03/2026;HRAD;2026;3;VIII;> 34;85;1;0,85;0
03/2026;HRBJA;2026;3;I;0 a 4;4;2;0,1;0
03/2026;HRBJA;2026;3;II;5 a 9;8;13;1,0;0
03/2026;HRBJA;2026;3;III;10 a 14;15;16;2,4;0
03/2026;HRBJA;2026;3;IV;15 a 19;25;13;3,3;1
03/2026;HRBJA;2026;3;V;20 a 24;40;13;5,2;5
03/2026;HRBJA;2026;3;VI;25 a 29;55;7;3,9;3
03/2026;HRBJA;2026;3;VII;30 a 34;75;5;3,8;3
03/2026;HRBJA;2026;3;VIII;> 34;85;10;8,5;7
03/2026;HRJP;2026;3;I;0 a 4;4;1;0,0;0
03/2026;HRJP;2026;3;II;5 a 9;8;7;0,6;0
03/2026;HRJP;2026;3;III;10 a 14;15;9;1,4;1
03/2026;HRJP;2026;3;IV;15 a 19;25;13;3,3;1
03/2026;HRJP;2026;3;V;20 a 24;40;8;3,2;1
03/2026;HRJP;2026;3;VI;25 a 29;55;7;3,9;1
03/2026;HRJP;2026;3;VII;30 a 34;75;4;3,0;3
03/2026;HRJP;2026;3;VIII;> 34;85;0;0,0;0
03/2026;MOV;2026;3;I;0 a 4;4;3;0,1;0
03/2026;MOV;2026;3;II;5 a 9;8;7;0,6;0
03/2026;MOV;2026;3;III;10 a 14;15;4;0,6;0
03/2026;MOV;2026;3;IV;15 a 19;25;5;1,3;1
03/2026;MOV;2026;3;V;20 a 24;40;2;0,8;1
03/2026;MOV;2026;3;VI;25 a 29;55;2;1,1;0
03/2026;MOV;2026;3;VII;30 a 34;75;1;0,8;1
03/2026;MOV;2026;3;VIII;> 34;85;0;0,0;0
04/2026;HAC;2026;4;I;0 a 4;4;1;0,0;0
04/2026;HAC;2026;4;II;5 a 9;8;13;1,0;1
04/2026;HAC;2026;4;III;10 a 14;15;13;2,0;0
04/2026;HAC;2026;4;IV;15 a 19;25;11;2,8;4
04/2026;HAC;2026;4;V;20 a 24;40;2;0,8;2
04/2026;HAC;2026;4;VI;25 a 29;55;3;1,7;1
04/2026;HAC;2026;4;VII;30 a 34;75;0;0,0;0
04/2026;HAC;2026;4;VIII;> 34;85;0;0,0;0
04/2026;HEM;2026;4;I;0 a 4;4;0;0,0;0
04/2026;HEM;2026;4;II;5 a 9;8;0;0,0;0
04/2026;HEM;2026;4;III;10 a 14;15;11;1,7;0
04/2026;HEM;2026;4;IV;15 a 19;25;8;2,0;3
04/2026;HEM;2026;4;V;20 a 24;40;2;0,8;1
04/2026;HEM;2026;4;VI;25 a 29;55;4;2,2;1
04/2026;HEM;2026;4;VII;30 a 34;75;0;0,0;0
04/2026;HEM;2026;4;VIII;> 34;85;0;0,0;0
04/2026;HJK;2026;4;I;0 a 4;4;89;3,5999999999999996;5
04/2026;HJK;2026;4;II;5 a 9;8;191;15,32;20
04/2026;HJK;2026;4;III;10 a 14;15;214;32,25;12
04/2026;HJK;2026;4;IV;15 a 19;25;195;48,85;26
04/2026;HJK;2026;4;V;20 a 24;40;128;51,2;26
04/2026;HJK;2026;4;VI;25 a 29;55;56;30,849999999999998;23
04/2026;HJK;2026;4;VII;30 a 34;75;28;21,1;12
04/2026;HJK;2026;4;VIII;> 34;85;16;13,65;13
04/2026;HJXXIII;2026;4;I;0 a 4;4;1;0,04;0
04/2026;HJXXIII;2026;4;II;5 a 9;8;9;0,72;0
04/2026;HJXXIII;2026;4;III;10 a 14;15;41;6,15;2
04/2026;HJXXIII;2026;4;IV;15 a 19;25;44;11,0;0
04/2026;HJXXIII;2026;4;V;20 a 24;40;22;8,8;2
04/2026;HJXXIII;2026;4;VI;25 a 29;55;13;7,15;4
04/2026;HJXXIII;2026;4;VII;30 a 34;75;12;9,0;6
04/2026;HJXXIII;2026;4;VIII;> 34;85;9;7,65;5
04/2026;HRAD;2026;4;I;0 a 4;4;1;0,04;0
04/2026;HRAD;2026;4;II;5 a 9;8;7;0,56;0
04/2026;HRAD;2026;4;III;10 a 14;15;13;1,95;1
04/2026;HRAD;2026;4;IV;15 a 19;25;9;2,25;2
04/2026;HRAD;2026;4;V;20 a 24;40;12;4,8;4
04/2026;HRAD;2026;4;VI;25 a 29;55;3;1,65;1
04/2026;HRAD;2026;4;VII;30 a 34;75;7;5,25;3
04/2026;HRAD;2026;4;VIII;> 34;85;2;1,7;1
04/2026;HRBJA;2026;4;I;0 a 4;4;2;0,1;0
04/2026;HRBJA;2026;4;II;5 a 9;8;7;0,6;0
04/2026;HRBJA;2026;4;III;10 a 14;15;21;3,2;2
04/2026;HRBJA;2026;4;IV;15 a 19;25;18;4,5;3
04/2026;HRBJA;2026;4;V;20 a 24;40;12;4,8;1
04/2026;HRBJA;2026;4;VI;25 a 29;55;8;4,4;4
04/2026;HRBJA;2026;4;VII;30 a 34;75;8;6,0;3
04/2026;HRBJA;2026;4;VIII;> 34;85;5;4,3;4
04/2026;HRJP;2026;4;I;0 a 4;4;2;0,1;1
04/2026;HRJP;2026;4;II;5 a 9;8;1;0,1;0
04/2026;HRJP;2026;4;III;10 a 14;15;8;1,2;1
04/2026;HRJP;2026;4;IV;15 a 19;25;9;2,3;1
04/2026;HRJP;2026;4;V;20 a 24;40;12;4,8;4
04/2026;HRJP;2026;4;VI;25 a 29;55;8;4,4;2
04/2026;HRJP;2026;4;VII;30 a 34;75;3;2,3;0
04/2026;HRJP;2026;4;VIII;> 34;85;3;2,6;1
04/2026;MOV;2026;4;I;0 a 4;4;2;0,1;0
04/2026;MOV;2026;4;II;5 a 9;8;7;0,6;0
04/2026;MOV;2026;4;III;10 a 14;15;10;1,5;0
04/2026;MOV;2026;4;IV;15 a 19;25;4;1,0;0
04/2026;MOV;2026;4;V;20 a 24;40;2;0,8;0
04/2026;MOV;2026;4;VI;25 a 29;55;3;1,7;0
04/2026;MOV;2026;4;VII;30 a 34;75;1;0,8;0
04/2026;MOV;2026;4;VIII;> 34;85;3;2,6;1
05/2026;HAC;2026;5;I;0 a 4;4;2;0,1;0
05/2026;HAC;2026;5;II;5 a 9;8;7;0,6;0
05/2026;HAC;2026;5;III;10 a 14;15;15;2,3;0
05/2026;HAC;2026;5;IV;15 a 19;25;8;2,0;2
05/2026;HAC;2026;5;V;20 a 24;40;3;1,2;1
05/2026;HAC;2026;5;VI;25 a 29;55;0;0,0;0
05/2026;HAC;2026;5;VII;30 a 34;75;0;0,0;0
05/2026;HAC;2026;5;VIII;> 34;85;0;0,0;0
05/2026;HEM;2026;5;I;0 a 4;4;1;0,0;0
05/2026;HEM;2026;5;II;5 a 9;8;6;0,5;2
05/2026;HEM;2026;5;III;10 a 14;15;6;0,9;2
05/2026;HEM;2026;5;IV;15 a 19;25;4;1,0;2
05/2026;HEM;2026;5;V;20 a 24;40;7;2,8;4
05/2026;HEM;2026;5;VI;25 a 29;55;5;2,8;1
05/2026;HEM;2026;5;VII;30 a 34;75;0;0,0;0
05/2026;HEM;2026;5;VIII;> 34;85;0;0,0;0
05/2026;HJK;2026;5;I;0 a 4;4;89;3,5999999999999996;5
05/2026;HJK;2026;5;II;5 a 9;8;191;15,32;20
05/2026;HJK;2026;5;III;10 a 14;15;214;32,25;12
05/2026;HJK;2026;5;IV;15 a 19;25;195;48,85;26
05/2026;HJK;2026;5;V;20 a 24;40;128;51,2;26
05/2026;HJK;2026;5;VI;25 a 29;55;56;30,849999999999998;23
05/2026;HJK;2026;5;VII;30 a 34;75;28;21,1;12
05/2026;HJK;2026;5;VIII;> 34;85;16;13,65;13
05/2026;HJXXIII;2026;5;I;0 a 4;4;18;0,72;0
05/2026;HJXXIII;2026;5;II;5 a 9;8;16;1,28;0
05/2026;HJXXIII;2026;5;III;10 a 14;15;54;8,1;2
05/2026;HJXXIII;2026;5;IV;15 a 19;25;52;13,0;6
05/2026;HJXXIII;2026;5;V;20 a 24;40;33;13,2;10
05/2026;HJXXIII;2026;5;VI;25 a 29;55;5;2,75;3
05/2026;HJXXIII;2026;5;VII;30 a 34;75;2;1,5;1
05/2026;HJXXIII;2026;5;VIII;> 34;85;1;0,85;1
05/2026;HRAD;2026;5;I;0 a 4;4;0;0,0;0
05/2026;HRAD;2026;5;II;5 a 9;8;2;0,16;0
05/2026;HRAD;2026;5;III;10 a 14;15;7;1,05;1
05/2026;HRAD;2026;5;IV;15 a 19;25;6;1,5;1
05/2026;HRAD;2026;5;V;20 a 24;40;9;3,6;3
05/2026;HRAD;2026;5;VI;25 a 29;55;6;3,3;3
05/2026;HRAD;2026;5;VII;30 a 34;75;4;3,0;2
05/2026;HRAD;2026;5;VIII;> 34;85;1;0,85;0
05/2026;HRBJA;2026;5;I;0 a 4;4;1;0,0;0
05/2026;HRBJA;2026;5;II;5 a 9;8;7;0,6;0
05/2026;HRBJA;2026;5;III;10 a 14;15;32;4,8;3
05/2026;HRBJA;2026;5;IV;15 a 19;25;11;2,8;2
05/2026;HRBJA;2026;5;V;20 a 24;40;8;3,2;3
05/2026;HRBJA;2026;5;VI;25 a 29;55;7;3,9;3
05/2026;HRBJA;2026;5;VII;30 a 34;75;7;5,3;4
05/2026;HRBJA;2026;5;VIII;> 34;85;4;3,4;3
05/2026;HRJP;2026;5;I;0 a 4;4;0;0,0;0
05/2026;HRJP;2026;5;II;5 a 9;8;1;0,1;0
05/2026;HRJP;2026;5;III;10 a 14;15;8;1,2;2
05/2026;HRJP;2026;5;IV;15 a 19;25;3;0,8;1
05/2026;HRJP;2026;5;V;20 a 24;40;4;1,6;1
05/2026;HRJP;2026;5;VI;25 a 29;55;6;3,3;3
05/2026;HRJP;2026;5;VII;30 a 34;75;3;2,3;2
05/2026;HRJP;2026;5;VIII;> 34;85;7;6,0;4
05/2026;MOV;2026;5;I;0 a 4;4;3;0,1;0
05/2026;MOV;2026;5;II;5 a 9;8;6;0,5;0
05/2026;MOV;2026;5;III;10 a 14;15;12;1,8;0
05/2026;MOV;2026;5;IV;15 a 19;25;5;1,3;0
05/2026;MOV;2026;5;V;20 a 24;40;4;1,6;0
05/2026;MOV;2026;5;VI;25 a 29;55;1;0,6;0
05/2026;MOV;2026;5;VII;30 a 34;75;0;0,0;0
05/2026;MOV;2026;5;VIII;> 34;85;2;1,7;2
06/2026;HAC;2026;6;I;0 a 4;4;2;0,1;0
06/2026;HAC;2026;6;II;5 a 9;8;7;0,6;0
06/2026;HAC;2026;6;III;10 a 14;15;12;1,8;1
06/2026;HAC;2026;6;IV;15 a 19;25;8;2,0;2
06/2026;HAC;2026;6;V;20 a 24;40;5;2,0;1
06/2026;HAC;2026;6;VI;25 a 29;55;1;0,6;0
06/2026;HAC;2026;6;VII;30 a 34;75;0;0,0;0
06/2026;HAC;2026;6;VIII;> 34;85;0;0,0;0
06/2026;HEM;2026;6;I;0 a 4;4;2;0,1;0
06/2026;HEM;2026;6;II;5 a 9;8;6;0,5;0
06/2026;HEM;2026;6;III;10 a 14;15;6;0,9;0
06/2026;HEM;2026;6;IV;15 a 19;25;7;1,8;1
06/2026;HEM;2026;6;V;20 a 24;40;7;2,8;3
06/2026;HEM;2026;6;VI;25 a 29;55;3;1,7;1
06/2026;HEM;2026;6;VII;30 a 34;75;1;0,8;1
06/2026;HEM;2026;6;VIII;> 34;85;0;0,0;0
06/2026;HJK;2026;6;I;0 a 4;4;89;3,5999999999999996;5
06/2026;HJK;2026;6;II;5 a 9;8;191;15,32;20
06/2026;HJK;2026;6;III;10 a 14;15;214;32,25;12
06/2026;HJK;2026;6;IV;15 a 19;25;195;48,85;26
06/2026;HJK;2026;6;V;20 a 24;40;128;51,2;26
06/2026;HJK;2026;6;VI;25 a 29;55;56;30,849999999999998;23
06/2026;HJK;2026;6;VII;30 a 34;75;28;21,1;12
06/2026;HJK;2026;6;VIII;> 34;85;16;13,65;13
06/2026;HJXXIII;2026;6;I;0 a 4;4;14;0,56;2
06/2026;HJXXIII;2026;6;II;5 a 9;8;38;3,04;0
06/2026;HJXXIII;2026;6;III;10 a 14;15;51;7,65;3
06/2026;HJXXIII;2026;6;IV;15 a 19;25;25;6,25;3
06/2026;HJXXIII;2026;6;V;20 a 24;40;28;11,2;7
06/2026;HJXXIII;2026;6;VI;25 a 29;55;8;4,4;5
06/2026;HJXXIII;2026;6;VII;30 a 34;75;5;3,75;3
06/2026;HJXXIII;2026;6;VIII;> 34;85;0;0,0;0
06/2026;HRAD;2026;6;I;0 a 4;4;1;0,04;0
06/2026;HRAD;2026;6;II;5 a 9;8;5;0,4;0
06/2026;HRAD;2026;6;III;10 a 14;15;3;0,45;0
06/2026;HRAD;2026;6;IV;15 a 19;25;9;2,25;1
06/2026;HRAD;2026;6;V;20 a 24;40;10;4,0;3
06/2026;HRAD;2026;6;VI;25 a 29;55;6;3,3;3
06/2026;HRAD;2026;6;VII;30 a 34;75;2;1,5;1
06/2026;HRAD;2026;6;VIII;> 34;85;2;1,7;1
06/2026;HRBJA;2026;6;I;0 a 4;4;1;0,0;0
06/2026;HRBJA;2026;6;II;5 a 9;8;8;0,6;1
06/2026;HRBJA;2026;6;III;10 a 14;15;6;0,9;0
06/2026;HRBJA;2026;6;IV;15 a 19;25;12;3,0;0
06/2026;HRBJA;2026;6;V;20 a 24;40;8;3,2;3
06/2026;HRBJA;2026;6;VI;25 a 29;55;11;6,1;2
06/2026;HRBJA;2026;6;VII;30 a 34;75;3;2,3;2
06/2026;HRBJA;2026;6;VIII;> 34;85;3;2,6;2
06/2026;HRJP;2026;6;I;0 a 4;4;1;0,0;0
06/2026;HRJP;2026;6;II;5 a 9;8;4;0,3;0
06/2026;HRJP;2026;6;III;10 a 14;15;4;0,6;1
06/2026;HRJP;2026;6;IV;15 a 19;25;9;2,3;2
06/2026;HRJP;2026;6;V;20 a 24;40;4;1,6;2
06/2026;HRJP;2026;6;VI;25 a 29;55;5;2,8;2
06/2026;HRJP;2026;6;VII;30 a 34;75;3;2,3;1
06/2026;HRJP;2026;6;VIII;> 34;85;4;3,4;3
06/2026;MOV;2026;6;I;0 a 4;4;5;0,2;0
06/2026;MOV;2026;6;II;5 a 9;8;8;0,6;0
06/2026;MOV;2026;6;III;10 a 14;15;5;0,8;0
06/2026;MOV;2026;6;IV;15 a 19;25;1;0,3;1
06/2026;MOV;2026;6;V;20 a 24;40;3;1,2;1
06/2026;MOV;2026;6;VI;25 a 29;55;0;0,0;0
06/2026;MOV;2026;6;VII;30 a 34;75;0;0,0;0
06/2026;MOV;2026;6;VIII;> 34;85;0;0,0;0
07/2026;HAC;2026;7;I;0 a 4;4;1;0,0;0
07/2026;HAC;2026;7;II;5 a 9;8;1;0,1;1
07/2026;HAC;2026;7;III;10 a 14;15;10;1,5;1
07/2026;HAC;2026;7;IV;15 a 19;25;6;1,5;2
07/2026;HAC;2026;7;V;20 a 24;40;2;0,8;0
07/2026;HAC;2026;7;VI;25 a 29;55;1;0,6;0
07/2026;HAC;2026;7;VII;30 a 34;75;1;0,8;1
07/2026;HAC;2026;7;VIII;> 34;85;0;0,0;0
07/2026;HEM;2026;7;I;0 a 4;4;1;0,0;0
07/2026;HEM;2026;7;II;5 a 9;8;4;0,3;0
07/2026;HEM;2026;7;III;10 a 14;15;4;0,6;0
07/2026;HEM;2026;7;IV;15 a 19;25;6;1,5;3
07/2026;HEM;2026;7;V;20 a 24;40;2;0,8;1
07/2026;HEM;2026;7;VI;25 a 29;55;5;2,8;3
07/2026;HEM;2026;7;VII;30 a 34;75;1;0,8;1
07/2026;HEM;2026;7;VIII;> 34;85;0;0,0;0
07/2026;HJK;2026;7;I;0 a 4;4;89;3,5999999999999996;5
07/2026;HJK;2026;7;II;5 a 9;8;191;15,32;20
07/2026;HJK;2026;7;III;10 a 14;15;214;32,25;12
07/2026;HJK;2026;7;IV;15 a 19;25;195;48,85;26
07/2026;HJK;2026;7;V;20 a 24;40;128;51,2;26
07/2026;HJK;2026;7;VI;25 a 29;55;56;30,849999999999998;23
07/2026;HJK;2026;7;VII;30 a 34;75;28;21,1;12
07/2026;HJK;2026;7;VIII;> 34;85;16;13,65;13
07/2026;HJXXIII;2026;7;I;0 a 4;4;10;0,4;0
07/2026;HJXXIII;2026;7;II;5 a 9;8;36;2,88;1
07/2026;HJXXIII;2026;7;III;10 a 14;15;39;5,85;2
07/2026;HJXXIII;2026;7;IV;15 a 19;25;33;8,25;3
07/2026;HJXXIII;2026;7;V;20 a 24;40;32;12,8;5
07/2026;HJXXIII;2026;7;VI;25 a 29;55;6;3,3;2
07/2026;HJXXIII;2026;7;VII;30 a 34;75;4;3,0;1
07/2026;HJXXIII;2026;7;VIII;> 34;85;3;2,55;3
07/2026;HRAD;2026;7;I;0 a 4;4;0;0,0;0
07/2026;HRAD;2026;7;II;5 a 9;8;0;0,0;0
07/2026;HRAD;2026;7;III;10 a 14;15;0;0,0;0
07/2026;HRAD;2026;7;IV;15 a 19;25;0;0,0;0
07/2026;HRAD;2026;7;V;20 a 24;40;0;0,0;0
07/2026;HRAD;2026;7;VI;25 a 29;55;0;0,0;0
07/2026;HRAD;2026;7;VII;30 a 34;75;0;0,0;0
07/2026;HRAD;2026;7;VIII;> 34;85;0;0,0;0
07/2026;HRBJA;2026;7;I;0 a 4;4;2;0,1;0
07/2026;HRBJA;2026;7;II;5 a 9;8;7;0,6;0
07/2026;HRBJA;2026;7;III;10 a 14;15;10;1,5;2
07/2026;HRBJA;2026;7;IV;15 a 19;25;14;3,5;1
07/2026;HRBJA;2026;7;V;20 a 24;40;13;5,2;5
07/2026;HRBJA;2026;7;VI;25 a 29;55;9;5,0;6
07/2026;HRBJA;2026;7;VII;30 a 34;75;6;4,5;2
07/2026;HRBJA;2026;7;VIII;> 34;85;2;1,7;1
07/2026;HRJP;2026;7;I;0 a 4;4;0;0,0;0
07/2026;HRJP;2026;7;II;5 a 9;8;5;0,4;0
07/2026;HRJP;2026;7;III;10 a 14;15;15;2,3;3
07/2026;HRJP;2026;7;IV;15 a 19;25;6;1,5;0
07/2026;HRJP;2026;7;V;20 a 24;40;10;4,0;0
07/2026;HRJP;2026;7;VI;25 a 29;55;7;3,9;3
07/2026;HRJP;2026;7;VII;30 a 34;75;4;3,0;1
07/2026;HRJP;2026;7;VIII;> 34;85;7;6,0;5
07/2026;MOV;2026;7;I;0 a 4;4;6;0,2;0
07/2026;MOV;2026;7;II;5 a 9;8;10;0,8;0
07/2026;MOV;2026;7;III;10 a 14;15;4;0,6;0
07/2026;MOV;2026;7;IV;15 a 19;25;3;0,8;0
07/2026;MOV;2026;7;V;20 a 24;40;3;1,2;0
07/2026;MOV;2026;7;VI;25 a 29;55;1;0,6;0
07/2026;MOV;2026;7;VII;30 a 34;75;2;1,5;1
07/2026;MOV;2026;7;VIII;> 34;85;0;0,0;0
